CustomerID,TotalCharges,Predicted_Remaining_LTV,Predicted_Total_LTV
7590-VHVEG,29.85,1020.39734,1050.2473388671874
5575-GNVDE,1889.5,1885.0791,3774.5791015625
7795-CFOCW,1840.75,1042.6764,2883.4263916015625
1452-KIOVK,1949.4,2025.0338,3974.4338134765626
6713-OKOMC,301.9,780.05304,1081.9530395507813
6388-TABGU,3487.95,392.85837,3880.8083679199217
9763-GRSKD,587.45,1412.2483,1999.698291015625
7469-LKBCI,326.8,1060.4071,1387.2071044921875
8091-TTVAX,5681.1,1070.386,6751.485986328125
5129-JLPIS,2686.05,2382.5386,5068.58857421875
3655-SNQYZ,7895.15,327.802,8222.952001953125
8191-XWSZG,1022.95,338.35083,1361.300830078125
9959-WOFKT,7382.25,174.70314,7556.953140258789
4183-MYFRB,1862.9,1295.0659,3157.96591796875
1680-VDCWW,202.25,1157.9342,1360.1842041015625
3638-WEABW,3505.1,768.37244,4273.472436523438
6322-HRPFA,2970.3,967.9075,3938.207470703125
6865-JZNKO,1530.6,1213.4315,2744.0315185546874
5248-YGIJN,6369.45,0.0,6369.45
3841-NFECX,6766.95,81.04411,6847.9941131591795
4929-XIHVW,181.65,4028.1218,4209.771826171875
6827-IEAUQ,1874.45,2851.6873,4726.137255859375
7310-EGVHZ,20.2,1061.3689,1081.568896484375
3413-BMNZE,45.25,1461.9885,1507.238525390625
6234-RAAPL,7251.7,0.7264186,7252.426418614387
6572-ADKRS,3548.3,397.92487,3946.2248657226564
8865-TNMNX,475.7,2302.5583,2778.258349609375
9489-DEDVP,4872.35,126.724045,4999.074044799805
9867-JCZSP,418.25,1026.7637,1445.013671875
4671-VJLCL,4861.45,707.647,5569.09697265625
4080-IIARD,981.45,3607.2385,4588.688525390625
3714-NTNFO,3906.7,0.0,3906.7
5948-UJZLF,97.0,1576.7494,1673.7493896484375
7639-LIAYI,4217.8,1635.1322,5852.932202148438
2954-PIBKO,4254.1,171.85709,4425.957086181641
8012-SOUDQ,3838.75,332.01126,4170.761260986328
6575-SUVOI,1752.65,2426.7012,4179.351171875
4667-QONEA,4456.35,868.0151,5324.365075683594
8769-KKTPH,6311.2,706.697,7017.897021484375
5067-XJQFU,7076.35,468.9482,7545.298211669922
3957-SQXML,894.3,897.1034,1791.4033935546875
5954-BDFSG,7853.7,22.20731,7875.9073097229
0434-CSFON,4707.1,353.4785,5060.578485107422
1215-FIGMP,5450.7,138.457,5589.157000732422
0526-SXDJP,2962.0,0.0,2962.0
0557-ASKVU,957.1,2686.7063,3643.806298828125
5122-CYFXA,244.1,2796.6387,3040.738671875
8627-ZYGSZ,3650.35,1275.9219,4926.271875
3410-YOQBQ,2497.2,3184.9402,5682.140185546875
3170-NMYVV,930.9,444.80292,1375.7029174804688
7410-OIEDU,887.35,1749.1047,2636.454736328125
2273-QCKXA,49.05,1328.3274,1377.377392578125
0731-EBJQB,1090.65,374.7653,1465.4152893066407
1891-QRQSA,7099.0,835.8662,7934.8662109375
8028-PNXHQ,1424.6,233.3751,1657.9751068115233
5630-AHZIL,177.4,3187.2568,3364.6568359375
2673-CXQEU,6139.5,1345.111,7484.6109619140625
6416-JNVRK,2688.85,1094.0219,3782.8718505859374
5590-ZSKRV,482.25,2354.2744,2836.5244140625
0191-ZHSKZ,2111.3,1316.5048,3427.8047607421877
3887-PBQAO,1216.6,618.85187,1835.4518676757812
8108-UXRQN,565.35,1923.6929,2489.04287109375
9919-YLNNG,4327.5,1414.1758,5741.67578125
0318-ZOPWS,973.35,464.8476,1438.1975952148437
4445-ZJNMU,918.75,3366.2683,4285.018310546875
4808-YNLEU,2215.45,1996.4175,4211.86748046875
1862-QRWPE,1057.0,482.03632,1539.0363159179688
2796-NNUFI,927.1,491.91254,1419.0125366210937
3016-KSVCP,1009.25,341.1464,1350.3963928222656
4767-HZZHQ,2570.2,1892.4545,4462.654467773437
2424-WVHPL,74.7,1479.96,1554.6599609375
7233-PAHHL,5714.25,438.52612,6152.776123046875
6067-NGCEU,7107.0,274.2323,7381.2322998046875
9848-JQJTX,7459.05,50.040104,7509.090103912354
9803-FTJCG,4748.7,56.354298,4805.054297637939
3212-KXOCR,1107.2,415.12936,1522.329364013672
6380-ARCEH,20.2,876.4153,896.615283203125
3679-XASPY,19.45,974.9116,994.36162109375
7123-WQUHX,3605.6,2745.7986,6351.398583984375
5386-THSLQ,3027.25,106.756714,3134.0067138671875
6180-YBIQI,100.2,498.60883,598.8088256835938
6728-DKUCO,7303.05,10.160346,7313.210346031189
9750-BOOHV,927.65,965.57245,1893.2224487304688
8597-CWYHH,3921.3,1601.1501,5522.450146484375
2848-YXSMW,1363.25,0.0,1363.25
4549-ZDQYY,3042.25,1104.4906,4146.7406005859375
5712-AHQNN,3954.1,313.61038,4267.7103820800785
5256-SKJGO,3423.5,438.72754,3862.2275390625
3071-VBYPO,248.4,3761.5093,4009.90927734375
9560-BBZXK,1126.35,1112.313,2238.66298828125
8402-OOOHJ,835.15,625.0075,1460.1575073242188
9445-ZUEQE,2151.6,2588.1917,4739.791650390625
1091-SOZGA,5515.45,1198.8478,6714.297778320312
2928-HLDBA,112.75,803.84766,916.59765625
6497-TILVL,350.35,1812.7865,2163.1364990234374
7219-TLZHO,62.9,971.30396,1034.203955078125
4622-YNKIJ,3027.65,3147.7727,6175.422705078125
6734-PSBAW,1723.95,0.0,1723.95
3930-ZGWVE,19.75,847.22906,866.9790649414062
2639-UGMAZ,3985.35,23.645998,4008.9959980010985
2876-GZYZC,1215.65,820.3802,2036.0301879882813
8587-XYZSF,3260.1,366.98444,3627.084436035156
7799-LGRDP,1188.2,665.72424,1853.9242431640625
7850-VWJUU,1778.5,1285.6079,3064.10791015625
3774-VBNXY,1277.75,166.937,1444.686996459961
6217-KDYWC,1170.55,277.44357,1447.9935729980468
3146-MSEGF,6425.65,9.290115,6434.940115356445
1095-WGNGG,5971.25,977.48627,6948.736267089844
2636-SJDOU,5289.05,433.64426,5722.694256591797
1131-QQZEB,1756.2,10.503326,1766.7033264160157
5716-EZXZN,6416.7,649.3702,7066.070178222656
6837-BJYDQ,61.35,1191.0117,1252.36171875
6440-DKQGE,1929.95,2464.178,4394.127978515625
3466-BYAVD,1071.4,2626.5417,3697.941748046875
3780-YVMFA,564.35,2180.5906,2744.940576171875
1679-JRFBR,7930.55,198.01306,8128.563061523438
9073-ZZIAY,5215.25,829.09155,6044.341552734375
3077-RSNTJ,113.5,926.4015,1039.9014892578125
6551-GNYDG,1152.8,1756.6467,2909.446728515625
9167-APMXZ,1821.95,940.8009,2762.7509033203123
2749-CTKAJ,419.9,931.7145,1351.6144775390626
6371-NZYEG,1024.0,3508.8848,4532.884765625
7554-NEWDD,251.6,1444.887,1696.486962890625
8992-VONJD,764.55,1428.6643,2193.214306640625
4482-EWFMI,135.2,533.75415,668.954150390625
4648-YPBTM,3958.25,1392.0427,5350.292724609375
2907-ILJBN,233.9,1164.9541,1398.8541015625
6345-FZOQH,1363.45,57.34173,1420.7917282104493
5997-OPVFA,6254.45,5.581698,6260.031697940826
1159-WFSGR,321.4,745.8192,1067.2192138671876
7654-YWJUF,3539.25,2216.1887,5755.438720703125
6727-IOTLZ,1181.75,4643.117,5824.8671875
5918-VUKWP,654.55,769.5063,1424.0562866210937
1744-JHKYS,780.2,569.1806,1349.3806030273438
5947-SGKCL,1559.25,3971.831,5531.0810546875
3712-PKXZA,1252.0,174.27802,1426.2780151367188
6582-OIVSP,45.3,839.39233,884.692333984375
5524-KHNJP,2453.3,2727.0671,5180.367138671875
4827-USJHP,1023.85,798.0223,1821.8722778320312
8167-GJLRN,82.15,857.4129,939.5629028320312
0956-SYCWG,244.8,1066.4144,1311.2144287109375
8017-UVSZU,2379.1,1058.6445,3437.74453125
7100-FQPRV,3173.35,1883.6979,5057.047875976563
2984-RGEYA,1375.4,61.082886,1436.4828857421876
9680-NIAUV,8129.3,15.949904,8145.249904441834
2146-EGVDT,1192.7,240.11488,1432.8148834228516
2604-IJPDU,1901.65,2952.9824,4854.632421875
9178-JHUVJ,587.4,1140.7407,1728.14072265625
6168-YBYNP,6519.75,381.73206,6901.4820556640625
7255-SSFBC,8041.65,18.229078,8059.879078292846
3645-DEYGF,20.75,901.9064,922.6563720703125
9323-HGFWY,2681.15,3955.2754,6636.425390625
8544-GOQSH,1112.3,2238.408,3350.707958984375
3363-DTIVD,7405.5,104.41023,7509.910232543945
7018-WBJNK,1033.95,1298.5043,2332.4542724609373
9142-KZXOP,2958.95,343.30505,3302.2550537109373
7674-YTAFD,2684.85,2600.7683,5285.618310546875
6348-SNFUS,4179.2,0.0,4179.2
1347-KTTTA,6654.1,643.3889,7297.488916015625
4195-NZGTA,25.25,469.3901,494.6401062011719
7157-SMCFK,1124.2,202.50562,1326.705615234375
4709-LKHYG,540.05,739.72,1279.769970703125
2504-DSHIH,1975.85,1194.5519,3170.4018798828124
0699-NDKJM,3437.45,591.3056,4028.7556030273436
9286-BHDQG,3139.8,7.8960814,3147.6960814476015
0230-WEQUW,3789.2,313.74316,4102.9431640625
2040-LDIWQ,5324.5,558.37665,5882.876647949219
6496-JDSSB,624.6,1280.8173,1905.4172607421874
4443-EMBNA,1836.9,18.053156,1854.953155899048
6469-MRVET,20.2,1334.7723,1354.9723388671875
5961-VUSRV,219.35,1038.6866,1258.0366455078124
6778-JFCMK,1288.75,1935.6888,3224.4388427734375
6341-JVQGF,2545.75,2984.0378,5529.787841796875
4811-JBUVU,2723.15,1474.377,4197.526953125
0945-TSONX,4107.25,2132.4812,6239.731201171875
2651-ZCBXV,5760.65,1900.669,7661.3189453125
3316-UWXUY,4747.5,912.9982,5660.498229980469
7083-MIOPC,1566.9,0.0,1566.9
1984-GPTEH,702.0,530.51996,1232.5199584960938
0621-JFHOL,299.05,1619.5088,1918.5587890625
9903-LYSAB,1305.95,925.98315,2231.933154296875
9227-UAQFT,284.35,1073.4012,1357.7512451171874
7301-ABVAD,6350.5,15.442563,6365.942563056946
6614-FHDBO,7878.3,41.80728,7920.107281494141
7576-ASEJU,3187.65,2126.2373,5313.8873046875
9058-HRZSV,6126.15,164.59584,6290.745840454101
4522-AKYLR,731.3,1337.8958,2069.195751953125
0221-WMXNQ,273.4,1771.428,2044.827978515625
0303-UNCIP,2531.8,1527.1133,4058.91328125
0959-WHOKV,4298.45,2261.2644,6559.714404296875
4075-JFPGR,4619.55,1519.28,6138.830029296875
3282-ZISZV,2633.3,3195.1206,5828.42060546875
3675-YDUPJ,193.05,603.02704,796.0770385742187
4111-BNXIF,4103.9,338.31897,4442.218969726562
7017-VFHAY,7008.15,1216.8915,8225.041479492187
6655-LHBYW,5791.1,2176.6711,7967.771142578125
5046-NUHWD,1228.65,933.38513,2162.0351318359376
7529-ZDFXI,4925.35,282.89954,5208.249536132813
7605-BDWDC,1520.1,2022.0145,3542.1145263671874
1950-KSVVJ,5032.25,2772.1194,7804.369384765625
0123-CRBRT,5526.75,965.0449,6491.794921875
6292-TOSSS,1195.25,499.8911,1695.14111328125
3197-ARFOY,2007.25,2518.3044,4525.554443359375
7014-ZZXAW,1732.95,19.403488,1752.3534881591797
7633-MVPUY,3450.15,869.78015,4319.930151367187
4716-HHKQH,2172.05,3722.4624,5894.51240234375
3179-GBRWV,1339.8,2498.4167,3838.216748046875
8645-KWHJO,771.95,1436.0406,2207.9906494140623
4130-MZLCC,244.75,1898.748,2143.498046875
0314-TKOSI,322.9,1947.236,2270.1359619140626
8229-MYEJZ,498.25,1189.4918,1687.7418212890625
2080-SRCDE,25.4,1170.1815,1195.5815185546876
9577-WJVCQ,3687.75,59.060154,3746.8101539611816
6202-DYYFX,1783.6,2725.1316,4508.731591796875
3808-HFKDE,927.15,199.31184,1126.4618438720704
3727-OWVYD,2021.2,1843.2627,3864.4626953125
2294-SALNE,1940.8,3772.2441,5713.044140625
4847-TAJYI,567.8,859.64575,1427.445751953125
1563-IWQEX,220.35,623.2824,843.6324096679688
8203-XJZRC,20.25,880.5378,900.7877807617188
6556-DBKZF,5436.45,122.35506,5558.805056762695
6851-WEFYX,3437.5,1181.2909,4618.7908935546875
2985-JUUBZ,3015.75,799.9453,3815.6953125
0895-LMRSF,1509.8,2459.9119,3969.711865234375
8266-VBFQL,356.65,2109.3047,2465.9546875
8181-YHCMF,4109.0,232.4367,4341.436706542969
2240-HSJQD,3141.7,488.6914,3630.39140625
1248-DYXUB,1229.1,467.71103,1696.8110290527343
4115-BNPJY,2054.4,3114.765,5169.164892578125
3167-SNQPL,3741.85,1611.797,5353.646997070313
4091-TVOCN,3682.45,1741.2891,5423.7390625
1098-TDVUQ,19.25,916.8717,936.1217041015625
7277-OZCGZ,1886.25,1564.4673,3450.71728515625
1557-EMYVT,4895.1,3118.1326,8013.232568359375
2799-ARNLO,341.6,990.972,1332.5719848632812
5027-YOCXN,5686.4,2200.1074,7886.507421875
3973-SKMLN,1355.1,12.1684,1367.268399810791
6745-JEFZB,3236.35,1529.6583,4766.008325195313
9880-TDQAC,4264.0,46.99633,4310.9963302612305
8705-WZCYL,44.8,763.60376,808.403759765625
7102-JJVTX,422.3,2380.8745,2803.17451171875
8626-PTQGE,4176.7,178.27248,4354.972476196289
4983-CLMLV,5138.1,1114.1549,6252.254907226563
5701-YVSVF,880.05,1620.1642,2500.2141845703127
5697-GOMBF,973.65,346.56564,1320.215643310547
2739-CACDQ,1470.05,1889.815,3359.86494140625
9385-EHGDO,739.35,706.01337,1445.3633666992187
9498-FIMXL,161.95,1097.2389,1259.1888916015625
2379-GYFLQ,4422.95,1925.6364,6348.586352539062
2088-IEBAU,6148.45,329.06293,6477.512927246094
7982-VCELR,3565.65,1100.5605,4666.210546875
6035-BXTTY,1830.1,1199.9979,3030.0979248046874
6885-PKOAM,6223.8,86.4509,6310.250897216797
7520-HQWJU,4508.65,281.74826,4790.3982604980465
9639-BUJXT,1328.15,157.34769,1485.4976867675782
5924-SNGKP,865.0,579.5186,1444.5186157226562
0021-IKXGC,72.1,1060.7122,1132.812158203125
8966-SNIZF,1303.5,36.748447,1340.248447418213
6243-OZGFH,996.85,352.64243,1349.4924255371093
4654-DLAMQ,6430.9,668.5174,7099.417395019531
0513-RBGPE,2278.75,2212.4602,4491.210205078125
5160-UXJED,681.4,1636.5566,2317.956640625
4115-NZRKS,574.35,768.25946,1342.6094604492187
3351-NGXYI,889.0,1318.4911,2207.4910888671875
8984-EYLLL,6823.4,749.9041,7573.304113769531
9833-TGFHX,4016.75,2258.2312,6274.981201171875
9294-TDIPC,83.75,844.19904,927.9490356445312
5229-DTFYB,3959.15,2904.319,6863.469091796875
0104-PPXDV,2878.55,680.18243,3558.7324340820314
5176-LMJXE,945.7,495.4761,1441.1761047363282
3583-KRKMD,1373.05,1430.7621,2803.8120849609377
9069-LGEUL,1406.0,1862.0857,3268.085693359375
7302-ZHMHP,19.15,797.1212,816.2712158203125
9571-EDEBV,6962.85,32.48596,6995.335958099366
3520-FJGCV,8126.65,2.167136,8128.817135953903
6563-VRERX,690.25,724.75116,1415.0011596679688
6122-EFVKN,830.8,1679.556,2510.3560302734377
2805-EDJPQ,5608.4,1431.851,7040.250952148437
6862-CQUMB,3646.8,1176.1558,4822.95576171875
7156-MXBJE,3662.25,2292.027,5954.277099609375
6158-HDPXZ,25.35,536.3323,561.682275390625
2863-IMQDR,5308.7,928.6045,6237.3044921875
5686-CMAWK,1410.25,3665.366,5075.615966796875
5651-CRHKQ,3339.05,2505.0374,5844.087353515625
8204-YJCLA,4732.35,8.014581,4740.364580726624
6583-SZVGP,5067.45,2507.798,7575.248095703125
1708-PBBOA,2348.45,1391.3429,3739.7928955078123
8782-LKFPK,4063.0,304.2829,4367.282897949219
5522-JBWMO,44.0,938.20197,982.2019653320312
3597-MVHJT,2595.25,1111.9625,3707.2125244140625
9774-NRNAU,2309.55,3148.7002,5458.2501953125
0224-RLWWD,89.3,687.1107,776.4107177734375
9967-ATRFS,367.55,548.4578,916.0078247070312
3951-NJCVI,3944.5,351.18057,4295.680572509766
2977-CEBSX,5965.95,513.3788,6479.328784179687
0177-PXBAT,3694.7,3028.2217,6722.9216796875
2519-ERQOJ,1803.7,675.5711,2479.271105957031
5876-QMYLD,415.1,916.35706,1331.4570556640624
2277-AXSDC,624.15,726.6067,1350.756689453125
9442-JTWDL,237.7,1145.6383,1383.3383056640625
3067-SVMTC,3848.8,180.7023,4029.502301025391
5495-GPSRW,419.4,994.9196,1414.3196166992188
7606-BPHHN,1468.75,0.0,1468.75
4742-DRORA,5812.0,904.65784,6716.6578369140625
0111-KLBQG,2861.45,1130.8444,3992.2943603515623
4163-NCJAK,1066.15,570.94434,1637.0943359375
5233-AOZUF,2149.05,523.4525,2672.5025146484377
5973-EJGDP,4473.0,412.9271,4885.927093505859
1996-DBMUS,3545.05,384.08768,3929.1376770019533
7916-VCCPB,1195.75,2048.8105,3244.560546875
4686-GEFRM,6858.9,193.1265,7052.026495361328
5249-QYHEX,1024.7,749.42444,1774.1244384765625
2233-FAGXV,132.25,1124.8378,1257.0877685546875
5605-IYGFG,515.45,1035.1523,1550.60234375
7663-ZTEGJ,2830.45,4007.5806,6838.03056640625
3935-TBRZZ,1110.5,639.80133,1750.3013305664062
8111-BKVDS,449.3,1774.026,2223.3260009765627
2055-SIFSS,2838.55,271.65717,3110.207165527344
2806-MLNTI,5376.4,1835.8691,7212.269140625
8734-DKSTZ,858.6,1737.2356,2595.835595703125
4360-PNRQB,1395.05,1068.2948,2463.3447998046877
6152-ONASV,3975.7,161.63103,4137.3310272216795
7781-HVGMK,4784.45,3.4136512,4787.863651227951
2181-UAESM,119.5,2181.1619,2300.661865234375
6048-NJXHX,899.45,624.68274,1524.1327392578125
2320-SLKMB,1183.8,1032.4513,2216.2512939453127
4980-URKXC,720.05,717.08264,1437.1326416015625
4376-KFVRS,8468.2,5.7588973,8473.958897304536
5886-VLQVU,3161.2,1411.1747,4572.374682617187
3577-AMVUX,55.05,1926.5071,1981.557080078125
0771-WLCLA,1882.55,3921.5093,5804.05927734375
5628-RKIFK,5070.4,1000.237,6070.636999511718
0206-TBWLC,6049.5,1792.1311,7841.631103515625
2937-FTHUR,1166.7,1600.4106,2767.11064453125
1910-FMXJM,2937.65,413.94803,3351.598028564453
0732-OCQOC,1270.25,507.55396,1777.803955078125
5168-MSWXT,759.55,2201.9568,2961.506787109375
1090-ESELR,7611.55,26.552786,7638.102785873413
8592-PLTMQ,1642.75,116.35865,1759.1086502075195
5760-WRAHC,1545.4,2145.3484,3690.748388671875
8847-GEOOQ,3582.4,466.69153,4049.0915283203126
4785-FCIFB,1417.9,271.83298,1689.732977294922
8313-NDOIA,2494.65,1664.9036,4159.553564453125
5149-CUZUJ,2768.35,3865.0522,6633.40224609375
0942-KOWSM,2369.3,3331.7864,5701.086376953125
4237-CLSMM,38.0,1023.3947,1061.3947143554688
1452-VOQCH,75.1,1155.3524,1230.4524169921874
4719-UMSIY,100.9,807.1233,908.023291015625
6614-VBEGU,1614.05,1851.86,3465.9099853515627
1480-BKXGA,8404.9,0.36804888,8405.268048876524
2996-XAUVF,2799.75,209.26141,3009.0114135742188
9076-AXYIK,6538.45,754.9578,7293.407824707031
5968-XQIVE,6588.95,0.0,6588.95
8896-RAZCR,868.1,527.54913,1395.6491333007812
4933-IKULF,330.6,960.7426,1291.3426147460937
1304-BCCFO,564.4,2113.8735,2678.27353515625
4104-PVRPS,1315.35,1566.116,2881.465966796875
3780-DDGSE,2747.2,1397.1584,4144.358447265625
4431-EDMIQ,554.05,3850.381,4404.431103515625
0486-LGCCH,225.75,1218.4154,1444.1654052734375
4612-SSVHJ,1671.6,287.4776,1959.0776000976562
5168-MQQCA,8003.8,12.290624,8016.090623664856
7971-HLVXI,6130.85,8.197429,6139.0474287033085
9094-AZPHK,1415.0,1703.8262,3118.826171875
3649-JPUGY,6201.95,33.502968,6235.4529678344725
4472-LVYGI,0.0,3738.3252,3738.3251953125
3552-CTCYF,6597.25,869.2731,7466.5230712890625
6778-YSNIH,114.15,1592.5763,1706.7262939453126
5756-OZRIO,3902.6,582.60114,4485.201135253907
6579-JPICP,20.4,883.5975,903.9974731445312
4134-BSXLX,1785.65,1801.1674,3586.8173583984376
0505-SPOOW,1397.65,37.263897,1434.9138969421388
4374-YMUSQ,3899.05,4165.741,8064.7912109375
4513-CXYIX,5676.0,43.80494,5719.8049392700195
3957-HHLMR,4543.15,129.04283,4672.192831420898
7803-XOCCZ,4326.8,803.80273,5130.602734375
5736-YEJAX,5502.55,199.59708,5702.147076416016
8981-FJGLA,851.8,1130.18,1981.9800537109375
1135-LMECX,19.85,829.19653,849.046533203125
4332-MUOEZ,1818.3,4819.2183,6637.51826171875
8535-SFUTN,6300.15,110.596794,6410.746794128418
8677-HDZEE,5916.95,565.9899,6482.939929199219
2475-MROZF,2852.4,2873.9683,5726.36826171875
3482-ABPKK,1546.3,2062.891,3609.19111328125
6705-LXORM,302.6,1244.8835,1547.483544921875
7531-GQHME,265.45,874.5938,1140.0438110351563
5174-ITUMV,6989.45,334.43976,7323.889758300781
4109-CYRBD,1442.0,667.2086,2109.2086181640625
0913-XWSCN,4713.4,384.68292,5098.082922363281
0750-EBAIU,4738.3,1311.7151,6050.015087890625
8606-CIQUL,8399.15,0.0,8399.15
3571-DPYUH,5430.35,1122.248,6552.598046875
7601-GNDYK,686.95,709.2482,1396.1982299804688
0356-OBMAC,5706.3,1473.3925,7179.692456054688
8067-NIOYM,490.65,968.9065,1459.556494140625
1403-GYAFU,1360.25,34.383984,1394.6339836120605
4234-XTNEA,174.45,784.2213,958.6713134765625
1297-VQDRP,7379.8,352.86768,7732.66767578125
5348-CAGXB,1021.75,1190.4457,2212.1956787109375
0621-HJWXJ,5029.05,137.23703,5166.287030029297
5844-QVTAT,1955.4,2025.4877,3980.8876708984376
8905-IAZPF,6744.2,174.80853,6919.008532714844
5394-MEITZ,4946.7,942.56,5889.259997558594
6859-QNXIQ,8248.5,18.23656,8266.736560821533
2782-LFZVW,601.6,955.5442,1557.144189453125
2866-IKBTM,19.55,808.7697,828.3197143554687
7129-AZJDE,2647.2,2294.437,4941.63701171875
2560-PPCHE,6744.25,527.13367,7271.3836669921875
4676-MQUEA,5265.5,2090.696,7356.196044921875
8138-EALND,311.6,605.9577,917.5577026367188
3580-HYCSP,7966.9,20.41193,7987.311930084228
1352-HNSAW,8220.4,19.409534,8239.809534454345
2075-PUEPR,1153.25,315.63684,1468.8868408203125
1982-FEBTD,514.75,1276.5272,1791.2772216796875
5791-KAJFD,3808.0,939.4304,4747.430419921875
2654-VBVPB,19.9,1004.83984,1024.73984375
1154-HYWWO,2708.2,1996.9115,4705.111499023437
2501-XWWTZ,760.05,615.5439,1375.5938842773437
3716-UVSPD,49.3,1207.0599,1256.3599365234375
6815-ABQFQ,6033.3,1334.6788,7367.978833007813
7343-EOBEU,89.05,1215.3901,1304.44013671875
3701-SFMUH,516.15,3360.1934,3876.343359375
6103-LIANB,5861.75,1074.1823,6935.9322509765625
7319-VENRZ,445.95,2665.2039,3111.153857421875
5846-NEQVZ,4973.4,79.230545,5052.630545043945
6967-QIQRV,1667.25,5130.1094,6797.359375
5781-RFZRP,5357.75,48.30462,5406.054618835449
0308-IVGOK,422.6,2357.879,2780.47890625
7293-LSCDV,1103.25,232.4432,1335.6932067871094
7025-WCBNE,2754.0,1538.1768,4292.1767578125
5756-JYOJT,697.25,3619.9136,4317.16357421875
6030-REHUX,3204.4,3108.825,6313.224951171875
9548-LIGTA,4747.65,846.9683,5594.618322753906
5150-LJNSR,3082.1,3609.3215,6691.421533203125
8270-RKSAP,597.9,446.49182,1044.3918212890626
6522-YRBXD,3365.4,1984.1653,5349.565283203125
2640-LYMOV,38.8,756.96893,795.7689331054687
1423-BMPBQ,19.0,913.8678,932.8677978515625
2393-DIVAI,61.7,729.2819,790.9819213867188
4568-KNYWR,3342.45,1199.9897,4542.43974609375
8752-IMQOS,85.1,1262.5422,1347.642236328125
0742-LAFQK,7422.1,27.56792,7449.667920684815
0795-LAFGP,6668.05,120.03766,6788.087658691406
0619-OLYUR,8071.05,0.0,8071.05
5512-IDZEI,1174.8,569.1289,1743.92890625
0459-SPZHJ,5435.0,706.42456,6141.424560546875
0215-BQKGS,2438.6,1906.9342,4345.534204101563
9244-ZVAPM,45.6,904.2533,949.8532958984375
8208-EUMTE,916.15,2976.2656,3892.415625
5172-MIGPM,237.2,2145.7085,2382.90849609375
1710-RCXUS,4614.55,1567.8203,6182.3703125
0374-FIUCA,1414.45,151.12955,1565.5795471191407
5839-SUYVZ,1170.5,1437.3833,2607.88330078125
5173-ZXXXL,47.7,1234.897,1282.59697265625
1096-ADRUX,4859.25,273.97302,5133.2230224609375
2001-MCUUW,4903.2,2704.3132,7607.513232421875
2731-GJRDG,3608.0,3919.6772,7527.67724609375
4723-BEGSG,6094.25,0.0,6094.25
6516-NKQBO,3084.9,2762.2695,5847.16953125
8672-OAUPW,2356.75,791.22095,3147.970947265625
8207-DMRVL,8306.05,14.609674,8320.659674453735
2804-ETQDK,1357.1,126.82301,1483.923013305664
6689-VRRTK,4860.35,2634.3591,7494.709130859375
7138-GIRSH,3418.2,1500.1852,4918.385180664062
9396-ZSFLL,631.4,728.5979,1359.997900390625
6464-KEXXH,186.3,730.7828,917.0827758789062
7134-MJPDY,6976.75,407.8031,7384.5531005859375
5240-CAOYT,4884.85,497.087,5381.937005615235
4059-IIEBK,522.95,2093.8306,2616.78056640625
4881-JVQOD,362.6,1201.1405,1563.7405029296874
0516-UXRMT,5755.8,605.86053,6361.660534667969
4851-BQDNX,3355.65,1914.7705,5270.4205078125
5148-HKFIR,406.95,1000.54895,1407.4989501953125
3003-CMDUU,2395.7,1301.0851,3696.7850830078123
5016-IBERQ,1968.1,2239.5552,4207.65517578125
6797-UCJHZ,6819.45,490.82294,7310.272937011719
2469-DTSGX,7943.45,22.256775,7965.706774902344
9931-KGHOA,2473.95,712.92523,3186.8752319335936
1775-KWJKQ,6562.9,2.0975153,6564.997515344619
7665-VIGUD,176.3,1109.6257,1285.925732421875
9411-TPQQV,2236.2,1555.5941,3791.7941162109373
7954-MLBUN,3109.9,3994.6934,7104.593359375
2077-DDHJK,4911.35,304.02673,5215.376733398438
9574-BOSMD,1620.2,124.52382,1744.7238189697266
4908-XAXAY,4287.2,1545.1775,5832.377490234375
8404-VLQFB,394.85,979.0619,1373.9118896484374
2391-IPLOP,3442.15,1313.368,4755.518041992187
3509-GWQGF,1732.6,962.5295,2695.1294799804687
5845-BZZIB,655.3,730.0581,1385.35810546875
1140-UKVZG,475.25,818.5445,1293.7944946289062
5183-SNMJQ,865.1,2528.4297,3393.5296875
8100-PNJMH,6132.7,362.9844,6495.684405517578
7838-LAZFO,3597.5,2087.046,5684.5458984375
2085-JVGAD,697.65,556.6601,1254.3100952148438
8095-WANWK,428.7,631.73157,1060.4315673828125
3030-ZKIWL,20.05,869.9598,890.0097778320312
9565-FLVCG,4459.15,474.49075,4933.640753173828
8755-OGKNA,1167.6,284.15652,1451.756524658203
2800-VEQXM,238.1,959.9231,1198.023095703125
5533-RJFTJ,1453.1,202.39882,1655.4988189697265
0214-JHPFW,4039.3,88.764015,4128.064015197754
5642-MHDQT,1039.45,352.49255,1391.9425537109375
3088-FVYWK,1336.1,486.00388,1822.1038757324218
9092-GDZKO,493.4,913.1328,1406.5328125
3729-OWRVL,7246.15,671.2952,7917.445227050781
2324-AALNO,1203.95,496.30356,1700.2535583496094
5760-IFJOZ,313.6,4087.871,4401.47109375
2826-UWHIS,3775.85,1063.0756,4838.925561523438
7501-IWUNG,4616.05,825.6569,5441.706921386719
4957-TREIR,195.65,3290.3228,3485.97275390625
7251-LJBQN,4188.4,2740.2808,6928.68076171875
8040-MNRTF,71.1,883.595,954.694970703125
1536-HBSWP,49.9,1115.7571,1165.657080078125
5313-FPXWG,1266.4,416.22675,1682.6267456054688
0946-FKYTX,1623.4,406.5048,2029.9047912597657
5076-YVXCM,4149.45,285.44333,4434.893328857422
8262-COGGB,20.45,807.70245,828.1524536132813
6663-JOCQO,2344.5,3123.8633,5468.36328125
9620-QJREV,1013.05,451.86734,1464.9173400878906
2682-KEVRP,417.0,879.4867,1296.4866943359375
2480-JZOSN,20.65,933.0957,953.745703125
0078-XZMHT,6316.2,0.0,6316.2
9978-HYCIN,4018.05,1631.6809,5649.730908203125
8338-QIUNR,4811.6,5.9409065,4817.540906524659
1525-LNLOJ,4189.7,382.32916,4572.029162597656
9450-TRJUU,2848.45,214.71942,3063.1694213867186
1766-GKNMI,2516.2,303.19662,2819.396624755859
6942-LBFDP,33.6,759.0958,792.6958251953125
1456-TWCGB,208.45,1462.683,1671.1329833984375
7596-ZYWBB,3739.8,376.38638,4116.186383056641
8329-UTMVM,2964.0,4287.5815,7251.58154296875
3014-WJKSM,2263.4,1251.5863,3514.9863037109376
3347-YJZZE,2211.8,2656.9937,4868.79365234375
7929-DMBCV,1683.7,1419.7593,3103.45927734375
9661-JALZV,1519.0,336.04025,1855.0402526855469
5433-KYGHE,1164.05,2428.4805,3592.53046875
4312-KFRXN,1710.9,0.0,1710.9
5575-TPIZQ,4245.55,813.5656,5059.115612792969
0114-IGABW,4145.9,18.458998,4164.35899772644
9944-AEXBM,2664.3,777.5256,3441.825573730469
1853-ARAAQ,1277.5,1064.5787,2342.0787353515625
6952-OMNWB,5589.3,41.780483,5631.08048324585
4697-LUPSU,34.75,1329.2788,1364.02880859375
8434-VGEQQ,1305.95,231.5996,1537.549594116211
6549-YMFAW,204.55,886.4551,1091.005078125
4950-HKQTE,605.9,1160.8872,1766.78720703125
6786-OBWQR,356.1,1200.5138,1556.6137939453124
2753-JMMCV,4805.65,506.4146,5312.064611816406
6621-YOBKI,92.75,834.7358,927.4857788085938
1216-JWVUX,1901.05,1032.7502,2933.800244140625
7564-GHCVB,5730.7,1.4056753,5732.105675292015
1173-NOEYG,2423.4,1903.5508,4326.95078125
7595-EHCDL,1653.45,1319.2253,2972.675341796875
6647-ZEDXT,3327.05,4310.344,7637.39423828125
2521-NPUZR,7085.5,191.44629,7276.9462890625
1307-TVUFB,3344.1,740.1041,4084.2041259765624
7503-MIOGA,6697.35,0.0,6697.35
4381-MHQDC,2879.9,1575.8864,4455.786352539062
6923-JHPMP,137.1,2154.857,2291.95693359375
4018-PPNDW,1551.6,270.5537,1822.1537109375
1635-FJFCC,202.15,1035.6915,1237.8415283203126
2499-AJYUA,7882.25,0.0,7882.25
6919-ELBGL,8196.4,1.5451053,8197.945105338096
3966-HRMZA,202.9,1301.2382,1504.1381591796876
6425-JWTDV,855.1,444.74252,1299.8425231933593
8405-IGQFX,5817.0,620.63806,6437.6380615234375
8224-IVVPA,1652.95,1068.8229,2721.7728759765623
9477-LGWQI,5600.15,112.57568,5712.72568359375
1410-RSCMR,515.75,3822.8154,4338.5654296875
3115-CZMZD,0.0,1391.4963,1391.496337890625
0139-IVFJG,190.5,3899.0266,4089.526611328125
5730-DBDSI,1253.8,103.08456,1356.8845565795898
0030-FNXPP,57.2,806.0042,863.2042114257813
5684-FJVYR,6563.4,8.132679,6571.532678985595
4013-GUXND,20.8,887.4082,908.208203125
1266-NZYUI,4758.8,0.0,4758.8
7969-FFOWG,1292.6,130.37599,1422.975991821289
4718-DHSMV,363.15,403.5479,766.6979125976562
5175-WLYXL,1600.25,860.1538,2460.40380859375
7817-OMJNA,275.7,1117.439,1393.13896484375
8728-SKJLR,3089.1,154.15115,3243.251153564453
3137-NYQQI,1175.6,3303.2756,4478.875634765625
7706-DZNKK,237.3,862.3266,1099.6265991210937
8823-RLPWL,8065.65,1.399861,8067.049860978126
9505-SQFSW,92.5,1473.9778,1566.477783203125
3758-CKOQL,6152.3,1279.1158,7431.415844726563
5676-CFLYY,5154.5,45.787987,5200.287986755371
7521-AFHAB,220.45,1171.4404,1391.8904296875
0285-INHLN,1510.3,1779.4292,3289.72919921875
5125-CNDSP,2588.95,261.23846,2850.1884643554686
4992-LTJNE,3983.6,28.912792,4012.5127922058105
2202-OUTMO,2003.6,1504.7249,3508.324853515625
0810-BDHAW,1832.4,3539.1218,5371.521826171875
0229-LFJAF,4908.25,0.0,4908.25
7131-ZQZNK,3590.2,721.147,4311.34697265625
3442-ZHHCC,5023.0,229.11156,5252.111557006836
5726-CVNYA,146.6,1293.5883,1440.1882568359374
9871-ELEYA,2339.3,2554.8154,4894.1154296875
4257-GAESD,298.7,1403.3617,1702.0616943359375
5173-WXOQV,143.65,2919.429,3063.078955078125
2040-OBMLJ,2548.65,2637.148,5185.79794921875
6286-ZHAOK,507.4,996.53436,1503.9343627929688
3807-XHCJH,20.0,995.7599,1015.7598876953125
5671-RQRLP,5411.4,131.36757,5542.767568969726
8859-AXJZP,903.8,768.44025,1672.2402465820312
3174-AKMAS,3009.5,1551.529,4561.029052734375
9926-PJHDQ,5468.45,19.003014,5487.45301361084
7382-DFJTU,1058.1,1780.9244,2839.0244384765624
2798-NYLMZ,7616.0,69.73253,7685.732528686523
8098-TDCBU,1108.2,722.1213,1830.3212768554688
3551-GAEGL,938.65,1067.7749,2006.42490234375
4785-NKHCX,94.15,1018.7437,1112.8937133789063
3196-NVXLZ,2088.05,330.1499,2418.19990234375
0036-IHMOT,5656.75,1463.3065,7120.0565185546875
4178-EGMON,5986.45,153.71646,6140.16646118164
4220-TINQT,6751.35,115.46901,6866.819009399414
5318-YKDPV,3566.6,2366.5322,5933.1322265625
7975-TZMLR,4889.3,1798.2429,6687.542919921875
0295-QVKPB,318.1,2764.517,3082.61708984375
4335-BSMJS,1563.95,224.89232,1788.842318725586
9146-JRIOX,372.45,1055.9166,1428.3666259765625
5337-IIWKZ,1442.6,823.68085,2266.2808471679687
9650-VBUOG,963.95,864.3563,1828.3063232421875
3487-EARAT,5222.3,155.28116,5377.581158447266
2672-TGEFF,3340.55,977.2236,4317.773571777344
4250-WAROZ,5774.55,396.48584,6171.03583984375
8184-WMOFI,4487.3,677.97296,5165.272961425781
6092-QZVPP,2854.95,1966.3601,4821.310107421875
4625-LAMOB,905.55,548.286,1453.8360107421875
0392-BZIUW,7589.8,0.0,7589.8
6549-NNDYT,394.1,988.6159,1382.7159057617187
0422-OHQHQ,295.95,1069.9425,1365.8925048828125
6916-HIJSE,5459.2,564.8048,6024.004809570312
2316-ESMLS,444.75,1901.6582,2346.408203125
9778-OGKQZ,6782.15,0.0,6782.15
7408-OFWXJ,6510.45,5.7787695,6516.228769493103
6007-TCTST,8476.5,19.409534,8495.909534454346
2252-NKNSI,4461.85,1623.9615,6085.811547851563
8713-IGZSO,62.0,1172.8186,1234.818603515625
7905-TVXTA,352.65,2244.1155,2596.765478515625
7695-PKLCZ,1424.9,80.91734,1505.8173431396485
8374-UULRV,6309.65,0.0,6309.65
3224-DFQNQ,5898.6,406.85327,6305.453271484375
5275-PMFUT,4719.75,3.4652822,4723.215282201767
4795-UXVCJ,457.3,872.76666,1330.0666625976562
9777-IQHWP,5822.3,720.3015,6542.601513671875
0979-MOZQI,2337.45,396.84692,2734.296923828125
2732-ISEZX,104.3,718.83307,823.1330688476562
0323-XWWTN,121.25,1756.1603,1877.4102783203125
1937-OTUKY,7015.9,3.5117102,7019.411710166931
1573-LGXBA,5598.0,1169.4408,6767.4407958984375
1764-VUUMT,1269.1,107.392365,1376.492364501953
4713-ZBURT,4634.35,2405.5188,7039.868798828125
3050-GBUSH,113.95,1146.9183,1260.8683349609375
7876-AEHIG,3077.0,1170.2433,4247.2432861328125
7945-HLKEA,4039.5,667.872,4707.372009277344
9342-VNIMQ,1665.2,1008.5213,2673.721301269531
3523-BRGUW,504.2,877.56793,1381.7679321289063
3199-NPKCN,7511.65,382.90057,7894.550573730468
5170-PTRKA,1782.0,683.8422,2465.8422241210938
4661-NJEUX,20.05,791.2736,811.3236206054687
2123-AGEEN,609.65,1059.7742,1669.424169921875
1258-YMZNM,2857.6,4543.068,7400.66787109375
0048-LUMLS,3247.55,2588.8364,5836.38642578125
5898-IGSLP,2823.0,2067.306,4890.305908203125
6259-WJQLC,2619.25,1075.5012,3694.751220703125
7997-EASSD,4965.1,438.89423,5403.994226074219
0730-KOAVE,2679.7,2353.4758,5033.175830078125
8975-SKGRX,8310.55,103.73838,8414.288380432128
0678-RLHVP,5682.25,1805.6467,7487.896728515625
2267-FPIMA,4914.9,1129.6411,6044.54111328125
1051-GEJLJ,27.55,800.53925,828.0892456054687
5285-MVEHD,6068.65,1442.3774,7511.02744140625
0379-DJQHR,5398.6,375.48834,5774.088342285157
5543-QDCRY,234.85,848.18933,1083.0393310546874
0297-RBCSG,1231.85,3109.9182,4341.768212890625
4694-PHWFW,170.9,754.9988,925.898779296875
0835-JKADZ,7984.15,92.494545,8076.64454498291
7508-SMHXL,1288.3,2666.3928,3954.692822265625
3865-YIOTT,7848.5,28.076057,7876.576057434082
5993-BQHEA,267.0,1130.1716,1397.171630859375
6024-RUGGH,1798.9,10.767932,1809.6679319381715
3956-CJUST,1643.55,1393.6067,3037.156689453125
4079-WWQQQ,4807.45,5.930861,4813.380860996246
6103-BOCOU,2193.0,466.09338,2659.0933837890625
5149-TGWDZ,2239.4,4338.311,6577.71103515625
7471-WNSUF,1505.9,283.8648,1789.7648071289063
8942-DBMHZ,255.35,683.91455,939.26455078125
4301-VVZKA,1189.4,998.4704,2187.870397949219
9199-PWQVC,4786.15,588.2563,5374.406286621093
4824-GUCBY,1820.9,1462.014,3282.9140380859376
5393-HJZSM,2404.15,2356.235,4760.385107421875
0862-PRCBS,7039.45,386.26843,7425.718432617187
8812-ZRHFP,2538.05,2593.376,5131.4259765625
5146-CBVOE,1212.85,1649.0594,2861.9094482421874
0454-OKRCT,2651.1,2933.2126,5584.312646484375
5787-KXGIY,1304.8,0.0,1304.8
4198-VFOEA,435.45,1816.8289,2252.278857421875
6630-UJZMY,308.05,1789.9613,2098.0113037109377
5709-LVOEQ,0.0,5787.927,5787.9267578125
2692-AQCPF,7118.9,578.34094,7697.240942382812
0347-UBKUZ,320.45,598.6472,919.097216796875
0835-DUUIQ,531.55,976.1148,1507.6648071289062
0811-GSDTP,382.2,688.94763,1071.1476318359375
7567-ECMCM,2001.0,939.6887,2940.688720703125
6115-ZTBFQ,4919.7,0.0,4919.7
6353-BRMMA,5645.8,1070.9573,6716.757275390625
6231-WFGFH,77.6,946.8198,1024.41982421875
9904-EHEVJ,2896.55,967.65497,3864.204968261719
6169-PPETC,759.35,754.97723,1514.3272338867187
8584-KMVXD,535.55,1362.1857,1897.7356689453125
8467-WYNSR,1253.15,1544.4407,2797.590673828125
0851-DFJKB,955.15,2037.5339,2992.683935546875
5382-SOYZL,2162.6,581.90045,2744.500451660156
3261-CQXOL,1813.35,40.447178,1853.7971778869628
8388-FYNPZ,245.15,2049.3171,2294.467138671875
4002-BQWPQ,2028.8,3276.0898,5304.88984375
5651-YLPRD,2723.75,803.18024,3526.9302368164062
2826-DXLQO,220.45,1377.6222,1598.0721923828125
4378-BZYFP,365.8,995.5814,1361.3814208984375
9489-UTFKA,551.95,2867.7944,3419.74443359375
4849-PYRLQ,4054.2,1219.6223,5273.822314453125
7764-BDPEE,60.65,878.3255,938.9755004882812
3429-IFLEM,5550.1,59.888878,5609.988877868653
5002-GCQFH,4733.1,1152.9794,5886.079370117188
0556-FJEGU,4048.95,946.7117,4995.661669921875
0604-THJFP,4542.35,930.70874,5473.058740234375
5879-SESNB,888.65,823.12305,1711.773046875
6461-PPAXN,1916.0,1920.7594,3836.7593994140625
3318-ISQFQ,413.0,621.91626,1034.916259765625
1106-HRLKZ,808.95,619.9593,1428.9092895507813
2483-XSSMZ,1886.4,1002.3833,2888.78330078125
8165-ZJRNM,1679.25,0.0,1679.25
2604-XVDAM,540.95,945.3171,1486.2670776367188
3717-OFRTN,19.75,1030.098,1049.8480224609375
9046-JBFWA,537.35,430.10974,967.4597412109375
3280-NMUVX,678.8,692.698,1371.497998046875
1206-EHBDD,4513.65,1172.1117,5685.761694335937
8361-LBRDI,1423.85,341.97934,1765.8293395996093
4883-KCPZJ,555.4,1312.861,1868.2609619140626
9108-EQPNQ,225.55,1636.4089,1861.958935546875
7277-KAMWT,268.45,1146.4921,1414.9420654296875
2545-LXYVJ,1492.1,0.0,1492.1
3234-VKACU,132.4,2169.505,2301.9048828125
8120-JDCAM,284.9,1163.079,1447.9789794921876
8917-FAEMR,784.25,703.11975,1487.3697509765625
7047-YXDMZ,417.7,512.2595,929.959521484375
2858-EIMXH,5016.25,1343.9877,6360.2376708984375
6419-ZTTLE,485.2,986.69415,1471.8941528320313
0929-HYQEW,160.85,1454.3314,1615.1814208984374
6614-YOLAC,4145.25,62.804455,4208.054454803467
7426-RHZGU,827.45,2583.064,3410.51396484375
4065-JJAVA,49.5,1557.9716,1607.4715576171875
7649-SIJJF,5585.4,87.29927,5672.699270629882
9361-YNQWJ,1601.2,122.07007,1723.270068359375
3748-FVMZZ,162.45,1086.1147,1248.56474609375
9391-TTOYH,470.2,417.01053,887.2105285644532
1452-XRSJV,2066.0,1010.5973,3076.5972900390625
3422-WJOYD,1426.45,2153.2603,3579.71025390625
8242-SOQUO,392.5,1565.9905,1958.490478515625
7460-ITWWP,3861.45,345.0377,4206.487689208984
7147-AYBAA,2552.9,0.0,2552.9
7868-TMWMZ,6668.35,1273.8875,7942.237451171875
6732-FZUGP,4615.25,1945.1183,6560.3682861328125
8329-GWVPJ,3557.7,383.0253,3940.7252990722654
1352-VHKAJ,1957.1,2155.0718,4112.17177734375
2632-TACXW,1416.75,244.77075,1661.520751953125
8146-QQKZH,5924.4,106.70854,6031.108541870117
1767-CJKBA,1697.7,144.29329,1841.9932891845704
6445-TNRXS,7849.85,446.65082,8296.500817871094
4581-LNWUM,649.4,1015.89526,1665.295263671875
4869-EPIUS,4557.5,757.58264,5315.0826416015625
1915-OAKWD,360.35,1007.3388,1367.6888061523437
7296-PIXQY,1046.5,968.83636,2015.3363647460938
3354-OADJP,447.75,3291.399,3739.14892578125
3524-WQDSG,4209.95,1061.3337,5271.283740234375
0810-DHDBD,3877.65,1308.4923,5186.142309570312
4026-SKKHW,152.3,1183.7308,1336.0308349609375
2829-HYVZP,572.2,707.1085,1279.3085205078125
3845-JHAMY,552.7,1002.6906,1555.3906127929688
7013-PSXHK,3208.65,2018.2358,5226.88583984375
3486-NPGST,620.75,596.0629,1216.8129272460938
6100-FJZDG,505.9,887.012,1392.9120239257813
4829-ZLJTK,8046.85,0.0,8046.85
1730-VFMWO,1815.3,978.1126,2793.4126098632814
7143-BQIBA,612.95,2864.0662,3477.016162109375
3800-LYTRK,795.15,2822.9724,3618.122412109375
9646-NMHXE,973.1,470.74667,1443.8466735839843
7030-NJVDP,2210.2,1765.3806,3975.580615234375
8883-GRDWQ,1055.9,2482.9534,3538.853369140625
7771-ZONAT,1304.85,2881.5906,4186.440576171875
2111-DWYHN,21.1,887.4082,908.508203125
4194-WHFCB,5580.8,575.6571,6156.457104492188
4121-AGSIN,1497.9,350.2847,1848.1846984863282
9845-PEEKO,4590.35,724.67737,5315.027368164063
0455-XFASS,200.2,1092.2192,1292.41923828125
0301-KOBTQ,614.45,788.43256,1402.8825561523438
1751-NCDLI,4564.9,503.67426,5068.574255371093
4367-NUYAO,0.0,1830.3889,1830.388916015625
9170-ARBTB,1012.4,368.43475,1380.8347534179688
7241-AJHFS,2766.4,1859.033,4625.432958984375
4546-FOKWR,1129.35,1296.3535,2425.703515625
9036-CSKBW,5680.9,1878.506,7559.405981445312
5832-TRLPB,2243.9,3079.8965,5323.796484375
8590-YFFQO,4523.25,116.44441,4639.694412231445
8659-IOOPU,7159.7,80.3713,7240.071299743652
1338-CECEE,2839.95,1995.0406,4834.990649414062
7439-DKZTW,80.55,816.25146,896.80146484375
4646-QZXTF,580.1,4465.528,5045.62783203125
9742-XOKTS,6038.55,311.8985,6350.448498535156
6921-OZMFH,259.4,1973.1897,2232.589697265625
9578-FOMUK,324.15,778.9553,1103.105322265625
4712-UYOOI,417.65,591.4099,1009.059912109375
7722-CVFXN,5637.85,1485.1803,7123.030297851563
8717-VCTXJ,839.4,463.73492,1303.1349243164063
7363-QTBIW,769.1,1037.8313,1806.931298828125
4159-NAAIX,6253.0,803.7356,7056.735595703125
0971-QIFJK,1641.8,81.583755,1723.383755493164
9397-TZSHA,1678.05,68.82487,1746.874867248535
3391-JSQEW,2058.5,485.66638,2544.1663818359375
0343-QLUZP,2424.5,408.0493,2832.549285888672
2176-LVPNX,6293.45,104.45009,6397.900088500976
3312-UUMZW,3145.9,2284.3801,5430.280126953125
1271-UODNO,2200.7,1597.0825,3797.78251953125
8461-EFQYM,914.4,656.85864,1571.258642578125
6900-RBKER,4577.75,1653.6598,6231.4097900390625
6891-JPYFF,4997.5,1626.3042,6623.80419921875
1459-QNFQT,4144.8,97.114075,4241.914074707031
1047-NNCBF,1493.55,996.91095,2490.4609497070314
3696-XRIEN,4179.1,1717.4775,5896.5775390625
0074-HDKDG,1611.0,2755.631,4366.631103515625
8791-GFXLZ,593.05,1456.8083,2049.858349609375
9330-DHBFL,1533.8,3091.8757,4625.675732421875
0098-BOWSO,529.8,307.05563,836.8556335449218
3452-ABWRL,3865.6,392.4304,4258.030389404297
5859-HZYLF,515.75,860.36523,1376.115234375
3156-QLHBO,48.35,835.9956,884.34560546875
2208-NQBCT,2070.05,1809.7118,3879.7617919921877
1779-PWPMG,8333.95,4.695321,8338.64532108307
6621-NRZAK,1209.25,196.56065,1405.8106536865234
0831-JNISG,1396.25,4.8604007,1401.1104006767273
0774-IFUVM,723.35,2808.6836,3532.03359375
3082-WQRVY,228.65,1082.8744,1311.5243896484376
9553-DLCLU,1161.75,5195.412,6357.162109375
1641-BYBTK,98.35,783.4703,881.8202758789063
2460-NGXBJ,775.3,2219.8328,2995.132763671875
2446-ZKVAF,1074.65,2331.3853,3406.03525390625
3522-CDKHF,2324.7,1118.7422,3443.4421875
1430-SFQSA,1072.6,1293.4696,2366.0696044921874
0411-EZJZE,170.5,1181.6785,1352.178466796875
8807-ARQET,1677.85,207.19717,1885.0471740722655
8992-CEUEN,18.85,773.9906,792.8406005859375
4320-QMLLA,370.4,1000.8255,1371.2255004882813
8777-PVYGU,3410.6,1036.75,4447.35
8292-ITGYJ,1138.8,631.0638,1769.8637817382812
6870-ZWMNX,5264.25,149.88417,5414.134170532227
0621-CXBKL,1005.7,331.0953,1336.7953063964844
5268-DSMNQ,5936.55,800.202,6736.752026367188
5334-JLAXU,5475.9,544.1827,6020.082678222656
6242-MBHPK,2326.05,1682.4392,4008.489208984375
9359-UGBTK,4991.5,289.86902,5281.3690185546875
4782-OSFXZ,5831.2,56.723267,5887.923266601562
6479-OAUSD,510.8,885.08264,1395.8826416015625
7129-ACFOG,283.95,1781.9846,2065.934619140625
4189-NAKJS,1295.4,1923.1012,3218.5011962890626
5562-BETPV,19.65,1295.6395,1315.2895263671876
1282-IHQAC,3011.65,50.73119,3062.3811897277833
9127-FHJBZ,8093.15,12.654499,8105.804499053955
1641-RQDAY,3217.65,1673.3342,4890.984228515625
6994-ORCWG,773.2,2523.6826,3296.8826171875
1346-UFHAX,1029.35,2499.0303,3528.3802734375
2933-XEUJM,3593.8,1939.6776,5533.477612304688
5461-QKNTN,3953.15,1195.7244,5148.874365234375
4835-YSJMR,1971.15,1471.6016,3442.7515625
3164-YAXFY,3196.0,237.46126,3433.4612579345703
0887-WBJVH,4872.2,1116.3564,5988.5564453125
4660-IRIBM,1500.5,2108.3672,3608.8671875
7670-ZBPOQ,3478.75,684.8182,4163.568176269531
8089-UZWLX,7413.55,119.23007,7532.780072021485
0080-OROZO,3532.0,2717.5461,6249.546142578125
3916-NRPAP,256.75,2794.8745,3051.62451171875
6807-SIWJI,3887.25,2777.1257,6664.375732421875
8221-HVAYI,2490.15,2665.0317,5155.18173828125
5232-NXPAY,3510.3,1697.3743,5207.674267578125
8967-SZQAS,765.45,1082.7028,1848.1527587890625
4468-KAZHE,1259.35,1297.8663,2557.2163330078124
0455-ENTCR,5538.35,507.30972,6045.659722900391
8944-AILEF,340.85,880.37335,1221.2233520507812
5542-NKVRU,844.45,629.4559,1473.9058715820313
7126-RBHSD,1348.95,1927.7799,3276.7299072265623
5370-IIVVL,3778.0,3228.6055,7006.60546875
6789-HJBWG,611.65,931.64905,1543.2990478515626
9087-EYCPR,1505.05,284.4123,1789.4622924804687
6791-YBNAK,467.85,859.4655,1327.3155151367187
6077-BDPXA,194.2,539.48846,733.6884643554688
0013-MHZWF,571.45,2442.4531,3013.903125
8268-YDIXR,5253.95,1181.1953,6435.1453125
4291-SHSBH,521.35,479.84912,1001.19912109375
6980-IMXXE,1412.65,72.53258,1485.1825775146485
0040-HALCW,1090.6,377.54556,1468.1455627441405
0784-GTUUK,1446.8,184.20844,1631.0084350585937
2294-DMMUS,4300.45,256.63184,4557.0818359375
0872-JCPIB,1111.2,2385.9575,3497.15751953125
3055-MJDSB,190.1,275.52182,465.6218200683594
9091-WTUUY,4447.75,556.3188,5004.068786621094
7115-IRDHS,1830.05,0.0,1830.05
8496-DMZUK,2820.65,3600.0596,6420.7095703125
2040-VZIKE,4847.35,606.00616,5453.356164550782
9068-VPWQQ,4729.3,806.22766,5535.527661132813
0178-SZBHO,4017.45,728.3009,4745.750903320312
0384-RVBPI,1398.6,2379.0562,3777.65615234375
1299-AURJA,1685.9,46.65587,1732.5558685302735
4525-VZCZG,5826.65,1374.8875,7201.537451171875
1543-LLLFT,6066.55,787.93774,6854.487744140625
2788-CJQAQ,270.2,1013.9101,1284.1100952148438
0319-QZTCO,168.6,2806.205,2974.805078125
2120-SMPEX,536.35,388.10535,924.4553466796875
0096-FCPUF,1888.45,1195.1333,3083.58330078125
0668-OGMHD,629.35,618.03827,1247.3882690429687
6507-ZJSUR,2117.25,979.4322,3096.6821899414062
9408-HRXRK,4730.9,1421.6624,6152.562353515625
5593-SUAOO,2033.05,3752.4614,5785.51142578125
6766-HFKLA,5744.35,1605.1466,7349.496606445313
7617-EYGLW,19.45,830.4362,849.8862182617188
9220-ZNKJI,4805.3,1414.9708,6220.270825195313
2226-ICFDO,6110.75,4.1664352,6114.916435241699
0723-VSOBE,1596.6,483.46347,2080.0634704589843
5529-GIBVH,1046.2,480.34265,1526.5426513671875
9992-UJOEL,92.75,1476.7133,1569.4632568359375
4741-WWJQZ,194.55,2741.6282,2936.178173828125
6625-UTXEW,612.1,1262.7852,1874.88515625
6244-BESBM,6671.7,388.54126,7060.241259765625
1004-NOZNR,5264.3,1204.2865,6468.586499023438
1251-STYSZ,303.7,2264.096,2567.795947265625
2612-PHGOX,4818.8,631.9544,5450.754406738281
8480-PPONV,7159.05,1094.5535,8253.603466796874
8780-IHCRN,1574.5,226.05576,1800.5557556152344
4598-ZADCK,2879.2,852.3935,3731.5934936523436
1257-SXUXQ,86.05,954.8912,1040.9411743164062
9681-KYGYB,4159.45,993.74854,5153.19853515625
7182-OVLBJ,6638.35,934.265,7572.615014648438
5095-ETBRJ,3112.05,964.57477,4076.6247680664064
7005-CYUIL,7168.25,63.07316,7231.32315826416
4821-WQOYN,1326.25,1.4042046,1327.65420460701
4730-AWNAU,2234.55,2006.3622,4240.912182617188
3452-FLHYD,495.15,919.14734,1414.2973388671876
2388-LAESQ,8317.95,4.695321,8322.64532108307
9531-NSBMR,679.8,612.06665,1291.866650390625
6260-ONULR,62.8,1338.2617,1401.06171875
4389-UEFCZ,7544.0,0.0,7544.0
8711-LOBKY,1188.25,250.39813,1438.6481323242188
8985-OOPOS,74.1,4865.454,4939.5541015625
8800-ZKRFW,3242.5,2637.305,5879.804931640625
2616-FLVQC,1240.15,135.57751,1375.7275146484376
9968-FFVVH,4111.35,548.0143,4659.364282226563
3108-PCCGG,5899.85,0.2449367,5900.094936704636
8390-FESFV,5193.2,795.496,5988.695971679687
3022-BEXHZ,7530.8,536.48883,8067.288830566406
6248-TKCQV,5460.2,109.15817,5569.358172607422
6729-GDNGC,1614.2,1190.4944,2804.694384765625
6198-ZFIOJ,402.5,1089.0575,1491.5574951171875
5989-OMNJE,1367.75,2600.4414,3968.19140625
1291-CUOCY,7962.2,0.0,7962.2
9795-SHUHB,3810.8,309.54404,4120.344036865235
3230-IUALN,3533.6,2254.0364,5787.636376953125
0042-RLHYP,1396.9,58.882725,1455.782724761963
4945-RVMTE,1646.45,1063.9465,2710.396533203125
1866-NXPSP,2680.15,2371.0647,5051.214697265625
3941-XTSKM,2049.05,1217.5015,3266.55146484375
1661-CZBAU,3629.2,1505.7723,5134.972338867187
5158-RIVOP,202.3,1243.0265,1445.3264892578125
9788-YTFGE,147.5,671.35126,818.8512573242188
9277-JOOMO,86.35,1089.1833,1175.533349609375
1907-YLNYW,579.0,2199.989,2778.989013671875
8947-YRTDV,3131.55,3315.3186,6446.868603515625
3161-ONRWK,3928.3,736.5158,4664.815808105469
0114-RSRRW,187.75,963.3504,1151.1004028320312
4565-NLZBV,1710.15,19.759218,1729.9092182159425
6682-VCIXC,2151.6,1386.4402,3538.040185546875
6475-VHUIZ,1221.55,1289.4738,2511.0237548828127
3910-MRQOY,1496.45,0.0,1496.45
0661-WCQNQ,1292.2,2643.9255,3936.125537109375
7537-RBWEA,25.15,337.1126,362.2626098632812
4656-CAURT,1713.1,77.54047,1790.6404663085937
0121-SNYRK,1748.9,597.8633,2346.76328125
3733-LSYCE,1114.55,2092.387,3206.936962890625
6265-FRMTQ,609.1,854.9111,1464.0110717773437
1371-DWPAZ,0.0,4027.2078,4027.207763671875
2017-CCBLH,141.6,1212.0323,1353.6323486328124
7690-KPNCU,4688.65,530.5311,5219.181127929687
0536-BGFMZ,563.05,528.1107,1091.1607177734375
2293-IJWPS,5985.0,1074.2904,7059.2904052734375
5469-NUJUR,373.5,1039.6893,1413.1893310546875
2625-TRCZQ,2553.35,240.52481,2793.8748107910155
4102-HLENU,4322.85,333.60846,4656.458459472657
7266-GSSJX,250.8,822.0821,1072.8820922851562
7722-VJRQD,4549.05,0.0,4549.05
7073-QETQY,1359.5,74.500694,1434.0006942749023
5624-RYAMH,178.85,562.85095,741.7009521484375
0196-JTUQI,633.85,1476.9729,2110.822900390625
7130-YXBRO,5315.1,1832.5745,7147.674462890625
9272-LSVYH,735.5,644.1887,1379.688720703125
3084-DOWLE,6474.4,0.0,6474.4
1084-MNSMJ,4421.95,1750.3811,6172.331103515625
4238-HFHSN,4904.85,120.808395,5025.658395385743
6250-CGGUN,4484.05,1184.532,5668.581982421875
5478-JJVZK,2033.85,1131.6464,3165.4963623046874
7596-IIWYC,538.2,931.6938,1469.8937866210938
9793-WECQC,2192.9,1335.1082,3528.008154296875
4291-HPAXL,19.85,874.9938,894.8437744140625
8999-YPYBV,3858.05,2338.0295,6196.079541015625
1839-FBNFR,854.8,673.5014,1528.3014038085937
3071-MVJCD,5815.15,0.0,5815.15
1697-BCSHV,3970.4,419.1951,4389.595098876953
0562-KBDVM,3058.15,54.16298,3112.3129791259767
1131-SUEKT,6145.2,834.3219,6979.521899414062
3717-OEAUQ,129.2,868.17145,997.3714477539063
4538-WNTMJ,1165.9,574.76355,1740.6635498046876
9432-RUVSL,4904.25,2531.0527,7435.302734375
8060-HIWJJ,5632.55,690.8508,6323.400830078125
7684-XSZIY,1643.25,0.0,1643.25
9089-UOWJG,740.55,2063.8235,2804.373486328125
8039-ACLPL,4888.2,0.0,4888.2
9885-AIBVB,2440.25,1761.9382,4202.188232421875
1934-MKPXS,620.55,735.4552,1356.0052001953125
2592-YKDIF,20.35,851.96606,872.316064453125
2272-JKMSI,6840.95,848.3703,7689.320300292969
8714-CTZJW,319.6,2155.5408,2475.140771484375
3569-EDBPQ,1938.05,1519.2308,3457.2808349609377
3131-NWVFJ,294.5,1057.0114,1351.5113525390625
7521-YXVZY,58.3,853.9747,912.2746704101562
2373-NTKOD,546.45,1015.67584,1562.1258422851563
1970-KKFWL,797.1,900.6099,1697.7099243164062
9337-SRRNI,1673.8,145.64334,1819.443341064453
0895-UADGO,343.45,2631.9824,2975.432421875
5678-VFNEQ,7412.25,27.82231,7440.072309494019
5977-CKHON,4039.0,930.13544,4969.135437011719
2692-BUCFV,2948.6,2053.246,5001.84609375
1830-GGFNM,6078.75,617.5557,6696.305725097656
5302-BDJNT,3418.2,1034.0387,4452.238696289062
5223-UZAVK,6603.8,517.04266,7120.842663574219
4859-ZSRDZ,3166.9,744.42163,3911.321630859375
5651-WYIPH,865.75,1428.2592,2294.0091552734375
9350-VLHMB,6373.1,74.07321,6447.173211669922
3498-LZGQZ,1177.05,158.74945,1335.7994506835937
8785-CJSHH,5985.75,123.14569,6108.895690917969
3870-SPZSI,7869.05,237.53456,8106.584561157227
7560-QRBXH,936.7,381.1038,1317.8037902832032
7077-XJMET,741.4,2517.2683,3258.668310546875
8752-GHJFU,6585.2,87.430084,6672.630084228515
6896-SRVYQ,3122.4,235.8598,3358.259802246094
4652-ODEVH,1088.25,638.89105,1727.1410522460938
6510-UPNKS,615.35,1189.3025,1804.652490234375
6718-BDGHG,2908.2,1541.0712,4449.271166992187
9046-DQMTP,739.9,480.9119,1220.8118957519532
6439-LAJXL,593.85,3135.9382,3729.788232421875
9052-VKDUW,7227.45,395.70822,7623.158221435547
1666-JZPZT,1291.35,478.36877,1769.7187744140624
5777-KJIRB,2023.55,1035.3113,3058.861279296875
7677-SJJJK,153.95,1244.7313,1398.6813232421875
2480-EJWYP,5458.8,1000.9412,6459.741223144531
3253-HKOKL,5244.45,1562.5969,6807.046923828125
7055-HNEOJ,154.55,2157.0347,2311.58466796875
5514-YQENT,4507.15,3293.7166,7800.866552734375
3211-AAPKX,2031.95,1440.8177,3472.7677490234373
8445-DNBAE,50.05,1170.3577,1220.407666015625
2958-NHPPS,473.9,469.66742,943.5674194335937
6806-YDEUL,106.8,938.1081,1044.9080932617187
1735-XMJVH,152.6,863.60175,1016.2017456054688
6890-PFRQX,1199.4,2179.549,3378.949072265625
0222-CNVPT,2555.05,524.9368,3079.9868286132814
5899-OUVKV,2979.2,649.8806,3629.080615234375
8681-ICONS,654.85,508.98798,1163.8379760742187
1621-YNCJH,3834.4,3982.0168,7816.416845703125
6362-QHAFM,4586.15,2614.2056,7200.35556640625
3070-BDOQC,5941.05,1046.018,6987.067944335938
6234-PFPXL,2234.95,3322.9482,5557.8982421875
9824-QCJPK,666.75,632.0483,1298.7982788085938
4283-IVYCI,547.8,2508.9402,3056.740185546875
1866-OBPNR,74.6,3326.5715,3401.171533203125
8205-MQUGY,571.15,1415.6089,1986.75888671875
8970-ANWXO,1756.6,2726.0327,4482.63271484375
9480-BQJEI,5731.45,663.6592,6395.1091796875
6979-TNDEU,156.85,702.9284,859.7784057617188
9777-WJJPR,2683.2,1795.4581,4478.658129882812
9495-SKLKD,4456.65,1529.3594,5986.009375
6048-UWKAL,6998.95,303.34216,7302.292163085937
5067-DGXLL,36.8,870.2359,907.0359008789062
6281-FKEWS,2265.0,978.9904,3243.9904174804688
8898-KASCD,1309.15,971.3053,2280.4552978515626
9242-TKFSV,4754.3,3.055833,4757.355833101273
9290-SHCMB,1235.55,1179.0656,2414.6155517578127
0743-HNPFG,3562.5,1300.5745,4863.074462890625
2277-BKJKN,7213.75,73.91003,7287.660026550293
5035-PGZXH,5914.4,1106.7805,7021.180517578125
8695-WDYEA,51.25,1824.3778,1875.6278076171875
6543-JXSOO,1282.85,2584.8542,3867.704248046875
8016-ZMGMO,4738.85,333.28207,5072.13207397461
8605-ITULD,19.55,808.7697,828.3197143554687
6416-YJTTB,795.65,2487.9912,3283.6412109375
4472-VESGY,4993.4,1291.1754,6284.575415039062
3195-TQDZX,61.45,750.54614,811.996142578125
3128-YOVTD,4018.55,656.25073,4674.800732421875
1728-CXQBE,6081.4,136.40207,6217.8020690917965
7041-TXQJH,1478.85,482.20316,1961.053155517578
5014-GSOUQ,243.65,1131.636,1375.285986328125
5724-BIDBU,2633.95,932.0623,3566.012316894531
0481-SUMCB,4735.35,2001.5209,6736.870874023438
1769-GRUIK,1247.75,188.1595,1435.9095001220703
8819-WFGGJ,3794.5,233.17665,4027.6766510009766
7427-AUFPY,1008.7,339.58746,1348.2874633789063
2811-POVEX,2130.55,2441.906,4572.456005859375
7898-PDWQE,5727.15,65.135284,5792.285284423828
9972-EWRJS,1372.9,98.69505,1471.595053100586
9314-IJWSQ,1203.9,1253.3644,2457.2643798828126
5799-JRCZO,1215.1,170.6555,1385.7555023193358
1921-KYSAY,2877.05,1597.9967,4475.046704101563
6198-RTPMF,1579.7,1512.604,3092.30400390625
2924-KHUVI,5514.95,1075.3235,6590.273486328125
1925-GMVBW,96.1,988.05414,1084.1541381835937
6184-DYUOB,55.25,851.61316,906.8631591796875
9207-ZPANB,2443.3,2276.3135,4719.6134765625
9327-QSDED,335.4,758.3701,1093.7701171875
1656-DRSMG,7002.95,319.49295,7322.442950439453
3012-VFFMN,158.95,949.5386,1108.48857421875
2984-AFWNC,293.15,2339.918,2633.06796875
0640-YJTPY,1493.75,0.0,1493.75
8096-LOIST,1093.4,412.0532,1505.453192138672
9764-REAFF,1057.85,225.09528,1282.9452758789062
7107-UBYKY,882.55,563.57025,1446.1202514648437
4881-GQJTW,300.4,828.43945,1128.839453125
7876-DNYAP,1436.95,64.59484,1501.544841003418
7905-NJMXS,475.0,3691.7727,4166.772705078125
2882-WDTBA,5388.15,216.32155,5604.471548461914
2091-GPPIQ,5730.15,0.0,5730.15
5071-FBJFS,217.1,1834.9772,2052.0771728515624
2796-UUZZO,4896.35,233.94476,5130.294763183594
2429-AYKKO,1434.1,0.0,1434.1
9798-OPFEM,937.1,544.48065,1481.5806518554687
3794-NFNCH,1474.9,651.33185,2126.2318481445313
5193-QLVZB,6536.5,875.80084,7412.300842285156
7114-AEOZE,1128.1,224.08058,1352.180581665039
5522-NYKPB,2199.05,1378.5948,3577.6448486328127
9957-YODKZ,457.1,2088.0647,2545.164697265625
6518-KZXCB,566.5,1165.1166,1731.6165771484375
2245-ADZFJ,2471.6,3388.8833,5860.48330078125
7776-QGYJC,3107.3,1190.8827,4298.182690429688
9313-QOLTZ,518.3,468.66135,986.9613464355468
4672-FOTSD,832.3,2735.5166,3567.8166015625
9818-XQCUV,45.3,842.03345,887.333447265625
7338-ERIVA,1790.6,1336.8267,3127.42666015625
8259-NFJTV,246.6,1469.0624,1715.6623779296874
3223-DWFIO,261.65,860.8521,1122.5021118164063
6968-GMKPR,4509.5,11.1455965,4520.645596504211
4751-ERMAN,5480.25,3.1732664,5483.423266410828
1436-ZMJAN,653.15,2645.0925,3298.242529296875
3292-PBZEJ,1183.05,3933.2659,5116.315869140625
0799-DDIHE,639.45,886.88477,1526.334765625
3070-FNFZQ,478.75,1013.48004,1492.2300415039062
2812-SFXMJ,20.05,885.6161,905.6660888671875
5014-WUQMG,4391.45,2021.0175,6412.467456054687
5312-TSZVC,270.6,986.0863,1256.6863037109374
0993-OSGPT,3975.9,155.05785,4130.957846069336
7108-DGVUU,1497.05,3514.6536,5011.703564453125
2782-JEEBU,780.15,815.8388,1595.9888061523438
5127-BZENZ,3512.15,804.01715,4316.167150878906
2720-FVBQP,273.25,1876.5527,2149.802734375
9906-NHHVC,3517.9,386.52686,3904.42685546875
4522-XRWWI,3375.9,2293.7817,5669.68173828125
3766-EJLFL,7508.55,403.30118,7911.851177978516
5939-SXWHM,1245.05,599.6055,1844.6555297851562
8152-UOBNY,5347.95,1707.4635,7055.413500976562
7351-KYHQH,493.65,1976.0347,2469.68466796875
7643-RCHXS,1263.85,208.09265,1471.9426513671874
8246-SHFGA,385.55,828.1472,1213.697216796875
0620-XEFWH,84.2,934.6169,1018.8168823242188
6485-QXWWE,1638.7,246.22595,1884.9259521484375
7321-VGNKU,120.25,1053.471,1173.720947265625
5327-CNLUQ,4473.45,2349.3206,6822.770556640625
7552-KEYGT,520.55,902.39325,1422.9432495117187
5816-JMLGY,5717.85,145.56161,5863.411614990235
2927-QRRQV,4312.5,1837.7275,6150.2275390625
6265-SXWBU,6511.25,248.1779,6759.42790222168
7941-RCJOW,1218.65,125.80187,1344.451872253418
6374-NTQLP,7447.7,94.65415,7542.354151916504
2387-KDZQY,279.5,974.8078,1254.3078002929688
3584-WKTTW,5720.35,1946.8685,7667.218530273438
3399-BMLVW,3121.45,1248.5741,4370.024096679687
1971-DTCZB,6468.6,0.0,6468.6
3374-PZLXD,675.6,335.38904,1010.9890380859375
3813-DHBBB,3521.7,234.54454,3756.2445404052733
2812-REYAT,923.1,406.99866,1330.0986572265624
6518-PPLMZ,1110.35,368.6922,1479.0421997070312
4939-KYYPY,1611.65,1093.3859,2705.0358642578126
5930-GBIWP,5553.25,182.43657,5735.686569213867
6022-KOUQO,44.75,1382.8479,1427.597900390625
2361-UPSND,3231.05,1600.4703,4831.520336914063
6035-RIIOM,5129.45,1411.1301,6540.580126953125
9504-DSHWM,1191.2,2236.9885,3428.188525390625
5035-BVCXS,866.4,1099.1876,1965.5876220703126
6267-DCFFZ,2627.2,1504.494,4131.694018554687
3533-UVMOM,4741.45,276.22583,5017.675830078125
2439-LYPMQ,4009.2,1638.642,5647.841967773437
1478-VPOAD,43.8,790.0606,833.8606079101562
9995-HOTOH,3707.6,545.2625,4252.862512207032
2988-PLAHS,220.45,3645.1858,3865.635791015625
1371-OJCEK,1133.7,495.8139,1629.5139038085938
4999-IEZLT,1983.15,116.677895,2099.8278945922852
8883-ANODQ,5746.75,282.53897,6029.288970947266
2351-RRBUE,134.05,1236.1572,1370.2072265625
5980-BDHPY,6230.1,2.9841828,6233.084182834626
1498-DQNRX,573.05,509.19266,1082.242657470703
9469-WEJBT,3419.3,1067.3186,4486.618603515625
2581-VKIRT,3801.3,770.02765,4571.327648925781
7426-WEIJX,4859.1,118.33314,4977.433137512207
2851-MMUTZ,1439.35,949.84125,2389.1912475585937
3307-TLCUD,592.75,1145.6016,1738.3515625
6625-FLENO,1185.95,312.60938,1498.559375
2967-MXRAV,18.8,1257.9968,1276.796826171875
8189-HBVRW,4921.2,556.67615,5477.876147460937
4163-KIUHY,901.25,389.23703,1290.4870300292969
3500-NSDOA,4859.95,281.9095,5141.859484863281
1171-TYKUR,1139.2,392.81247,1532.012469482422
3761-FLYZI,7082.45,279.727,7362.176989746094
1219-NNDDO,663.55,685.66833,1349.2183349609375
8388-DMKAE,174.65,1229.2891,1403.9390625
4403-BWPAY,321.7,1431.2151,1752.915087890625
9659-QEQSY,5125.5,1529.6007,6655.1007080078125
5405-ZMYXQ,548.9,1472.3495,2021.2494873046876
1442-OKRJE,7031.3,482.4838,7513.783795166016
4737-AQCPU,5016.65,0.0,5016.65
2808-CHTDM,611.45,1209.3113,1820.761279296875
0793-TWELN,319.85,2145.6921,2465.542138671875
3283-WCWXT,153.3,1646.9497,1800.24970703125
1060-ENTOF,7035.6,467.17346,7502.773461914063
0999-QXNSA,344.2,806.1307,1150.3306762695313
5451-MHQOF,1431.65,341.3386,1772.988592529297
4836-WNFNO,1849.2,0.0,1849.2
9225-BZLNZ,6083.1,17.759146,6100.859145736695
0354-VXMJC,426.65,925.9453,1352.5953125
4422-QVIJA,1655.35,319.33142,1974.6814208984374
9365-SRSZE,1943.9,494.77295,2438.67294921875
8332-OSJDW,314.95,1387.8904,1702.840380859375
4735-BJKOU,804.85,629.8194,1434.6693969726562
0274-JKUJR,465.7,2758.367,3224.066943359375
5740-YHGTW,6669.05,164.46468,6833.5146759033205
8917-SZTTJ,1161.75,222.14964,1383.899642944336
1696-MZVAU,947.75,778.8143,1726.5642700195312
7359-WWYJV,8375.05,0.0,8375.05
4906-ZHGPK,3770.0,1059.9642,4829.9642333984375
3795-GWTRD,4707.85,679.2648,5387.114770507813
1298-PHBTI,6152.4,76.47118,6228.871183776855
6223-DHJGV,958.1,491.7427,1449.842706298828
6961-MJKBO,943.0,491.23126,1434.2312622070312
8158-WPEZG,425.1,1043.7025,1468.8025146484374
4918-FYJNT,5044.8,674.1114,5718.911389160156
0727-BNRLG,6743.55,326.12344,7069.673443603516
4854-CIDCF,196.4,1219.6267,1416.026708984375
3280-MRDOF,2093.9,2830.622,4924.5220703125
6435-SRWBJ,417.75,1893.8513,2311.601318359375
9964-WBQDJ,1725.4,15.702003,1741.1020025253297
6303-KFWSL,1620.2,1542.5049,3162.7048828125
1702-CCFNJ,3169.55,785.07294,3954.622937011719
8932-CZHRQ,5233.25,251.47385,5484.723846435547
0386-CWRGM,967.85,478.23273,1446.0827270507812
5515-RUGKN,438.05,1505.8844,1943.9343994140625
0404-AHASP,1421.9,0.0,1421.9
7279-NMVJC,323.15,1006.62714,1329.7771362304688
2081-VEYEH,318.6,3975.819,4294.419091796875
6407-UTSLV,163.7,2716.7324,2880.432421875
9060-HJJRW,2928.5,949.65436,3878.1543579101562
2587-YNLES,100.35,1291.0321,1391.3821044921874
7398-SKNQZ,273.2,2314.7947,2587.994677734375
5935-FCCNB,1608.15,760.3767,2368.526708984375
1958-RNRKS,1441.95,707.8372,2149.787219238281
5136-RGMZO,2168.15,1272.6185,3440.7685302734376
8345-MVDYC,3618.7,2251.8376,5870.537646484375
8226-BXGES,5692.65,615.7391,6308.389074707031
9705-IOVQQ,5969.3,783.9087,6753.20869140625
1015-OWJKI,19.05,819.78864,838.8386352539062
2040-XBAVJ,8100.55,14.609674,8115.1596744537355
8887-IPQNC,313.45,902.3041,1215.7540771484375
8646-JCOMS,6130.95,378.48642,6509.436419677734
1222-KJNZD,745.3,473.4697,1218.7696960449218
0106-GHRQR,1212.1,2714.7908,3926.890771484375
3768-VHXQO,1583.5,122.820564,1706.3205642700195
8952-WCVCD,4162.05,2921.099,7083.14912109375
2418-TPEUN,1119.9,323.26917,1443.1691650390626
3963-RYFNS,8013.55,0.0,8013.55
8540-ZQGEA,1102.4,375.49524,1477.8952392578126
1320-REHCS,5832.0,792.049,6624.049011230469
4137-JOPHL,4304.5,1892.6069,6197.10693359375
7801-CEDNV,1421.75,1857.1622,3278.9122314453125
2057-BOYKM,6827.5,0.0,6827.5
3658-QQJYD,4698.05,601.1927,5299.242687988281
1803-BGNBD,654.5,1335.9143,1990.414306640625
0134-XWXCE,3268.05,1945.1444,5213.194409179688
6950-TWMYB,4362.05,1342.9438,5704.99384765625
5848-FHRFC,1386.9,69.8454,1456.7453979492188
2243-FNMMI,415.4,511.8282,927.2281860351562
2511-MORQY,2614.1,1010.2223,3624.3222900390624
5356-KZCKT,1513.6,334.66663,1848.2666259765624
9470-XCCEM,3161.6,1705.1249,4866.724877929688
6519-CFDBX,80.95,660.3936,741.3436157226563
3902-MIVLE,4676.7,674.49567,5351.195666503906
0409-WTMPL,6526.65,1416.9052,7943.555151367187
8763-KIAFH,583.3,788.91425,1372.2142456054687
3669-WHAFY,8078.1,110.20728,8188.30728302002
3055-VTCGS,3503.5,418.12204,3921.622039794922
3144-KMTWZ,6669.45,5.785668,6675.235667896271
2007-QVGAW,1292.65,71.34464,1363.9946426391602
5207-PLSTK,48.75,1842.429,1891.178955078125
2307-FYNNL,7108.2,702.72473,7810.924731445312
5605-XNWEN,1802.55,0.0,1802.55
2155-AMQRX,1505.15,1155.9612,2661.111181640625
6181-AXXYF,1859.1,0.0,1859.1
5091-HFAZW,168.5,2479.5046,2648.004638671875
2519-LBNQL,6339.45,932.8801,7272.330126953125
8623-ULFNQ,1652.4,897.6163,2550.0162719726563
1568-LJSZU,6392.85,367.69342,6760.543420410157
7789-HKSBS,4599.15,2709.446,7308.596044921875
7416-CKTEP,1134.25,295.81268,1430.0626831054688
2586-CWXVV,1621.35,142.20302,1763.5530181884765
2348-KCJLT,2722.2,1518.3136,4240.513598632812
8401-EMUWF,3058.3,1466.2135,4524.513500976563
4193-IBKSW,1769.6,0.0,1769.6
5377-NDTOU,6293.75,115.459465,6409.2094650268555
2474-LCNUE,1642.75,2260.034,3902.783935546875
0839-QNXME,578.5,808.8415,1387.3414916992188
3506-OVLKD,954.9,876.7178,1831.6177734375
6650-VJONK,43.85,1208.7207,1252.570703125
2178-PMGCJ,1490.4,177.90338,1668.3033813476563
7492-TAFJD,280.0,2553.504,2833.50390625
2773-MADBQ,1901.25,1802.7225,3703.9725341796875
6016-LVTJQ,716.4,444.67773,1161.077734375
7860-KSUGX,4720.0,18.091503,4738.091503143311
8966-KZXXA,930.95,889.4842,1820.4341918945313
5149-QYTTU,6770.85,95.79075,6866.640748596192
2070-XYMFH,1835.3,614.1111,2449.411083984375
2085-BOJKI,1588.25,4572.651,6160.90087890625
0817-HSUSE,75.5,2753.7844,2829.284423828125
5442-PPTJY,258.35,1188.244,1446.5940185546874
1927-QEWMY,1502.25,0.0,1502.25
1663-MHLHE,19.2,827.9845,847.1844970703125
5663-QBGIS,6929.4,26.253555,6955.653555297851
4450-MDZFX,4453.3,127.724396,4581.024395751953
6701-DHKWQ,3244.4,527.865,3772.264990234375
7554-AKDQF,323.45,1078.2642,1401.71416015625
0794-YVSGE,1401.15,0.0,1401.15
5423-BHIXO,1739.6,481.04315,2220.6431518554687
6908-VVYHM,5931.0,0.0,5931.0
2959-EEXWB,2333.85,789.45,3123.300012207031
1839-UMACK,949.85,601.56506,1551.4150634765624
3030-YDNRM,572.45,764.09796,1336.5479614257813
7321-KKSDU,696.8,819.5362,1516.3361938476562
3402-XRIUO,1381.8,2464.332,3846.13203125
8286-AFUYI,47.95,1608.8815,1656.8314697265625
8356-WUAOJ,45.0,1027.2437,1072.24365234375
8058-DMYRU,4931.8,121.45637,5053.256367492676
9350-ZXYJC,116.95,1699.6313,1816.58134765625
8958-JPTRR,1261.7,373.77505,1635.4750549316407
6959-GQEGV,3273.8,674.92035,3948.720349121094
3173-WSSUE,1415.85,19.181517,1435.0315166473388
1265-HVPZB,3958.2,828.9527,4787.152697753906
4115-UMJFQ,2492.25,79.27139,2571.5213928222656
7369-TRPFD,279.2,891.522,1170.72197265625
1098-KFQEC,1083.0,336.87906,1419.8790588378906
7190-XHTWJ,755.5,538.2906,1293.7905883789062
3537-RYBHH,3252.0,1194.1212,4446.1212158203125
5296-BFCYD,936.85,488.67294,1425.5229431152343
9359-JANWS,3857.1,423.9283,4281.028314208985
3279-DYZQM,1378.45,5.930266,1384.380265903473
0523-VNGTF,2566.3,346.52286,2912.822857666016
9575-IWCAZ,171.0,1571.762,1742.761962890625
7105-MXJLL,1597.4,2303.219,3900.618994140625
7064-FRRSW,4744.35,1507.2676,6251.617578125
7940-UQQUG,6721.6,647.69226,7369.292260742188
3961-SXAXY,44.05,1208.7207,1252.770703125
7010-BRBUU,1734.65,0.0,1734.65
3566-HJGPK,45.55,739.16486,784.7148559570312
3062-ICYZQ,4539.35,748.253,5287.602990722657
9938-PRCVK,804.25,626.34827,1430.5982666015625
0973-KYVNF,5011.15,0.10413608,5011.254136079549
5129-HHMZC,3574.5,2572.874,6147.3740234375
9637-CDTKZ,8086.4,0.0,8086.4
3946-JEWRQ,4563.0,1729.435,6292.43505859375
7873-CVMAW,6362.35,2.845718,6365.195717906952
0463-WZZKO,67.1,1037.4952,1104.5952392578124
4524-QCSSM,1156.55,1222.4231,2378.973095703125
5832-EXGTT,1834.15,1192.4254,3026.5754150390626
2039-JONDJ,1477.65,2236.5986,3714.2486328125
7217-JYHOQ,1706.45,2549.5388,4255.988818359375
6695-FRVEC,3953.7,292.48837,4246.188372802734
9894-QMIMJ,1327.85,2379.143,3706.99306640625
8069-YQQAJ,419.7,598.93884,1018.6388427734375
1636-NTNCO,207.35,2189.9832,2397.333154296875
3466-WAESX,1083.7,2398.363,3482.063037109375
9281-PKKZE,2007.85,107.84721,2115.697213745117
3638-VBZTA,5882.75,310.40408,6193.154083251953
7459-IMVYU,2657.55,1607.0278,4264.57783203125
8563-OYMQY,1612.2,2575.0815,4187.28154296875
0754-EEBDC,76.65,1319.131,1395.7809814453126
5777-ZPQNC,260.7,1095.8473,1356.5472900390625
1951-IEYXM,6441.85,0.0,6441.85
3318-NMQXL,266.8,1030.4412,1297.241162109375
1022-RKXDR,962.25,578.0508,1540.30078125
2361-FJWNO,1382.9,1064.307,2447.2070068359376
2272-UOINI,571.05,2935.5698,3506.61982421875
8232-UTFOZ,1399.35,57.514084,1456.8640838623046
3750-YHRYO,150.0,1262.649,1412.6490478515625
6637-KYRCV,167.2,957.38196,1124.5819580078125
5668-MEISB,7657.4,0.0,7657.4
0129-QMPDR,865.05,515.1051,1380.1551025390625
7188-CBBBA,6153.85,318.2882,6472.138208007813
5356-CSVSQ,174.2,1914.396,2088.59599609375
3221-CJMSG,1269.6,1152.0798,2421.679833984375
3219-JQRSL,6352.4,16.20998,6368.609980010986
2801-NISEI,1348.5,1304.932,2653.4320068359375
4623-ZKHLY,471.55,776.4355,1247.9854858398437
6732-VAILE,5931.75,155.30508,6087.055084228516
8201-AAXCB,1404.65,1039.171,2443.8210205078126
7696-CFTAT,726.1,696.4813,1422.5813232421874
1845-CSBRZ,1961.6,1822.2993,3783.89931640625
2123-VSCOT,4194.85,893.846,5088.696008300782
2018-QKYGT,81.05,1701.5616,1782.6116455078125
2792-VPPET,76.95,758.68555,835.635546875
7409-JURKQ,5809.75,1883.8341,7693.5841064453125
3247-MHJKM,20.2,876.4153,896.615283203125
1964-SVLEA,415.9,887.1266,1303.0265869140626
7297-DVYGA,996.95,335.72882,1332.6788208007813
2239-CGBUZ,3145.15,1126.1019,4271.251928710937
0854-UYHZD,265.3,1135.5165,1400.8164794921875
7243-LCGGZ,20.9,855.7768,876.6767944335937
8267-KFGYD,21.05,851.60785,872.6578491210937
4890-VMUAV,4576.3,571.15436,5147.454357910156
9261-WDCAF,189.1,1230.3589,1419.45888671875
3764-MNMOI,908.15,467.91354,1376.063543701172
7442-YGZFK,49.8,1732.9537,1782.7537353515625
8229-BUJHX,1500.95,16.816397,1517.7663967132569
7449-HVPIV,5099.15,466.3621,5565.512091064453
5504-WSIUR,6385.95,110.62831,6496.578311157226
8466-PZBLH,6885.75,513.1949,7398.944885253906
8735-IJJEG,668.85,1735.1475,2403.9974609375
0564-MUUQK,1916.2,2963.9958,4880.195849609375
0701-RFGFI,4613.95,591.5369,5205.486926269531
0019-EFAEP,7261.25,13.102815,7274.352814674377
5619-PTMIK,2459.8,504.40213,2964.2021301269533
3737-XBQDD,2048.8,1934.6431,3983.44306640625
5882-CMAZQ,163.55,1424.3113,1587.861279296875
5846-QFDFI,2888.7,2556.5537,5445.2537109375
4445-KWOKW,2421.6,1576.4065,3998.006494140625
3511-APPBJ,2292.75,4171.2744,6464.0244140625
7967-HYCDE,553.4,1297.368,1850.7680419921876
2430-RRYUW,3465.7,169.06613,3634.7661315917967
3723-BFBGR,1291.3,1645.3308,2936.630810546875
5447-WZAFP,5200.8,1217.3203,6418.1203125
5110-CHOPY,3237.05,687.865,3924.914990234375
4425-OWHWB,433.75,910.16473,1343.9147338867188
7892-QVYKW,1868.4,1144.6969,3013.0968994140626
9675-ICXCT,5728.55,1.4793297,5730.0293297052385
4703-MQYKT,390.4,988.99677,1379.3967651367188
5692-ICXLW,2845.15,842.6436,3687.7936157226563
0602-DDUML,3894.4,978.559,4872.959020996093
2208-MPXIO,886.4,521.2625,1407.6625122070313
1960-UYCNN,1021.55,2613.502,3635.051953125
3190-FZATL,268.4,656.8887,925.288671875
7336-RLLRH,2204.35,3400.7156,5605.065576171875
7710-JSYOA,6398.05,247.8482,6645.898205566406
9885-MFVSU,1662.05,1719.1935,3381.2434814453127
0607-MVMGC,3600.65,2025.573,5626.222998046875
3365-SAIGS,1329.15,875.9526,2205.102575683594
8022-BECSI,422.5,877.27856,1299.778564453125
9993-LHIEB,4627.65,353.9848,4981.634802246093
0266-CLZKZ,6717.9,496.10608,7214.006079101562
7020-OZKXZ,637.4,1913.5323,2550.9323486328126
3977-QCRSL,117.95,790.60406,908.5540649414063
0017-DINOC,2460.55,856.3363,3316.8863037109377
7639-OPLNG,5731.85,128.86142,5860.711419677735
1492-QGCLU,4616.1,952.8987,5568.998681640625
7328-OWMOM,589.25,764.4356,1353.6856079101562
4418-LZMSV,750.1,2932.7683,3682.868310546875
5155-AZQPB,1410.25,720.71716,2130.9671630859375
1087-GRUYI,743.5,703.3537,1446.8536987304688
2546-KZAAT,3865.45,1342.9672,5208.417163085937
0181-RITDD,6825.65,1023.39514,7849.045141601562
5989-PGKJB,1340.1,1092.6234,2432.7234130859374
8272-ONJLV,1184.0,4208.5137,5392.513671875
1488-PBLJN,8477.7,17.762024,8495.462023925782
0308-GIQJT,7382.85,97.124115,7479.974114990235
3778-FOAQW,456.85,883.1508,1340.0008178710937
4452-ROHMO,331.6,1081.4176,1413.0176025390624
3090-LETTY,134.6,3419.5054,3554.10537109375
5349-AZPEW,125.5,702.1646,827.6646118164062
9720-JJJOR,2511.3,1777.8411,4289.141064453125
8100-HZZLJ,2737.05,497.59982,3234.649822998047
8775-ERLNB,74.3,2107.4978,2181.797802734375
8309-IEYJD,70.6,712.1458,782.7458129882813
7398-HPYZQ,6404.0,71.433014,6475.433013916016
3546-GHEAE,165.35,1206.6727,1372.0227294921874
7361-YPXFS,1867.6,2209.8523,4077.452294921875
6557-BZXLQ,1043.3,490.54803,1533.8480346679687
2550-QHZGP,128.6,1139.7797,1268.3796630859374
7519-JTWQH,7455.45,318.64172,7774.091723632812
2538-OIMXF,24.7,512.13257,536.832568359375
8543-MSDMF,206.15,3032.2568,3238.4068359375
1170-SASML,5869.4,36.569138,5905.969137573242
4872-JCVCA,3377.8,26.485369,3404.285368728638
5346-BZCHP,1346.2,54.420746,1400.6207458496094
2038-LLMLM,4946.05,397.787,5343.836987304688
1216-BGTSP,4964.7,1803.299,6767.998950195312
4138-NAXED,4085.75,487.32614,4573.076141357422
0744-BIKKF,6224.8,6.432772,6231.232772159577
7483-IQWIB,3415.25,1499.3596,4914.609619140625
5248-KWLAR,6325.25,119.732605,6444.982604980469
7996-MHXLW,1683.6,130.29967,1813.8996673583983
7833-PKIHD,3966.3,1462.3484,5428.648388671875
7061-OVMIM,608.5,778.41534,1386.9153442382812
5153-RTHKF,2896.6,190.59772,3087.197717285156
1852-QSWCD,1514.85,193.44768,1708.2976776123046
4832-VRBMR,6792.45,553.2009,7345.650927734375
9079-LWTFD,4669.2,1135.6769,5804.876879882812
3392-EHMNK,6302.8,448.79074,6751.590740966797
5986-WWXDV,779.2,586.0442,1365.244189453125
3061-BCKYI,283.75,640.35944,924.1094360351562
7901-TBKJX,5594.0,0.0,5594.0
7228-PAQPD,772.85,3009.5474,3782.39736328125
7746-QYVCO,857.8,2923.0894,3780.88935546875
5804-HYIEZ,7554.05,0.0,7554.05
9919-FZDED,5981.65,0.0,5981.65
5934-TSSAU,1702.9,1548.739,3251.639013671875
3486-KHMLI,467.15,744.92456,1212.074560546875
6784-XYJAE,1941.5,1383.1003,3324.600341796875
3933-DQPWX,1932.75,984.3487,2917.0986938476562
6661-EIPZC,1423.05,316.66254,1739.7125366210937
8957-THMOA,970.85,432.332,1403.1820007324218
2251-PYLPB,5810.9,0.0,5810.9
5555-RNPGT,223.9,1220.5786,1444.47861328125
1057-FOGLZ,391.7,585.79395,977.4939453125
8087-LGYHQ,811.65,1469.7582,2281.4081787109376
4137-BTIKL,174.75,3344.8403,3519.59033203125
2190-BCXEC,3126.85,914.43054,4041.2805419921874
6227-FBDXH,6841.45,230.40585,7071.855853271484
2911-WDXMV,1406.65,1819.0917,3225.7416748046876
7206-PQBBZ,834.7,974.7022,1809.4022094726563
4547-FZJWE,3157.0,865.26514,4022.26513671875
7422-WNBTY,3092.0,1784.662,4876.6619873046875
0842-IWYCP,2168.9,239.06235,2407.9623474121095
3521-HTQTV,980.35,930.09015,1910.4401489257812
3744-ZBHON,65.95,801.2014,867.151416015625
3373-DIUUN,711.9,845.4315,1557.3315185546876
8383-SGHJU,1952.8,1979.6484,3932.4484375
7607-QKKTJ,4368.85,2369.4783,6738.328271484375
7707-PYBBH,2647.1,823.38763,3470.4876342773437
8984-HPEMB,8477.6,62.310333,8539.910333251953
4139-DETXS,4528.0,0.0,4528.0
9779-DPNEJ,1790.65,685.09546,2475.745458984375
9805-FILKB,845.6,482.05014,1327.6501403808593
5793-YOLJN,1210.3,359.46356,1569.7635620117187
0673-IGUQO,20.45,886.3886,906.8386108398438
4123-FCVCB,854.45,3606.348,4460.797900390625
8819-IMISP,2429.1,579.96375,3009.0637451171874
8311-UEUAB,5229.45,298.25943,5527.70942993164
5858-EAFCZ,44.45,882.9779,927.4279052734375
1163-ONYEY,3023.55,1736.8071,4760.35712890625
5656-MJEFC,2032.3,1551.5281,3583.828076171875
6082-OQFBA,436.9,895.6164,1332.5163940429688
8974-OVACP,20.15,839.0965,859.2464965820312
4010-YLMVT,5893.95,698.8582,6592.808215332031
1379-FRVEB,1430.05,1622.5416,3052.5916259765627
8612-GXIDD,313.0,1466.8448,1779.8448486328125
6288-CHQJB,3871.85,1263.4314,5135.281396484375
8160-HOWOX,458.1,913.28876,1371.3887573242187
6648-INWPS,341.35,758.2653,1099.6153198242187
4223-BKEOR,1336.8,2921.6616,4258.46162109375
4079-VTGLK,2181.75,2978.4275,5160.177490234375
1763-WQFUK,147.75,1212.6493,1360.3992919921875
1391-UBDAR,818.45,961.71045,1780.16044921875
8894-JVDCV,7133.45,989.4302,8122.88017578125
2023-VQFDL,348.8,543.31287,892.1128662109375
1345-GKDZZ,128.6,802.59595,931.195947265625
2014-MKGMH,4674.4,1513.7535,6188.153540039062
5628-FCGYG,1737.45,491.97675,2229.4267456054686
2560-WBWXF,1498.85,91.245636,1590.095635986328
0248-IPDFW,50.1,952.1905,1002.2904907226563
7978-DKUQH,1797.75,663.0577,2460.8076782226562
4335-UPJSI,498.1,957.1218,1455.221826171875
1784-EZDKJ,5498.8,1884.923,7383.722973632813
9297-FVVDH,4845.4,1200.0994,6045.499365234375
8007-YYPWD,369.1,1339.5548,1708.6548095703124
7101-HRBLJ,6096.9,16.105618,6113.005617523193
6635-CPNUN,2684.35,2982.3337,5666.683740234375
5453-YBTWV,6994.8,176.4612,7171.261196899414
5039-LZRQT,273.25,1041.8616,1315.111572265625
2931-VUVJN,5483.9,1077.5092,6561.409155273437
6418-PIQSP,4985.9,782.41766,5768.317663574218
8220-OCUFY,1258.35,2582.0828,3840.432763671875
3995-WFCSM,111.4,1609.1527,1720.5527099609376
1895-QTKDO,43.95,1276.4825,1320.4325439453125
2038-OEQZH,308.1,1629.6678,1937.7678466796874
1178-PZGAB,383.65,1001.97815,1385.6281494140626
2626-VEEWG,1284.2,98.571,1382.7709991455079
2878-RMWXY,7550.3,0.34734073,7550.647340732813
1657-DYMBM,1110.05,399.93,1509.9799926757812
7311-MQJCH,99.6,1139.4845,1239.0844970703124
7375-WMVMT,6707.15,76.98234,6784.13233795166
1136-XGEQU,4164.4,1816.3938,5980.793798828125
2530-FMFXO,5873.75,1524.1624,7397.912353515625
6844-DZKRF,109.25,1934.8733,2044.123291015625
5970-GHJAW,862.4,492.88626,1355.2862609863282
8879-XUAHX,8564.75,105.55706,8670.3070602417
3689-MOZGR,926.2,185.01028,1111.2102844238282
4195-PNGZS,1718.2,71.97545,1790.1754486083985
5003-XZWWO,5956.85,69.69212,6026.542123413086
7622-FWGEW,4824.45,1363.8656,6188.315600585937
6922-NCEDI,1238.65,281.17255,1519.8225463867188
9891-NQDBD,672.2,990.75824,1662.9582397460938
6131-IUNXN,382.2,681.2372,1063.4371826171875
8548-AWOFC,4264.6,13.4369545,4278.036954498291
9798-DRYDS,1070.7,2864.3289,3935.028857421875
8532-UEFWH,1345.85,496.36163,1842.2116333007812
6296-DDOOR,1045.25,2314.332,3359.58203125
7951-VRDVK,3003.55,2813.0898,5816.63984375
4815-YOSUK,7537.5,17.723797,7555.223796844482
0380-NEAVX,3343.15,2766.2173,6109.36728515625
4365-MSDYN,161.15,990.2727,1151.422705078125
7036-TYDEC,7028.5,294.9467,7323.446685791016
5802-ADBRC,5232.9,1843.1208,7076.020849609375
8076-FEZKJ,225.85,1061.4192,1287.269189453125
5197-YPYBZ,274.7,1560.6426,1835.342578125
4312-GVYNH,3370.2,110.77147,3480.9714691162108
8495-LJDFO,7111.3,384.3701,7495.670086669922
0839-JTCUD,5958.85,520.8277,6479.677697753907
5494-WOZRZ,5999.85,93.58328,6093.4332824707035
1302-UHBDD,1648.45,735.12665,2383.5766479492186
2234-EOFPT,5753.25,3.9740837,5757.224083662033
8619-IJNDK,4492.9,32.76613,4525.666128540039
8378-LKJAF,3956.7,1618.3832,5575.083178710937
1153-GNOLC,1309.0,1100.3138,2409.3138427734375
3298-QEICA,813.45,1642.8573,2456.3072998046873
0788-DXBFY,1108.8,270.5336,1379.3335998535156
3597-YASZG,7349.35,201.08089,7550.430886840821
3496-LFSZU,294.2,1286.025,1580.2250244140625
5242-UOWHD,929.2,557.3389,1486.5389282226563
6479-SZPLM,754.5,694.1597,1448.6597290039062
8097-VBQTZ,3883.3,340.82693,4224.126934814453
4500-HKANN,1414.2,2892.651,4306.85087890625
9917-KWRBE,3211.2,2329.7993,5540.99931640625
3420-ZDBMA,371.6,687.4425,1059.0425048828124
2212-LYASK,1246.4,1836.6693,3083.0693115234376
1393-IMKZG,95.85,1748.4785,1844.328515625
8069-RHUXK,2545.7,184.95424,2730.6542388916014
3398-GCPMU,6448.85,5.5055275,6454.355527496338
2908-WGAXL,1468.9,392.38373,1861.2837280273438
3378-AJRAO,1013.6,604.02625,1617.6262451171874
1013-QCWAM,6690.75,0.0,6690.75
6050-FFXES,7240.65,296.33948,7536.989477539062
0362-RAOQO,830.25,648.87695,1479.126953125
9554-DFKIC,1588.7,1368.0817,2956.7816650390623
5527-ACHSO,829.3,1904.3092,2733.6092041015627
0829-DDVLK,302.45,1078.3495,1380.7994873046875
1399-UBQIU,712.25,1478.5969,2190.846923828125
1813-JLKWR,1336.65,109.75132,1446.401319885254
0336-PIKEI,5360.75,0.0,5360.75
7322-OCWHC,6735.05,3.132789,6738.182788896561
9537-VHDTA,51.2,1826.5521,1877.7521240234375
4957-TIALW,1010.0,3830.011,4840.010986328125
2054-PJOCK,4847.05,805.8174,5652.8673828125
9150-HEPMB,3019.7,634.88324,3654.5832397460936
9030-QGZNL,161.65,1238.9268,1400.5767578125
3126-WQMGH,2583.75,445.8797,3029.6296997070312
7176-WRTNX,7711.25,217.96803,7929.218032836914
5732-IKGQH,5481.25,1860.7695,7342.01953125
9239-GZHZE,8124.2,0.0,8124.2
7205-BAIAD,827.3,662.6503,1489.9503295898437
0093-EXYQL,3673.6,6.285979,3679.885978794098
8064-RAVOH,49.85,1181.6782,1231.52822265625
0219-QAERP,576.65,764.8487,1341.4986938476563
9168-INPSZ,4495.65,1053.2506,5548.900610351562
0015-UOCOJ,340.35,1217.4465,1557.796533203125
5334-AFQJB,1789.9,0.0,1789.9
2754-SDJRD,908.55,3182.7913,4091.341259765625
8963-JLGJT,157.55,2291.4983,2449.048291015625
1465-LNTLJ,581.7,3109.8647,3691.56474609375
2135-DQWAQ,420.45,1556.9032,1977.3531982421875
4056-QHXHZ,7576.7,0.0,7576.7
7401-JIXNM,4965.0,1631.5504,6596.5504150390625
9339-FIIJL,6151.9,4.4449644,6156.344964408874
4706-DGAHW,45.2,976.6924,1021.8923828125
6670-MFRPK,5420.65,178.93329,5599.583288574218
6177-PEVRA,2627.35,1205.9796,3833.3296142578124
4813-HQMGZ,743.75,2314.974,3058.72412109375
7579-KKLOE,6589.6,82.616516,6672.216516113282
8402-EIVQS,6733.15,381.4608,7114.610784912109
4947-DSMXK,3410.0,2116.2188,5526.21875
7245-NIIWQ,199.85,521.43726,721.287255859375
0002-ORFBO,593.3,3704.1936,4297.493603515625
3324-OIRTO,7288.4,102.14038,7390.540380859375
5414-OFQCB,5229.8,1060.1781,6289.978100585938
4967-WPNCF,4464.8,0.0,4464.8
8552-OBVRU,5068.05,1081.201,6149.251049804688
8499-BRXTD,401.85,959.8973,1361.7472778320312
9154-QDGTH,4451.85,2599.6501,7051.500146484375
8197-BFWVU,6688.95,2.4753752,6691.425375175476
2577-GVSIL,2661.1,2462.8716,5123.97158203125
9367-OIUXP,73.05,842.9431,915.993115234375
6770-UAYGJ,1211.65,544.57605,1756.2260498046876
6463-HHXJR,7030.65,82.948395,7113.59839477539
7928-VJYAB,1020.2,1674.315,2694.51494140625
1187-WILMM,5597.65,762.41064,6360.06064453125
9776-OJUZI,6223.3,119.81404,6343.1140411376955
1306-RPWXZ,1024.65,459.00192,1483.651922607422
3097-PYWXL,82.9,872.83813,955.738134765625
2266-SJNAT,7789.6,37.488754,7827.088754272461
0869-PAPRP,2067.0,1731.1165,3798.116455078125
4238-JSSWH,3452.55,1810.1747,5262.724682617188
2972-YDYUW,5468.95,999.85785,6468.807849121094
1104-FEJAM,1802.15,1736.8999,3539.04990234375
2809-ILCYT,733.55,1029.3579,1762.90791015625
5499-ECUTN,3021.45,1501.1703,4522.620288085937
4981-FLTMF,3687.85,720.0586,4407.90859375
9121-PHQSR,1391.15,2322.8667,3714.01669921875
3113-IWHLC,274.35,1902.8187,2177.1687255859374
4277-BWBML,1322.85,0.0,1322.85
0234-TEVTT,2196.3,1003.5711,3199.8711059570314
4304-TSPVK,7843.55,458.08746,8301.637463378906
1552-AAGRX,3211.9,2745.3386,5957.238623046875
2637-FKFSY,130.15,995.1988,1125.3487915039063
9796-MVYXX,692.35,2269.727,2962.07705078125
7874-ECPQJ,85.5,940.0848,1025.5847778320312
0020-INWCK,6849.4,93.83875,6943.238752746582
7089-RKVSZ,203.95,1480.7244,1684.674365234375
2683-JXWQQ,2117.2,214.99263,2332.1926300048826
9548-ZMVTX,6565.85,22.817745,6588.667745208741
8739-XNIKG,424.75,1062.7832,1487.533203125
9755-JHNMN,3306.85,1485.2096,4792.059594726563
3981-QSVQI,168.9,835.814,1004.7140258789062
2789-HQBOU,253.8,919.82,1173.6200073242187
9424-CMPOG,197.4,1230.2812,1427.68125
5067-WJEUN,3838.2,186.68002,4024.880023193359
3450-WXOAT,2065.15,197.73894,2262.88893737793
9251-WNSOD,5064.45,276.34418,5340.794177246094
6974-DAFLI,1140.05,307.506,1447.5560119628906
2616-UUTFK,2447.45,2362.3428,4809.7927734375
7064-JHXCE,1263.9,192.91849,1456.8184875488282
7989-AWGEH,1838.15,275.9694,2114.1193908691407
4373-VVHQL,44.75,763.60376,808.353759765625
4559-UWIHT,1185.0,2668.8,3853.800048828125
7268-IGMFD,1743.9,2812.9558,4556.855810546875
6650-BWFRT,8529.5,1.0255516,8530.52555155754
9570-KYEUA,6549.45,747.8321,7297.282092285156
6993-YGFJV,7806.5,321.52206,8128.022064208984
2712-SYWAY,25.7,1029.0775,1054.7775146484375
0730-BGQGF,6287.3,71.11156,6358.411557006836
5498-IBWPI,3251.85,306.45526,3558.3052612304687
9101-NTIXF,50.6,826.83636,877.4363647460938
0013-SMEOE,7904.25,106.32019,8010.5701904296875
9314-QDMDW,729.95,2821.703,3551.652880859375
9308-ANMVE,2654.05,268.70258,2922.752575683594
3413-DHLPB,5969.95,620.9289,6590.878894042969
7649-PHJVR,226.8,1058.8306,1285.63056640625
6114-TCFID,1082.75,1510.8508,2593.600830078125
3787-TRIAL,565.75,385.36252,951.1125183105469
2573-GYRUU,4370.75,886.93585,5257.685852050781
5156-UMKOW,90.05,944.3434,1034.3933837890625
1247-QBVSH,2169.4,501.18863,2670.5886291503907
6734-GMPVK,550.6,3666.2686,4216.8685546875
9822-OAOVB,55.45,909.19183,964.6418334960938
6161-ERDGD,6300.85,3.2796159,6304.129615879059
1226-JZNKR,160.05,1203.9297,1363.9796875
7318-EIVKO,436.6,1035.6783,1472.2783447265624
3771-PZOBW,1781.35,1716.1161,3497.4660888671874
8231-BSWXX,5552.5,100.595406,5653.095405578613
6486-LHTMA,2835.5,2590.0312,5425.53125
4083-BFNYK,3591.25,3156.5413,6747.791259765625
7389-KBFIT,63.75,1080.8804,1144.63037109375
7176-WIONM,617.15,1822.8756,2440.0256103515626
5141-ZUVBH,870.25,4180.98,5051.22998046875
1089-HDMKP,601.25,1613.7378,2214.98779296875
7623-HKYRK,111.65,809.7145,921.3644775390625
0310-SUCIN,6046.1,67.85121,6113.951211547852
5197-PYEPU,3923.8,2578.3552,6502.155224609375
6619-RPLQZ,892.15,564.2843,1456.4343017578126
3275-RHRNE,1682.05,2517.1514,4199.2013671875
3503-TYDAY,3398.9,726.08264,4124.982641601562
6901-GOGZG,4984.85,1005.7149,5990.564904785157
7021-XSNYE,305.55,3182.3032,3487.85322265625
9621-OUPYD,507.9,884.0517,1391.9516967773438
8982-NHAVY,2673.45,3546.5671,6220.017138671875
4307-KWMXE,389.8,1118.8495,1508.6494873046875
0141-YEAYS,2401.05,1847.054,4248.103955078125
2450-ZKEED,651.55,2961.818,3613.368115234375
3694-DELSO,156.1,1911.838,2067.9380126953124
3893-JRNFS,2796.35,9.446755,2805.7967554092406
9603-OAIHC,70.05,730.8042,800.85419921875
1133-KXCGE,407.05,947.5055,1354.5554931640625
0142-GVYSN,511.25,331.96753,843.217529296875
1049-FYSYG,646.05,1246.4987,1892.5486572265625
8406-LNMHF,4903.15,937.7643,5840.914282226562
1821-BUCWY,1653.85,2137.0015,3790.85146484375
0023-UYUPN,1306.3,505.09937,1811.399365234375
8314-DPQHL,463.6,2931.1348,3394.734765625
1465-WCZVT,60.65,947.8961,1008.5461181640625
9481-SFCQY,824.85,1667.6423,2492.492333984375
6360-SVNWV,2094.65,1034.4528,3129.1027587890626
0567-GGCAC,438.9,2308.0781,2746.978125
8884-MRNSU,329.75,1064.34,1394.0899658203125
2171-UDMFD,674.55,614.6784,1289.2284057617187
9050-IKDZA,162.55,1146.3376,1308.887646484375
9802-CAQUT,7887.25,0.0,7887.25
0187-WZNAB,1972.35,1060.6647,3033.0146728515624
1475-VWVDO,490.55,876.65485,1367.2048461914062
1357-MVDOZ,683.25,2174.8833,2858.13330078125
7602-MVRMB,8058.85,4.869466,8063.719465827942
1197-BVMVG,294.45,963.3915,1257.8414794921875
5406-KGRMX,1719.15,57.275375,1776.425375366211
5968-HYJRZ,1160.45,568.5206,1728.9706298828125
5198-EFNBM,5199.8,883.5438,6083.343823242188
7516-GMHUV,5163.3,2263.298,7426.598095703125
7140-ADSMJ,162.3,908.48083,1070.7808349609375
2230-XTUWL,883.35,443.29346,1326.64345703125
7706-YLMQA,1341.5,38.839466,1380.3394660949707
2585-KTFRE,70.45,3777.1558,3847.60576171875
7994-UYIVZ,659.45,2352.5405,3011.99052734375
7717-BICXI,1205.05,247.45888,1452.5088775634765
6559-RAKOZ,4917.9,1537.7836,6455.683569335937
4716-MRVEN,599.3,742.3825,1341.6825073242187
2143-LJULT,1733.15,137.49579,1870.6457885742188
3200-MNQTF,4677.1,358.5928,5035.6928039550785
6164-HXUGH,119.3,938.0076,1057.3076293945312
5630-IXDXV,4849.1,541.07074,5390.170739746094
0320-DWVTU,5424.25,1770.7769,7195.02685546875
9135-MGVPY,5878.9,263.47983,6142.379827880859
1212-GLHMD,244.85,2221.103,2465.95302734375
7878-JGDKK,220.75,838.30804,1059.0580444335938
1088-AUUZZ,4261.2,1186.6893,5447.889331054687
6614-YWYSC,1501.75,287.91412,1789.6641235351562
9588-OZDMQ,89.75,1002.2125,1091.9625244140625
6476-EPYZR,255.5,874.5462,1130.0462036132812
1174-FGIFN,2509.25,3004.016,5513.26611328125
6620-HVDUJ,1440.75,2002.0359,3442.785888671875
1032-MAELW,5333.35,259.09235,5592.442346191407
7641-TQFHN,3895.35,3018.23,6913.57998046875
1552-TKMXS,869.9,447.37695,1317.276953125
8622-ZLFKO,512.25,3195.802,3708.052001953125
6188-UXBBR,814.75,629.24927,1443.999267578125
2333-KWEWW,388.6,1037.2906,1425.8906494140624
5702-SKUOB,93.45,912.6625,1006.1124755859375
1134-YWTYF,1389.85,1158.1301,2547.980126953125
6061-GWWAV,2894.55,1779.1399,4673.689892578125
0679-TDGAK,4025.6,1527.039,5552.638940429688
6585-WCEWR,1354.4,15.088766,1369.4887660980226
9067-YGSCA,1856.4,28.664303,1885.0643028259278
9067-SQTNS,926.0,532.14667,1458.1466674804688
1776-SPBWV,682.1,686.6174,1368.7173706054687
8735-SDUFN,1778.7,0.0,1778.7
9668-PUGNU,1816.2,53.10711,1869.3071090698243
9405-GPBBG,7069.25,796.77496,7866.024963378906
1926-QUZNN,1841.2,0.0,1841.2
7016-NVRIC,2656.7,3496.1394,6152.839404296875
5829-NVSQN,1689.45,3247.4116,4936.86162109375
9565-AXSMR,1054.75,373.52322,1428.2732238769531
8869-LIHMK,7334.05,855.6277,8189.677685546875
0447-RXSGD,2404.85,2026.2196,4431.069604492188
4927-WWOOZ,171.45,2733.483,2904.93291015625
5788-YPOEG,2839.45,3144.026,5983.47587890625
0661-KBKPA,3942.45,1204.0648,5146.514819335937
9081-WWXKP,873.4,505.05557,1378.4555725097657
0784-ZQJZX,1529.65,0.0,1529.65
3133-PZNSR,6991.6,0.0,6991.6
0722-SVSFK,715.0,2103.9778,2818.977783203125
3612-YVGSJ,1681.6,15.702003,1697.3020025253295
9825-YCXWZ,4016.2,2587.7317,6603.931689453125
5397-NSKQG,3281.65,271.64294,3553.2929443359376
8565-HBFNN,7317.1,248.38821,7565.4882141113285
2000-DHJUY,6474.45,180.7887,6655.238696289062
8670-ERCJH,8164.1,0.0,8164.1
7758-UJWYS,1325.85,1402.1313,2727.98134765625
2050-ONYDQ,1654.85,198.97313,1853.8231292724608
7055-JCGNI,7795.95,196.35307,7992.303073120117
0739-UUAJR,3952.45,0.0,3952.45
4826-DXMUP,2495.15,2083.0305,4578.180517578125
7285-KLOTR,876.75,4292.8936,5169.6435546875
0654-PQKDW,4263.45,671.72076,4935.170764160156
7175-NTIXE,1992.95,2294.2488,4287.198779296875
7963-SHNDT,1982.1,734.0693,2716.1692749023437
9796-BPKIW,562.7,1306.6193,1869.3192626953125
0188-GWFLE,33.7,859.6579,893.3578979492188
8129-GMVGI,1090.1,315.2915,1405.39150390625
2882-DDZPG,227.45,784.326,1011.7759887695313
3547-LQRIK,1250.85,557.6099,1808.4599243164062
9137-NOQKA,37.2,819.2931,856.4930908203125
5843-TTHGI,892.7,631.3031,1524.0031005859375
1849-RJYIG,487.75,1453.1083,1940.8582763671875
8868-GAGIO,3713.95,905.52686,4619.47685546875
4061-UKJWL,141.7,871.63165,1013.3316528320313
5380-XPJNZ,678.2,563.0894,1241.2894165039063
8263-QMNTJ,8425.3,1.0878612,8426.387861180305
3230-JCNZS,7061.65,81.39053,7143.040533447265
0277-ORXQS,3364.55,289.31323,3653.863232421875
7996-BPXHY,332.5,1419.0916,1751.591552734375
3227-WLKLI,5963.95,650.1762,6614.126208496094
2266-FUBDZ,278.85,1090.0386,1368.88857421875
8237-ULIXL,1871.85,0.0,1871.85
8216-AZUUZ,4303.65,2724.409,7028.058935546875
9153-BTBVV,1753.0,27.740572,1780.740571975708
5186-PEIZU,617.65,441.6222,1059.2721923828126
1074-AMIOH,5935.1,1120.4022,7055.502221679688
4361-FEBGN,982.95,465.38858,1448.3385803222657
7748-UMTRK,2974.5,933.4745,3907.9744873046875
0380-ZCSBI,198.7,897.91974,1096.6197387695313
7145-FEJWU,1275.65,2647.7717,3923.421728515625
6463-MVYRY,4003.0,1058.3386,5061.338623046875
3969-JQABI,3791.6,483.0777,4274.677697753907
9624-EGDEQ,813.3,694.3043,1507.6043212890625
1051-EQPZR,780.25,308.90717,1089.1571655273438
5849-ASHZJ,552.9,863.1101,1416.010107421875
5780-INQIK,408.25,1108.0702,1516.3201904296875
4526-ZJJTM,2191.15,2409.9006,4601.050634765625
8384-FZBJK,5611.7,240.78531,5852.48530883789
3750-RNQKR,246.25,618.18896,864.43896484375
0962-CQPWQ,1296.15,202.65477,1498.804769897461
3096-YXENJ,7082.85,695.2998,7778.1498046875
1265-BCFEO,5662.25,45.428295,5707.678295135498
5837-LXSDN,1215.45,2657.1963,3872.6462890625
5945-AZYHT,7854.15,71.94725,7926.097250366211
8325-QRPZR,525.0,770.861,1295.8610229492188
6384-VMJHP,5265.2,0.0,5265.2
2262-SLNVK,70.1,816.17017,886.270166015625
7730-CLDSV,7129.45,14.87883,7144.3288299560545
1135-HIORI,7266.95,644.6985,7911.648486328125
0164-APGRB,8496.7,0.0,8496.7
6481-ESCNL,2878.75,1655.8538,4534.603759765625
1790-NESIO,261.3,1167.6818,1428.9817626953125
1550-EENBN,3205.6,1923.6664,5129.266381835938
8198-RKSZG,1137.05,4074.188,5211.23798828125
9297-EONCV,6697.2,0.0,6697.2
1069-QJOEE,505.45,892.1114,1397.5613891601563
7799-DSEWS,1299.8,2235.636,3535.435986328125
8766-PAFNE,5564.85,82.80877,5647.658769226075
5315-CKEQK,1381.8,1706.9233,3088.72333984375
3130-ICDUP,188.1,3664.6934,3852.793359375
0820-FNRNX,1077.05,2821.2605,3898.310498046875
0880-FVFWF,4922.4,228.05849,5150.458486938476
4611-ANLQC,2911.5,491.07953,3402.5795288085938
4213-HKBJO,826.1,993.3445,1819.444482421875
2792-LSHWX,83.4,3140.522,3223.92197265625
0014-BMAQU,5377.8,539.82227,5917.622265625
9018-PCIOK,3617.1,996.2648,4613.364770507813
4837-QUSFT,6643.5,539.8745,7183.37451171875
9953-ZMKSM,1559.3,230.56764,1789.867642211914
0907-HQNTS,7987.6,236.22469,8223.824685668946
7665-NKLAV,1547.35,1504.8345,3052.18447265625
4391-LNRXK,2142.8,2668.6296,4811.429638671875
8250-ZNGGW,287.85,3023.143,3310.99306640625
8562-GHPPI,19.8,1055.6278,1075.4278076171875
5893-PYOLZ,4534.45,1297.3398,5831.78984375
4986-MXSFP,40.9,738.8445,779.744482421875
6131-FOYAS,2094.9,932.28046,3027.180456542969
3027-YNWZU,1584.8,216.49759,1801.297589111328
5609-IMCGG,1302.65,2809.2095,4111.85947265625
4727-MCYZG,55.55,1291.5574,1347.107373046875
9481-WHGWY,5437.75,164.99335,5602.743347167969
4328-VUFWD,2209.15,1527.9414,3737.09140625
3301-LSLWQ,1912.15,1024.2153,2936.36533203125
7473-ZBDSN,255.55,1099.9448,1355.49482421875
3166-PNEOF,5175.3,905.72687,6081.026867675781
5639-NTUPK,670.65,1788.5881,2459.238134765625
8780-YRMTT,3177.25,244.84981,3422.099807739258
5140-FOMCQ,6557.75,1260.5914,7818.3414306640625
6242-SGYTS,5791.85,816.823,6608.672998046875
8166-ORCHU,3055.5,3118.014,6173.513916015625
8414-OOEEL,5196.1,477.7082,5673.808190917969
8454-AATJP,8405.0,0.0,8405.0
4531-AUZNK,5000.05,1449.1681,6449.218090820313
4191-XOVOM,6713.2,90.73128,6803.93127746582
2150-OEGBV,562.6,872.0452,1434.6452270507812
1855-CFULU,91.45,807.2868,898.7368041992188
4878-BUNFV,828.85,625.26794,1454.1179443359374
1872-EBWSC,617.35,758.0704,1375.4203735351562
7026-YMSBE,625.05,723.0425,1348.09248046875
6997-UVGOX,6029.9,75.214584,6105.114584350586
9674-EHPPG,1842.7,1063.9553,2906.655322265625
5440-VHLUL,7386.05,229.73734,7615.787335205078
5781-BKHOP,7334.05,12.687321,7346.737320709229
5213-TWWJU,2626.15,1268.0739,3894.2238525390626
8628-MFKAX,8277.05,3.776069,8280.826068925857
7629-WIXZF,369.25,3096.0586,3465.30859375
5445-GLVOT,1049.05,705.0852,1754.135205078125
3976-HXHCE,1414.8,0.0,1414.8
2466-NEJOJ,169.75,1083.3456,1253.0955810546875
0254-KCJGT,4354.45,1664.0924,6018.542407226562
5472-CVMDX,2719.2,126.38455,2845.584552001953
6461-SZMCV,6365.35,84.5364,6449.886399841309
8150-QUDFX,51.6,849.75793,901.3579345703125
9508-ILZDG,3190.25,1108.9802,4299.230224609375
2346-DJQTB,812.5,2.1611466,814.6611466407776
1697-LYYYX,1143.8,171.3552,1315.1551940917968
1942-OQFRW,44.0,866.3713,910.3712768554688
9640-ZSLDC,3297.0,1148.9387,4445.938720703125
4231-LZUYM,1887.0,0.0,1887.0
6128-AQBMT,2215.4,697.9621,2913.362097167969
3594-BDSOA,482.8,914.747,1397.5470092773437
5133-VRSAB,216.45,913.0201,1129.4700805664063
5996-DAOQL,20.45,807.70245,828.1524536132813
6838-YAUVY,5064.85,1544.7653,6609.615258789063
0484-JPBRU,996.45,465.34216,1461.7921630859375
7883-ROJOC,839.65,685.64545,1525.2954467773438
0244-LGNFY,6733.0,2.882065,6735.8820650577545
7274-CGTOD,2618.3,412.6843,3030.984295654297
4295-YURET,4084.35,1140.0901,5224.440087890625
4635-EJYPD,613.95,746.6374,1360.5873901367188
1866-ZSLJM,402.85,714.1046,1116.9546142578124
4636-TVXVG,1244.8,162.55264,1407.3526428222656
4236-UJPWO,46.4,446.2785,492.6785034179687
9392-XBGTD,581.85,906.7196,1488.5696044921874
6402-SSEJG,1540.2,2394.3462,3934.54619140625
1169-SAOCL,5168.1,1976.2375,7144.337548828125
1110-KYLGQ,6780.1,394.22034,7174.320336914063
9929-PLVPA,94.5,1033.516,1128.0159912109375
3518-PZXZQ,55.3,1361.5166,1416.8166015625
2371-JUNGC,208.0,695.08386,903.0838623046875
7693-QPEFS,3829.75,142.23376,3971.9837646484375
0924-BJCRC,5294.6,221.34836,5515.948358154297
5074-FBGHB,6889.8,602.07697,7491.876965332031
2351-BKRZW,3254.35,2098.234,5352.58388671875
4455-BFSPD,6383.9,910.15173,7294.051733398437
3948-KXDUF,4447.55,391.8641,4839.41410522461
2323-ARSVR,7321.05,517.79865,7838.848645019531
0815-MFZGM,4135.0,2950.018,7085.01806640625
5480-XTFFL,697.7,824.06177,1521.761767578125
8295-FHIVV,168.65,649.44073,818.0907348632812
9086-YJYXS,2753.8,2788.7268,5542.526806640625
1179-INLAT,69.25,1196.5277,1265.7777099609375
7909-FIOIY,434.8,359.95227,794.7522705078125
6351-SCJKT,107.25,1949.7943,2057.0443115234375
5468-BPMMO,851.2,241.55702,1092.7570220947266
0197-PNKNK,5848.6,192.62788,6041.227883911133
2439-QKJUL,109.8,831.6761,941.4760864257812
1194-SPVSP,19.65,1028.35,1047.9999755859376
9534-NSXEM,595.5,874.46326,1469.9632568359375
8929-KSWIH,2513.5,4547.913,7061.4130859375
2250-IVBWA,5135.35,121.264175,5256.614175415039
1810-MVMAI,2000.2,2495.909,4496.108935546875
9506-UXUSK,931.75,334.52213,1266.2721252441406
1229-RCALF,7396.15,781.31134,8177.461340332031
3572-UOLYZ,3958.85,646.5911,4605.441125488282
1429-UYJSV,260.9,1026.9355,1287.835546875
6366-XIVKZ,816.8,2152.17,2968.969921875
3470-OBUET,4868.4,389.2636,5257.663610839843
2770-NSVDG,688.0,547.1451,1235.1450805664062
9375-MHRRS,288.35,1279.1274,1567.47744140625
4860-YZGZM,185.4,668.3765,853.7765258789062
6599-GZWCM,966.25,2730.1863,3696.436279296875
5533-NHFRF,265.8,1500.3597,1766.1597412109375
7037-MTYVW,3297.0,2908.8506,6205.8505859375
4760-THGOT,4107.3,1243.7827,5351.08271484375
4016-BJKTZ,2809.05,4944.9497,7753.99970703125
6584-VQMYT,1567.55,2142.9175,3710.46748046875
9838-BFCQT,1851.45,10.932906,1862.382906150818
2790-XUYMV,6028.95,89.97804,6118.928042602539
0581-MDMPW,2072.75,1451.578,3524.3280029296875
1023-BQXZE,4317.35,1103.7258,5421.075830078125
9163-GHAYE,736.8,1025.445,1762.2449462890625
3904-UKFRE,336.15,2285.0884,2621.23837890625
5353-WILCI,1522.65,993.4527,2516.1026977539063
0058-EVZWM,4959.6,425.04422,5384.6442199707035
7009-PCARS,1001.5,286.4521,1287.9520874023438
0519-DRGTI,442.6,643.6854,1086.2854248046874
1017-FBQMM,6703.5,850.49774,7553.997741699219
1985-MBRYP,779.25,547.491,1326.7410278320312
9372-TXXPS,3483.45,694.85956,4178.309558105469
3259-QMXUN,4890.5,1162.0747,6052.57470703125
1015-JPFYW,136.75,1142.2827,1279.03271484375
6645-MXQJT,184.15,3517.5356,3701.68564453125
4360-QRAVE,1315.0,450.84738,1765.8473815917969
8433-WPJTV,6767.1,542.273,7309.373010253907
5804-JMYIO,757.95,651.1362,1409.08623046875
6484-LATFU,1657.4,100.482956,1757.8829559326173
7599-NTMDP,3008.55,480.68646,3489.236462402344
0536-ACXIP,8165.1,0.0,8165.1
0936-NQLJU,875.55,688.78076,1564.33076171875
1575-KRZZE,220.65,1922.0293,2142.679296875
3251-YMVWZ,1301.9,406.15005,1708.0500549316407
4884-LEVMQ,790.0,699.6272,1489.627197265625
8857-CUPFQ,1237.65,163.93074,1401.5807403564454
7610-TVOPG,378.6,776.3243,1154.9242797851562
3638-DIMPH,592.65,1952.6082,2545.258154296875
1845-ZLLIG,50.15,1472.318,1522.4679931640626
8559-WNQZS,20.45,1359.5472,1379.9972412109375
1699-UOTXU,3638.25,703.6905,4341.940490722656
0635-WKOLD,2921.75,2121.537,5043.287109375
5993-JSUWV,4017.45,252.18456,4269.634555053711
4518-FZBSX,854.9,570.6492,1425.549169921875
5387-ASZNZ,4174.35,290.97314,4465.32314453125
6988-CJEYV,4920.55,401.01672,5321.566723632813
3097-FQTVJ,810.3,606.0859,1416.3858764648437
5465-BUBFA,772.4,619.9599,1392.3598999023438
7299-GNVPL,1936.85,2559.3904,4496.240380859375
9743-DQKQW,79.8,480.74637,560.5463684082031
1215-VFYVK,202.25,2262.7185,2464.968505859375
9371-BITHB,1070.5,394.82394,1465.3239440917969
9093-FPDLG,999.9,2568.235,3568.135107421875
0541-FITGH,113.1,2351.4604,2464.56044921875
6985-HAYWX,2015.8,1912.4976,3928.29755859375
7508-KBIMB,1454.25,2545.192,3999.44189453125
6838-HVLXG,246.7,655.3665,902.0665161132813
2277-DJJDL,6017.9,135.07864,6152.978643798828
1897-OKVMW,5817.45,777.2112,6594.661181640625
5485-ITNPC,5595.3,502.75128,6098.051281738281
0233-FTHAV,4765.0,571.45593,5336.4559326171875
4644-PIZRT,1201.65,3705.626,4907.2759765625
8922-NPKBJ,867.3,578.01843,1445.3184326171875
2740-TVLFN,50.15,1087.3119,1137.4618896484376
7771-CFQRQ,3007.25,1487.245,4494.4949951171875
9512-PHSMG,252.75,780.3491,1033.09912109375
6963-EZQEE,6306.5,186.04994,6492.549942016602
2452-KDRRH,6841.05,32.15715,6873.207150268555
4146-SVFUD,44.6,882.9779,927.5779052734375
1564-HJUVY,226.2,2917.0408,3143.240771484375
3617-XLSGQ,7082.5,570.7818,7653.281799316406
7517-LDMPS,1017.35,1217.2952,2234.645166015625
7244-KXYZN,527.35,942.37573,1469.725732421875
5226-NOZFC,2146.5,658.87524,2805.375244140625
1400-WIVLL,5969.85,1491.478,7461.32802734375
8148-NLEGT,1014.25,706.8624,1721.1124267578125
8347-GDTMP,1225.65,154.86624,1380.5162414550782
6746-WAUWT,386.5,967.00006,1353.5000610351562
0428-IKYCP,1850.65,1856.933,3707.5829833984376
2187-PKZAY,1043.4,1232.8496,2276.249609375
4003-OCTMP,1910.75,2204.905,4115.655029296875
6652-YFFJO,716.1,796.2387,1512.3387084960937
7225-IILWY,1686.15,124.88304,1811.033041381836
5248-RPYWW,6716.45,0.0,6716.45
7923-IYJWY,7839.85,542.1333,8381.98330078125
3170-GWYKC,6236.75,636.206,6872.955993652344
9830-ECLEN,2919.85,576.2572,3496.1072021484374
2668-TZSPS,20.45,886.3886,906.8386108398438
7446-SFAOA,717.5,628.1866,1345.6865844726562
9522-ZSINC,253.8,1113.8767,1367.676708984375
8234-GSZYK,1110.05,668.6531,1778.703076171875
6505-OZNPG,348.8,4062.1208,4410.920849609375
6164-HAQTX,3888.65,27.350132,3916.0001319885255
7765-LWVVH,6843.15,17.497929,6860.647928619384
1658-TJVOA,450.9,1291.4801,1742.3801025390626
0953-LGOVU,432.25,1211.1821,1643.43212890625
4692-NNQRU,1742.45,3317.8306,5060.28056640625
7742-MYPGI,297.35,1379.3446,1676.6946044921874
9619-GSATL,2444.25,1262.1865,3706.4365234375
5622-UEJFI,949.8,891.705,1841.5050170898437
0674-DGMAQ,2970.8,1872.8608,4843.66083984375
6203-HBZPA,3334.95,1230.9468,4565.89677734375
0484-FFVBJ,2010.95,2057.0576,4068.0076171875
0301-FIDRB,4684.3,0.0,4684.3
4139-JPIAM,2181.55,542.55096,2724.100964355469
2181-TIDSV,1303.25,70.00649,1373.256492614746
2761-XECQW,371.4,1638.8601,2010.260107421875
1936-CZAKF,2409.9,1180.2626,3590.1625732421876
9453-PATOS,6155.4,49.596577,6204.9965766906735
4402-FTBXC,4667.0,319.05917,4986.059173583984
2931-XIQBR,5153.5,1881.691,7035.1910400390625
0106-UGRDO,8182.85,314.1198,8496.96981201172
5542-TBBWB,69.9,652.17834,722.0783447265625
1930-QPBVZ,6683.4,389.22516,7072.625158691406
2606-PKWJB,1564.05,1099.7195,2663.769482421875
5322-ZSMZY,755.6,1007.2242,1762.8241821289062
8059-UDZFY,3465.05,2051.7449,5516.794873046875
7740-BTPUX,6292.7,1858.5709,8151.270922851562
5220-AGAAX,1664.3,95.77404,1760.074040222168
0208-BPQEJ,198.1,961.9001,1160.0000854492187
9435-JMLSX,6045.9,81.77449,6127.674490356445
3352-ALMCK,4108.15,884.7624,4992.912390136718
5312-IRCFR,5980.75,493.68103,6474.4310302734375
5294-IMHHT,5043.2,1573.7767,6616.976733398437
6176-YJWAS,7114.25,22.716198,7136.966197967529
5310-NOOVA,907.05,512.7816,1419.8316162109375
4526-EXKKN,973.95,715.5216,1689.4716064453125
5311-IHLEI,605.75,2298.3157,2904.065673828125
3987-KQDDU,661.55,1437.4259,2098.9759033203127
3404-JNXAX,4116.9,261.07715,4377.9771484375
5131-PONJI,4494.65,851.8969,5346.546911621093
3489-VSFRD,3282.75,896.42395,4179.1739501953125
3345-JHUEO,55.7,727.00757,782.707568359375
5815-HGGHV,1274.45,2923.152,4197.602099609375
5260-UMPWX,493.95,717.46173,1211.4117309570313
5649-RXQTV,5038.15,166.64224,5204.79224243164
2674-MIAHT,324.2,1815.2701,2139.4701416015623
2576-HXMPA,19.55,1042.7418,1062.2918212890625
7587-AOVVU,2793.55,3325.2021,6118.7521484375
6898-MDLZW,648.65,1553.0878,2201.7377685546876
4707-YNOQA,917.15,895.9255,1813.0754760742188
9357-UJRUN,1346.9,2545.3738,3892.273779296875
8648-PFRMP,672.7,548.5762,1221.276171875
7663-CUXZB,6561.25,1457.8976,8019.1475830078125
0258-NOKBL,268.45,2907.4324,3175.882373046875
1163-VIPRI,7337.55,648.72626,7986.276257324219
9348-ROUAI,5194.05,1151.2421,6345.292065429688
9443-JUBUO,4478.85,4.4653397,4483.315339660645
3043-TYBNO,196.9,1815.2955,2012.1955322265626
4830-FAXFM,439.2,969.6497,1408.8497192382813
5906-BFOZT,19.5,763.968,783.468017578125
2960-NKRSO,2107.15,1467.5842,3574.734228515625
8996-ZROXE,3035.8,593.5089,3629.3089111328127
5598-IKHQQ,1866.45,0.0,1866.45
0397-ZXWQF,1430.95,110.134796,1541.0847961425782
5266-PFRQK,1071.6,395.98087,1467.5808654785155
4674-HGNUA,6457.15,69.99134,6527.141340637207
6765-MBQNU,684.05,1081.3707,1765.4207275390625
9786-IJYDL,3914.05,4048.1704,7962.22041015625
1303-SRDOK,3842.6,1079.6365,4922.236474609375
3769-MHZNV,670.35,776.5717,1446.9217163085937
6295-OSINB,7880.25,6.432357,7886.682356834412
3308-MHOOC,19.2,796.9561,816.1561157226563
2207-QPJED,3371.75,1090.8167,4462.566650390625
4177-JPDFU,442.45,1046.0969,1488.546923828125
2239-CFOUJ,20.4,1351.804,1372.203955078125
8046-DNVTL,2345.55,399.7748,2745.324810791016
2209-XADXF,25.25,786.93445,812.1844482421875
6620-JDYNW,1156.35,1532.4348,2688.784814453125
4770-UEZOX,144.8,1508.2653,1653.0652587890625
1038-RQOST,414.95,703.84045,1118.7904541015625
4568-TTZRT,181.8,722.7345,904.5344970703125
9513-DXHDA,2212.55,3261.9028,5474.45283203125
0516-QREYC,459.95,426.4166,886.3665954589844
8084-OIVBS,211.95,1068.6127,1280.5626708984375
8896-BQTTI,25.0,1103.5018,1128.5018310546875
3865-QBWSJ,3162.65,764.16296,3926.8129638671876
3352-RICWQ,210.65,1220.9265,1431.576513671875
2160-GPFXD,3566.7,1181.0016,4747.701586914062
2065-MMKGR,2080.1,2319.2659,4399.365869140625
5857-TYBCJ,4040.2,511.66602,4551.866015625
1498-NHTLT,5186.0,1040.7047,6226.7047119140625
1402-PTHGN,1087.45,2982.8015,4070.251513671875
4176-RELJR,1672.15,138.39326,1810.543264770508
5199-FPUSP,1113.95,1346.5745,2460.524462890625
6377-KSLXC,107.05,813.7599,920.8098876953125
1796-JANOW,38.15,821.8257,859.97568359375
0238-WHBIQ,6339.3,4.4845257,6343.784525680542
8735-NBLWT,184.1,740.859,924.9590087890625
6651-RLGGM,1688.9,150.79953,1839.699530029297
1614-JBEBI,137.6,664.16736,801.7673583984375
5696-EXCYS,369.05,1041.1411,1410.19111328125
5795-KTGUD,7553.6,418.53098,7972.130975341797
7924-GJZFI,1813.1,414.92554,2228.025537109375
4702-HDRKD,3321.35,165.65636,3487.0063568115233
8512-WIWYV,707.5,755.5469,1463.046875
5897-ZYEKH,7112.15,365.71735,7477.867346191406
5456-ITGIC,4641.1,10.478932,4651.578932380677
1406-PUQVY,49.9,1512.1527,1562.0527099609376
9114-AAFQH,3094.65,1239.9933,4334.643286132812
8715-KKTFG,6518.35,853.59143,7371.941430664063
1728-BQDMA,82.7,808.13055,890.8305541992188
5117-ZSMHQ,6342.7,75.07834,6417.778338623047
5151-HQRDG,2030.75,910.13135,2940.88134765625
0960-HUWBM,6700.05,655.37787,7355.427868652344
6465-GSRCL,7244.7,408.56555,7653.265551757812
0263-FJTQO,3486.65,1456.8324,4943.482397460937
7319-ZNRTR,411.15,873.1164,1284.2663940429688
7503-EPSZW,1559.15,197.94325,1757.0932525634767
7089-XXAYG,970.4,1642.9316,2613.331640625
8070-AAWZP,828.2,945.49255,1773.6925537109375
1666-JXLKU,3810.55,364.6949,4175.244885253906
7855-DIWPO,1493.2,74.41662,1567.616618347168
5133-POWUA,45.8,739.16486,784.9648559570312
5652-MSDEY,777.3,710.46643,1487.7664306640625
1810-BOHSY,4911.05,1722.9426,6633.992626953125
1784-BXEFA,187.35,599.31726,786.6672607421875
7351-MHQVU,307.6,2545.1956,2852.795556640625
9224-VTYID,4318.35,2259.3613,6577.711328125
9500-IWPXQ,4820.55,769.39496,5589.944958496094
5762-TJXGK,3038.55,1130.4266,4168.976635742188
4504-YOULA,2136.9,1767.442,3904.3420166015626
5569-IDSEY,7472.15,71.68004,7543.830038452148
7284-ZZLOH,2296.25,1440.2697,3736.5196533203125
1777-JYQPJ,38.45,500.8573,539.3072998046875
3401-URHDA,3043.6,1198.5314,4242.131372070313
1599-EAHXY,1506.4,263.6928,1770.0928100585938
8631-XVRZL,163.7,1115.4115,1279.1114990234375
3853-LYGAM,1640.0,2726.1558,4366.15576171875
5751-USDBL,3846.35,2031.8723,5878.222314453125
5680-LQOGP,5646.6,337.04187,5983.641870117188
8189-DUKMV,79.05,1296.166,1375.216015625
9931-DCEZH,1516.6,2130.8025,3647.402490234375
1898-JSNDC,2224.5,1585.5381,3810.0380859375
0315-LVCRK,888.75,1323.667,2212.4169921875
3911-RSNHI,4310.35,46.50062,4356.850621795655
2410-CIYFZ,42.9,886.80945,929.7094482421875
5505-OVWQW,353.65,960.7195,1314.369482421875
7271-AJDTL,5073.1,699.66907,5772.769067382813
1867-TJHTS,4526.85,234.67256,4761.522561645508
6860-YRJZP,678.45,840.7987,1519.2487060546875
4429-WYGFR,1237.3,1113.2844,2350.584423828125
2817-LVCPP,1023.95,416.33002,1440.2800170898438
5038-ETMLM,8182.75,6.9802055,8189.730205535889
5056-FIMPT,4532.3,2597.5337,7129.83369140625
4521-WFJAI,1444.05,381.09384,1825.1438415527343
6569-KTMDU,19.1,797.1212,816.2212158203125
8809-XKHMD,7325.1,0.0,7325.1
0396-YCHWO,3474.2,545.98303,4020.1830322265623
0867-LDTTC,392.65,3440.1228,3832.772802734375
9391-DXGGG,3990.75,2027.7954,6018.54541015625
9844-FELAJ,7475.85,116.68698,7592.536981201172
2122-SZZZD,835.5,447.93506,1283.43505859375
3148-AOIQT,1718.35,85.00482,1803.3548217773437
8395-ETZKQ,1193.55,71.78974,1265.3397415161132
6692-YQHXC,1205.5,1011.6101,2217.110107421875
3889-VWBID,5776.45,318.2138,6094.663806152344
5222-JCXZT,78.9,776.18195,855.0819458007812
9754-CLVZW,1025.15,1437.6825,2462.8324951171876
2739-CCZMB,122.0,1016.81714,1138.817138671875
7080-TNUWP,6602.9,153.2928,6756.19280090332
0496-AHOOK,1712.9,3281.0637,4993.963720703125
8336-TAVKX,5682.25,0.0,5682.25
2468-SJFLM,74.3,1217.6592,1291.9591796875
3181-VTHOE,3635.15,50.478283,3685.628282928467
7168-HDQHG,702.9,533.3214,1236.2214111328126
4567-AKPIA,4454.25,3246.3528,7700.602783203125
7901-HXJVA,1117.55,908.0494,2025.5993774414062
5924-IFQTT,930.05,3418.4573,4348.507275390625
7968-QUXNS,110.15,766.3425,876.492529296875
8903-WMRNW,1669.4,2884.6875,4554.0875
2452-SNHFZ,3545.1,673.4721,4218.572106933594
3629-WEAAM,504.05,2164.5942,2668.64423828125
6029-CSMJE,440.2,205.58177,645.781771850586
7993-NQLJE,1151.55,1673.4166,2824.9666259765627
9909-DFRJA,2475.35,4004.584,6479.933984375
9099-FTUHS,1249.25,1097.1687,2346.418701171875
0581-BXBUB,317.75,1561.7992,1879.5491943359375
4962-CHQPW,535.05,750.901,1285.9510009765625
9467-ROOLM,461.3,417.01178,878.3117797851562
5150-ITWWB,335.75,1682.1866,2017.9366455078125
2253-KPMNB,3121.4,147.84401,3269.244009399414
1345-ZUKID,324.8,1004.09924,1328.8992431640625
6429-SHBCB,1394.55,1080.089,2474.6389892578127
9281-OFDMF,3413.25,760.778,4174.028015136719
2603-HVKCG,3143.65,1099.4114,4243.061376953125
1834-WULEG,439.75,906.8423,1346.59228515625
9097-ZUBYC,664.4,1761.6555,2426.055517578125
5148-ORICT,4759.55,618.1627,5377.712719726563
4893-GYUJU,1033.0,325.7677,1358.7677001953125
4578-PHJYZ,3482.85,1118.4032,4601.253198242188
7272-QDCKA,2688.45,3228.1626,5916.61259765625
8908-SLFCJ,435.25,1039.6166,1474.8665771484375
9766-HGEDE,307.0,948.2271,1255.2271118164062
6968-MHOMU,2689.35,487.88693,3177.236932373047
5044-XDPYX,1281.25,488.63412,1769.8841247558594
1814-WFGVS,3527.0,0.0,3527.0
3721-WKIIL,561.15,863.7265,1424.8765014648438
6734-CKRSM,63.6,812.3331,875.9331298828125
1265-ZFOSD,5129.3,670.93463,5800.234631347656
6568-POCUI,4285.8,2459.0923,6744.89228515625
5197-LQXXH,5894.5,75.73802,5970.238021850586
3457-PQBYH,1160.75,311.62576,1472.3757629394531
7682-AZNDK,3091.75,1174.0199,4265.7698974609375
5384-ZTTWP,272.95,745.86816,1018.8181640625
3745-HRPHI,3632.0,314.4094,3946.409393310547
7636-OWBPG,381.2,1008.88446,1390.0844604492188
1231-YNDEK,1035.5,265.9444,1301.4443969726562
1407-DIGZV,52.0,1272.8251,1324.8250732421875
0570-BFQHT,653.9,1776.925,2430.825048828125
4393-OBCRR,71.2,1230.1814,1301.381396484375
8564-LDKFL,4178.65,3014.959,7193.608984375
3696-DFHHB,1821.8,100.144196,1921.9441955566406
4717-GHADL,4024.2,1701.8417,5726.041674804687
5501-TVMGM,55.25,984.77313,1040.0231323242188
5879-HMFFH,6520.8,6.8788967,6527.678896713257
6772-WFQRD,854.9,578.42883,1433.3288330078126
3810-DVDQQ,8308.9,17.762024,8326.66202392578
6972-SNKKW,109.2,783.5963,892.7963134765625
3694-GLTJM,92.05,889.57404,981.6240356445312
8550-XSXUQ,3420.5,1540.0695,4960.5694580078125
9055-MOJJJ,4068.0,476.78104,4544.781036376953
4359-INNWN,337.9,1025.5132,1363.41318359375
0585-EGDDA,3168.75,675.3592,3844.1091918945312
4032-RMHCI,1412.4,1033.2167,2445.6166748046876
0549-CYCQN,3974.7,1184.8981,5159.598071289062
3481-JHUZH,3439.0,672.78296,4111.782958984375
3594-IVHJZ,42.45,758.07623,800.5262329101563
6869-FGJJC,5461.45,337.94125,5799.391253662109
3896-ZVNET,571.75,1164.2839,1736.033935546875
8205-VSLRB,5498.2,118.56444,5616.764437866211
5960-MVTUK,96.85,743.7984,840.6484008789063
6817-WTYHE,111.05,1369.896,1480.94599609375
3082-VQXNH,94.4,1432.8893,1527.2892822265626
4931-TRZWN,923.85,1647.2196,2571.0696044921874
0750-EKNGL,141.1,787.55493,928.654931640625
7669-LCRSD,628.65,1139.0798,1767.729833984375
3567-PQTSO,5576.3,1540.5787,7116.878735351563
8043-PNYSD,1245.6,164.8577,1410.457696533203
9938-EKRGF,1287.85,3163.7097,4451.559716796875
2703-AMTUL,1939.35,1704.7311,3644.0810791015624
0928-JMXNP,118.25,947.1718,1065.4218139648438
8173-RXAYP,452.55,950.7253,1403.2752807617187
4825-XJGDM,2696.55,354.63138,3051.1813781738283
5402-HTOTQ,875.35,1423.2343,2298.5842529296874
6734-JDTTV,1267.05,137.26678,1404.3167846679687
7850-THJMU,494.9,887.64154,1382.5415405273438
3890-RTCMS,799.0,815.966,1614.9660034179688
3717-FDJFU,106.9,1271.6185,1378.5185302734376
3665-JATSN,710.05,654.13434,1364.1843383789062
7966-YOTQW,568.2,2217.1846,2785.3845703125
8853-TZDGH,8012.75,12.0430355,8024.793035507202
4324-BZCKL,551.3,1892.1458,2443.445751953125
6924-TDGMT,184.95,1156.2278,1341.177783203125
1536-YHDOE,1096.65,3061.901,4158.55087890625
8123-QBNAZ,3684.95,2155.9158,5840.865771484375
3629-ZNKXA,1752.45,2078.968,3831.418017578125
4827-LTQRJ,7210.85,587.52277,7798.372766113282
7711-YIJWC,5264.5,858.68695,6123.186950683594
5482-VXSXJ,2157.3,1084.5938,3241.89375
7365-BVCJH,24.4,394.04758,418.44757690429685
9620-ENEJV,433.95,1421.7003,1855.6503173828125
2378-YIZKA,5607.75,337.5306,5945.280609130859
0689-DSXGL,4433.3,867.12976,5300.429760742188
6818-DJXAA,964.35,1666.8031,2631.1531005859374
0464-WJTKO,1460.85,0.0,1460.85
8902-ZEOVF,951.55,456.5223,1408.0723083496093
6778-EICRF,1821.2,3080.782,4901.981982421875
2662-NNTDK,1600.95,100.30929,1701.2592880249024
4132-KALRO,399.25,2405.4536,2804.70361328125
2874-YXVVA,3634.8,1317.0398,4951.839794921875
1245-HARPS,292.4,1201.5308,1493.93076171875
4323-ELYYB,218.55,1113.311,1331.86103515625
4293-ETKAP,5071.9,528.55817,5600.458166503906
6064-PUPMC,1423.35,2728.4714,4151.821435546875
6504-VBLFL,3068.6,952.3427,4020.9427124023437
6322-PJJDJ,4690.65,1817.322,6507.972021484375
0330-BGYZE,6157.6,1045.104,7202.70400390625
1085-LDWAM,1442.65,32.951073,1475.6010726928712
7586-ZATGZ,3369.05,8.666394,3377.716394233704
7197-VOJMM,4671.65,324.74142,4996.3914245605465
1843-TLSGD,272.35,1191.7908,1464.140771484375
9626-VFRGG,3645.05,843.76324,4488.813244628906
7075-BNDVQ,135.75,1341.2146,1476.964599609375
9143-CANJF,1319.85,1535.658,2855.507958984375
7284-BUYEC,229.4,2002.0819,2231.4819091796876
2041-JIJCI,370.25,1997.4963,2367.746337890625
4900-MSOMT,5714.2,0.0,5714.2
2229-VWQJH,1233.25,943.19977,2176.4497680664062
9194-GFVOI,3571.6,2588.5833,6160.183251953125
1336-EZFZY,83.3,795.0007,878.3006713867187
4282-MSACW,8035.95,413.23416,8449.184161376954
1403-LKLIK,579.4,695.16064,1274.56064453125
0136-IFMYD,7634.25,318.8121,7953.062103271484
5144-TVGLP,3653.0,372.1693,4025.1693115234375
9643-AVVWI,241.3,2665.461,2906.7609375
0253-ZTEOB,3870.3,1853.7489,5724.048901367188
2706-QZIHY,387.9,1372.8285,1760.7284912109376
6061-PQHMK,527.5,886.63086,1414.130859375
6137-MFAJN,2104.55,202.34552,2306.8955200195314
9122-UMROB,20.3,881.3059,901.605908203125
4232-JGKIY,19.2,823.55316,842.7531616210938
2402-TAIRZ,3019.1,1998.979,5018.07900390625
9659-ZTWSM,7051.95,511.04782,7562.997821044922
9139-TWBAS,1190.5,2101.8064,3292.306396484375
6685-GBWJZ,4448.8,634.27594,5083.075939941406
2195-VVRJF,1011.05,2045.6652,3056.7151611328127
3913-RDSJZ,1714.95,208.2703,1923.2202941894532
4203-QGNZA,535.35,432.2706,967.6205993652344
5043-TRZWM,75.55,1313.3678,1388.9177978515625
9494-BDNNC,6273.4,365.3878,6638.787786865234
1640-PLFMP,70.25,577.40497,647.6549682617188
5366-OBVMR,908.75,1017.5736,1926.3236083984375
7644-OMVMY,0.0,1436.083,1436.0830078125
4573-JKNAE,212.3,1094.1125,1306.412548828125
9817-APLHW,316.2,875.33,1191.5300170898438
8380-MQINP,1079.05,350.31995,1429.3699462890625
0840-DFEZH,564.65,685.9727,1250.6227172851563
8690-ZVLCL,6161.9,362.9348,6524.834814453125
1125-SNVCK,2106.05,83.408806,2189.458805847168
0384-LPITE,2511.55,1736.0173,4247.567333984375
4616-EWBNJ,318.6,1028.1411,1346.74111328125
1335-HQMKX,7323.15,0.0,7323.15
2545-EBUPK,186.05,1457.3007,1643.3506591796875
6923-AQONU,454.0,1013.9951,1467.9951171875
2172-EJXVF,7521.95,0.0,7521.95
4536-PLEQY,999.8,2728.7751,3728.575146484375
7029-IJEJK,2369.7,693.0171,3062.71708984375
8871-JLMHM,6297.65,341.6042,6639.254187011718
5447-VYTKW,1461.45,1415.1917,2876.641650390625
3623-FQBOX,416.4,442.3889,858.7888854980469
8659-HDIYE,4869.35,346.45374,5215.803735351563
3474-BAFSJ,3265.95,852.00336,4117.953356933594
3865-ZFZIB,358.15,1023.3729,1381.5229248046876
1855-AGAWH,2939.8,2816.7522,5756.552197265625
7109-CQYUZ,4652.4,1725.5719,6377.971899414062
1370-GGAWX,4408.45,1648.2845,6056.734545898437
4680-KUTAJ,580.8,1487.4636,2068.263623046875
5307-UVGNB,2495.2,623.49725,3118.6972534179686
2883-ILGWO,5913.95,592.2462,6506.196215820312
3642-BYHDO,1389.35,14.899284,1404.2492843627929
9629-NHXFW,19.4,925.2931,944.6930908203125
2696-RZVZW,1629.2,98.72659,1727.9265930175782
5766-FTRTS,6033.1,51.569393,6084.669393157959
0396-HUJBP,44.4,791.101,835.5010131835937
8879-ZKJOF,3320.75,2313.7966,5634.546630859375
6285-FTQBF,1867.7,8.229628,1875.929627609253
1474-JUWSM,3972.25,795.84436,4768.0943603515625
3530-CRZSB,155.9,758.5074,914.4073852539062
8498-XXGWA,3673.15,15.261784,3688.4117835998536
9617-INGJY,70.6,676.617,747.2170043945313
0621-TSSMU,1126.75,312.78094,1439.5309448242188
7234-KMNRQ,73.45,776.18195,849.6319458007813
7636-PEPNS,2413.05,500.6794,2913.729412841797
4683-WYDOU,6912.7,935.688,7848.38798828125
9052-DHNKM,1581.95,2442.4363,4024.386279296875
6794-HKIAJ,5586.45,371.83405,5958.284045410156
5578-NKCXI,5846.65,1176.0482,7022.698217773437
1642-HMARX,6424.7,365.16406,6789.8640625
3096-WPXBT,6018.65,921.2579,6939.907873535156
8434-PNQZX,3373.4,2343.0493,5716.44931640625
5950-AAAGJ,1537.9,1512.4265,3050.326513671875
4299-OPXEJ,1080.55,295.70337,1376.253369140625
9618-LFJRU,82.85,1017.9729,1100.822900390625
6693-DJWTY,2016.45,1854.4076,3870.8575927734373
0744-GKNGE,5327.25,276.85043,5604.100433349609
6447-EGDIV,683.25,738.4037,1421.6536865234375
1167-OYZJF,1263.05,108.032745,1371.082745361328
4806-DXQCE,7714.65,211.91328,7926.563284301757
4854-SSLTN,130.5,4168.5874,4299.08740234375
5294-DMSFH,2621.75,1338.4369,3960.1868896484375
4837-PZTIC,1875.25,1033.984,2909.2340087890625
0603-OLQDC,837.5,1960.0732,2797.5732421875
3272-VUHPV,401.5,2638.7231,3040.22314453125
4176-FXYBO,6118.95,1139.8801,7258.830126953125
1063-DHQJF,6480.9,198.2074,6679.107397460937
8663-UPDGF,1800.05,2110.4941,3910.544140625
6719-FGEDO,7104.2,11.369853,7115.569853019714
1837-YQUCE,4214.25,175.96042,4390.210418701172
0369-ZGOVK,1992.2,2225.6892,4217.889208984375
9919-KNPOO,1948.35,1077.4279,3025.7778564453124
7872-BAAZR,1007.9,356.10394,1364.0039428710938
9391-LMANN,5036.9,1362.7753,6399.675268554687
8174-TBVCF,6859.05,184.31535,7043.365353393555
1698-XFZCI,6521.9,809.65875,7331.558752441406
1877-HKBQX,617.85,2819.8926,3437.742578125
4450-DLLMH,157.75,1472.0719,1629.8218994140625
0428-AXXLJ,516.3,828.7568,1345.0567749023437
2746-DIJLO,2364.0,1431.636,3795.635986328125
3508-VLHCZ,6239.05,71.74822,6310.798222351074
4086-ATNFV,2042.05,1916.6808,3958.7307861328127
0468-YRPXN,2807.1,1920.3105,4727.410546875
5996-NRVXR,4116.8,3030.2148,7147.01484375
3739-YBWAB,1317.95,1008.60333,2326.553332519531
7047-FWEYA,4594.65,1980.4719,6575.121923828125
2000-MPKCA,6332.75,1080.1776,7412.9276123046875
9762-YAQAA,3213.75,2082.2234,5295.973388671875
5473-KHBPS,4976.15,1620.5496,6596.699560546875
0100-DUVFC,7308.95,102.0952,7411.045199584961
5397-TUPSH,4555.2,368.96716,4924.167163085937
8950-MTZNV,44.95,737.2504,782.2004272460938
0326-VDYXE,6982.5,10.661233,6993.161232948303
6773-LQTVT,1025.15,786.09937,1811.249365234375
0436-TWFFZ,5714.2,409.23547,6123.435473632812
8566-YPRGL,19.5,727.96924,747.46923828125
6609-MXJHJ,789.55,1018.73737,1808.2873657226562
2669-OIDSD,4834.0,1029.0001,5863.0001220703125
8400-WZICQ,3131.8,247.71596,3379.5159576416017
9576-SYUHJ,3369.25,691.6272,4060.877197265625
0410-IPFTY,2674.15,1470.9694,4145.119360351562
2831-EBWRN,199.75,742.17676,941.9267578125
9430-NKQLY,1790.8,5.167826,1795.9678261756897
0247-SLUJI,19.7,1026.9282,1046.62822265625
9402-ORRAH,1400.3,561.91797,1962.21796875
6483-OATDN,411.6,2239.5134,2651.113427734375
1293-HHSHJ,741.0,657.4385,1398.4384765625
4840-ORQXB,5841.35,348.29565,6189.645654296875
3982-DQLUS,5688.45,147.50299,5835.952990722656
8610-ZIKJJ,31.9,1304.5266,1336.426611328125
3756-VNWDH,6674.65,443.3515,7118.001501464843
7801-KICAO,1345.75,380.04584,1725.7958374023438
7673-LPRNY,1843.05,3236.1167,5079.16669921875
6060-QBMGV,1433.8,33.829937,1467.6299369812011
7339-POGZN,214.55,1100.4672,1315.0171630859375
2828-SLQPF,865.85,814.32367,1680.1736694335937
4465-VDKIQ,1358.6,1278.9121,2637.512109375
2921-XWDJH,3147.15,705.5373,3852.687292480469
2558-BUOZZ,4535.85,1941.923,6477.772973632813
9257-AZMTZ,1078.75,408.71915,1487.4691467285156
0003-MKNFE,542.4,1301.4906,1843.8906005859376
0975-UYDTX,2312.55,4129.5703,6442.1203125
4682-BLBUC,3250.45,1745.6821,4996.13212890625
0975-VOOVL,98.5,894.8106,993.3106079101562
5968-VXZLG,87.9,1258.1053,1346.0053466796876
5201-FRKKS,1952.25,1444.653,3396.9029541015625
9799-CAYJJ,153.8,1063.3191,1217.119091796875
5443-SCMKX,5610.15,968.467,6578.616979980468
8295-KMENE,4519.5,952.07666,5471.57666015625
6738-ISCBM,2440.25,1280.199,3720.448974609375
9821-BESNZ,6860.6,332.87402,7193.4740234375
3678-MNGZX,1377.7,69.87329,1447.573291015625
1335-NTIUC,190.25,283.15857,473.4085693359375
2916-BQZLN,1651.95,1676.2753,3328.2252685546873
4558-CGYCZ,78.3,804.4661,882.7661254882812
2368-GAKKQ,7939.25,212.9755,8152.225494384766
8710-YGLWG,44.9,737.2504,782.1504272460937
3199-XGZCY,576.7,677.9645,1254.6644775390625
3785-KTYSH,1279.0,437.03183,1716.0318298339844
6814-ZPWFQ,1260.7,462.36566,1723.0656616210938
4063-EIKNQ,267.35,1089.42,1356.7700439453124
6993-YCOBK,6586.85,1210.5785,7797.428491210938
5206-HPJKM,934.15,1884.8013,2818.95126953125
8393-JMVMB,19.45,839.633,859.0829956054688
5019-GQVCR,3645.6,0.0,3645.6
6036-TTFYU,314.45,718.2809,1032.7308837890625
2550-AEVRU,3053.0,551.0858,3604.0858154296875
0969-RGKCU,677.05,667.88824,1344.9382446289062
0378-CJKPV,7965.95,0.0,7965.95
2880-FPNAE,140.1,1791.1951,1931.295068359375
1703-MGIAB,1108.0,1705.9167,2813.916748046875
4311-QTTAI,295.55,1012.09186,1307.6418579101562
4318-RAJVY,198.25,1042.2446,1240.49462890625
3612-YUNGG,6741.15,808.8578,7550.007788085937
2254-DLXRI,79.15,1923.8226,2002.9726318359376
5062-CJJKH,1355.45,2212.1802,3567.63017578125
9028-LIHRP,7209.0,69.36221,7278.362213134766
1053-MXTTK,7726.35,9.255,7735.605000114441
1530-ZTDOZ,2070.75,421.53174,2492.28173828125
1301-LOPVR,1636.95,2250.6863,3887.636279296875
0853-TWRVK,7581.5,0.0,7581.5
6212-ATMLK,4729.75,0.0,4729.75
8200-LGKSR,6126.1,53.711456,6179.8114562988285
1568-BEKZM,6333.4,184.46025,6517.860250854492
0670-ANMUU,6687.85,56.47921,6744.329209899903
6897-RWMUB,4158.25,683.1124,4841.3624267578125
6999-CHVCF,7149.35,366.08368,7515.433679199219
6134-KWTBV,1429.65,230.20091,1659.850912475586
1077-HUUJM,472.65,526.5003,999.1503051757812
0895-LNKRC,113.5,1208.605,1322.10498046875
2045-BMBTJ,1884.65,1379.367,3264.016943359375
8417-GSODA,2568.15,3357.8772,5926.027197265625
5171-EPLKN,470.0,899.03815,1369.0381469726562
4452-QIIEB,278.4,761.4791,1039.8791259765626
6741-EGCBI,2595.85,1888.5452,4484.395166015625
7820-ZYGNY,5825.5,545.20874,6370.708740234375
9677-AVKED,4449.75,1243.0654,5692.8154296875
2227-JRSJX,1956.4,2452.0325,4408.432470703125
9847-HNVGP,310.6,967.93384,1278.533837890625
6696-YDAYZ,290.55,1141.1477,1431.697705078125
8980-WQFWL,2096.1,368.2734,2464.373406982422
1730-ZMAME,2665.0,95.64212,2760.642120361328
6506-EYCNH,543.8,658.8532,1202.6532104492187
4634-JLRJT,20.35,768.1444,788.4944091796875
9501-UKKNL,3005.8,56.62335,3062.423348236084
2560-QTSBS,1623.15,0.0,1623.15
4795-WRNVT,2586.0,803.8269,3389.826904296875
6080-TCMYC,3292.3,499.33203,3791.63203125
7860-UXCRM,4674.55,675.45056,5350.000561523438
6357-JJPQT,232.35,651.8416,884.1916137695313
2292-XQWSV,2448.5,1675.9716,4124.4715576171875
9552-TGUZV,658.1,1667.099,2325.1989990234374
5913-INRQV,3128.8,2917.5286,6046.328564453125
9643-YBLUR,653.95,3566.0776,4220.02763671875
8734-FNWVH,1825.5,1256.2574,3081.7574462890625
9447-YPTBX,943.1,394.97086,1338.0708557128905
9026-LHEVG,359.4,960.71497,1320.1149658203126
7011-CVEUC,2338.35,2162.095,4500.444970703125
6185-TASNN,46.3,998.7492,1045.0492065429687
7925-PNRGI,3541.1,1696.726,5237.825952148438
1552-CZCLL,1087.25,180.56688,1267.816879272461
3038-PQIUY,2522.4,1548.0576,4070.4576171875
9313-CDOGY,717.3,388.014,1105.3140075683593
8148-BPLZQ,1734.2,356.24567,2090.445666503906
2623-DRYAM,7069.3,39.711224,7109.011223602295
9987-LUTYD,742.9,2825.3926,3568.292578125
4488-KQFDT,6423.0,654.50934,7077.509338378906
5693-PIPCS,4220.35,2961.9412,7182.291162109375
0491-KAPQG,1558.7,328.1031,1886.8030883789063
1925-LFCZZ,2743.45,693.96405,3437.4140502929686
8039-EQPIM,4055.5,149.94151,4205.441513061523
8707-RMEZH,6055.55,227.29178,6282.841778564453
3209-ZPKFI,2538.2,577.4416,3115.6415893554686
6479-VDGRK,6129.2,18.763874,6147.963874053955
9373-WSLOY,1750.85,1124.046,2874.8960205078124
3569-JFODW,6652.45,1.332928,6653.782927942276
9819-FBNSV,2575.45,758.71387,3334.1638671875
9544-PYPSJ,6019.35,421.89282,6441.242822265625
1591-XWLGB,1379.6,21.51853,1401.1185298919677
0396-UKGAI,1284.2,1562.0306,2846.2306396484373
3243-ZHOHY,296.15,979.32404,1275.4740356445313
5186-EJEGL,653.25,2718.9324,3372.182373046875
7527-QNRUS,412.6,1342.5234,1755.1234375
2203-GHNWN,1928.7,922.42957,2851.1295654296873
3878-AVSOQ,71.25,662.313,733.56298828125
3258-SYSWS,7845.8,0.0,7845.8
5296-PSYVW,1750.7,12.16212,1762.8621198654175
6319-QSUSR,216.2,873.5302,1089.7302124023438
0512-FLFDW,6029.0,900.6722,6929.672180175781
0487-CRLZF,3721.9,1647.5337,5369.43369140625
2107-FBPTK,3121.1,1399.8533,4520.953271484375
9451-WLYRI,990.45,349.35956,1339.8095581054688
8219-VYBVI,1004.35,795.7501,1800.1001220703124
1991-VOPLL,157.65,645.60474,803.254736328125
9738-QLWTP,3219.75,1982.309,5202.0589599609375
1016-DJTSV,572.85,553.2115,1126.0614868164062
9419-IPPBE,4554.85,1321.6674,5876.517358398438
0174-QRVVY,1847.55,33.204548,1880.75454788208
5699-BNCAS,1766.75,29.851355,1796.601354598999
2900-PHPLN,1462.05,47.183147,1509.2331474304199
8106-GWQOK,2193.2,1996.5035,4189.703540039062
8751-EDEKA,2433.5,2265.363,4698.863037109375
6878-GGDWG,641.15,606.0497,1247.1996826171876
4039-PIMHX,2398.4,1046.2489,3444.6489013671876
8450-LUGUK,861.85,853.1139,1714.9638916015624
3604-WLABM,583.0,1401.4098,1984.4097900390625
0795-GMVQO,7332.4,480.3821,7812.782110595703
2259-OUUSZ,249.55,2162.6853,2412.235302734375
1142-IHLOO,4475.9,1361.1034,5837.003393554687
4633-MKHYU,788.6,828.58673,1617.1867309570312
6257-RJOHI,202.3,1211.2194,1413.5193603515625
1545-JFUML,6994.6,105.23281,7099.8328109741215
7826-VVKWT,2263.45,4255.7935,6519.24345703125
1353-GHZOS,1374.35,2717.7402,4092.090234375
2587-EKXTS,4915.15,1318.212,6233.362036132812
5442-BXVND,838.5,801.0571,1639.55712890625
9753-OYLBX,20.5,855.7768,876.2767944335938
2364-UFROM,2044.75,2417.2017,4461.95166015625
6656-JWRQX,30.55,899.00275,929.5527465820312
6473-ULUHT,1398.25,4164.9653,5563.21533203125
7688-AWMDX,3778.2,74.24461,3852.4446136474608
2842-BCQGE,3161.4,348.603,3510.002996826172
7244-QWYHG,2188.45,963.7184,3152.1683837890623
5312-UXESG,3990.6,902.9471,4893.547082519532
2150-WLKUW,2635.0,1784.7683,4419.768310546875
7159-FVYPK,235.0,3886.6475,4121.6474609375
7032-LMBHI,2347.85,1949.841,4297.690942382813
6088-BXMRG,3089.6,1624.8619,4714.461938476563
4821-SJHJV,2901.8,1268.2721,4170.072094726563
7346-MEDWM,4949.1,0.0,4949.1
1137-DGOWI,2198.9,2776.4192,4975.319189453125
3812-LRZIR,761.95,1096.0972,1858.04716796875
9483-GCPWE,190.25,1108.3463,1298.5963134765625
4227-OJHAL,5163.0,274.87283,5437.872833251953
9220-CXRSC,4059.85,153.05933,4212.909326171875
4993-JCRGJ,2281.6,1095.246,3376.8459716796874
9537-JALFH,1356.7,56.94011,1413.6401092529297
6698-OXETB,231.45,1198.3298,1429.779833984375
2103-ZRXFN,50.75,1377.7565,1428.5064697265625
3724-BSCVH,242.4,1188.8246,1431.2245849609376
4877-TSOFF,4264.25,1204.3622,5468.6121826171875
9209-NWPGU,2774.55,1620.04,4394.5900390625
7306-YDSOI,4069.9,144.1719,4214.071905517578
5288-AHOUP,874.2,647.5672,1521.7671997070313
0655-YDGFJ,1323.7,940.1724,2263.872424316406
8468-EHYJA,5497.05,198.8939,5695.943905639649
6823-SIDFQ,534.7,781.2923,1315.9922973632813
1097-FSPVW,2455.05,1010.6123,3465.6623046875
8328-SKJNO,947.4,1815.2043,2762.604345703125
7010-ZMVBF,357.0,741.1991,1098.1990966796875
5201-CBWYG,1476.25,224.56598,1700.8159790039062
6352-GIGGQ,5903.15,357.55463,6260.704626464843
3635-QQRQD,1201.65,187.56625,1389.2162536621095
2897-DOVND,146.65,618.65314,765.3031372070312
3082-YVEKW,1759.4,3737.3562,5496.756201171875
0191-EQUUH,844.45,1680.5121,2524.9620849609373
7134-HBPBS,7774.05,41.296005,7815.346005249024
3489-HHPFY,134.05,1845.8771,1979.9270751953125
2926-JEJJC,140.95,1173.9152,1314.8651611328125
4950-BDEUX,1701.65,516.826,2218.4759887695313
5789-LDFXO,592.65,1067.5532,1660.20322265625
0508-OOLTO,135.75,1168.7831,1304.5330810546875
2984-TBYKU,7732.65,0.0,7732.65
9822-WMWVG,4282.4,1670.2527,5952.652685546875
9040-KZVWO,2018.1,2693.4663,4711.56630859375
1548-ARAGG,224.85,2844.9485,3069.798486328125
6339-RZCBJ,3771.5,1939.0211,5710.5211181640625
4415-WNGVR,943.85,4361.5938,5305.44375
2522-AHJXR,6572.85,713.5311,7286.381127929688
0412-UCCNP,3175.85,988.2172,4164.067224121094
1816-FLZDK,29.15,894.1526,923.302587890625
7096-UCLNH,20.05,869.9598,890.0097778320312
4615-PIVVU,2762.75,1984.453,4747.2030029296875
8885-QSQBX,49.55,2146.2712,2195.821240234375
8617-ENBDS,232.5,1953.7147,2186.2147216796875
9385-NXKDA,5919.35,0.0,5919.35
0430-IHCDJ,749.25,614.2801,1363.5300903320312
6674-KVJHG,245.15,1296.9381,1542.0881103515626
1814-DKOLC,134.75,1067.0577,1201.8077392578125
9351-HXDMR,8240.85,0.0,8240.85
3537-HPKQT,4266.4,473.87424,4740.2742370605465
2129-ALKBS,1077.5,491.93448,1569.4344787597656
5821-MMEIL,1115.6,305.36633,1420.9663330078124
1309-XGFSN,4079.55,1422.694,5502.243969726563
6968-URWQU,2391.15,1192.4564,3583.6064208984376
4742-TXUEX,890.5,471.1309,1361.6308898925781
9631-XEYKE,137.25,1732.9131,1870.1630859375
1335-MXCSE,3119.9,816.5855,3936.4855102539063
8873-TMKGR,529.5,719.38,1248.8800048828125
8800-JOOCF,966.55,753.31104,1719.86103515625
1469-LBJQJ,6936.85,2.7614155,6939.611415481568
0064-YIJGF,1929.0,1235.2487,3164.2486572265625
2386-OWURY,5817.7,0.0,5817.7
0310-VQXAM,178.8,699.19684,877.9968383789062
3453-RTHJQ,435.0,546.67004,981.6700439453125
6278-FEPBZ,186.15,695.55664,881.706640625
4280-DLSHD,445.85,2059.396,2505.24599609375
1508-DFXCU,912.0,429.56403,1341.5640258789062
7868-BGSZA,3581.6,1986.8718,5568.471826171875
2800-QQUSO,4222.95,402.6585,4625.608508300781
7973-DZRKH,5930.05,505.73602,6435.786022949219
7698-YFGEZ,20.0,866.38873,886.3887329101562
9773-PEQBZ,797.25,1720.3024,2517.5523681640625
0650-BWOZN,1359.45,712.281,2071.731005859375
7785-RDVIG,54.7,933.4586,988.1586181640625
9602-WCXPI,989.05,390.1042,1379.1541870117187
2903-YYTBW,44.55,1321.7935,1366.34345703125
3620-MWJNE,87.3,2212.7803,2300.0802734375
8573-JGCZW,351.55,1022.6253,1374.1753051757812
6837-HAEVO,7297.75,303.99707,7601.7470703125
6701-YVNQG,6301.7,6.36738,6308.067380142212
4304-XUMGI,3822.45,1684.2157,5506.665698242187
9504-YAZWB,1048.45,384.30447,1432.7544738769532
8819-ZBYNA,6393.65,1522.7821,7916.432104492187
6174-NRBTZ,1489.3,655.90717,2145.207165527344
9481-IEBZY,8061.5,247.34183,8308.841827392578
6137-NICCO,518.75,3869.436,4388.18603515625
9065-ZCPQX,5763.15,0.0,5763.15
6402-EJMWF,238.5,1016.88574,1255.3857421875
3620-EHIMZ,1031.7,373.19556,1404.895556640625
3213-VVOLG,0.0,1830.3889,1830.388916015625
6870-ECSHE,34.8,1252.1427,1286.9427001953125
8747-UDCOI,1319.95,129.57442,1449.5244171142579
4626-OZDTJ,3950.85,1474.4421,5425.292138671875
9169-BSVIN,827.05,2554.9648,3382.01484375
8194-PEEBY,533.5,879.06976,1412.5697631835938
6872-HXFNF,3756.45,367.13055,4123.580554199219
7714-YXSMB,2599.95,1579.779,4179.729052734375
8387-UGUSU,284.3,765.859,1050.1590087890625
1080-BWSYE,1740.8,221.22783,1962.0278289794921
1194-HVAIF,2462.55,1868.2252,4330.775219726563
1767-TGTKO,411.75,1005.1103,1416.8602905273438
8439-LTUGF,198.6,846.7125,1045.3125244140624
8805-JNRAZ,103.7,1494.7023,1598.4022705078125
6418-HNFED,4089.45,1747.1879,5836.637866210937
0206-OYVOC,864.2,477.6352,1341.8351928710938
7291-CDTMJ,19.65,977.7984,997.4484008789062
7128-GGCNO,3249.4,294.91608,3544.3160766601563
0237-YFUTL,5405.8,1635.0713,7040.8712890625
7691-KGKGP,3363.8,728.4387,4092.238720703125
6710-HSJRD,7132.15,452.7462,7584.896185302734
3675-EQOZA,93.55,1020.19086,1113.7408569335937
0840-DCNZE,4138.9,1931.6349,6070.534887695312
1732-FEKLD,5121.75,1244.5787,6366.3287353515625
9862-KJTYK,566.1,551.33813,1117.438134765625
0479-HMSWA,2715.3,4169.272,6884.57197265625
5854-KSRBJ,1782.05,68.635925,1850.6859252929687
0365-BZUWY,1742.5,3288.5405,5031.04052734375
5701-SVCWR,24.0,1119.5688,1143.56884765625
3129-AAQOU,485.9,1281.7982,1767.6982177734376
4922-CVPDX,1905.7,3223.7275,5129.4275390625
1357-BIJKI,4858.7,1519.0698,6377.76982421875
1099-BTKWT,3723.65,157.59555,3881.2455505371095
2018-PZKMU,970.45,3242.3218,4212.77177734375
7340-KEFQE,1782.0,715.9341,2497.93408203125
4570-QHXHL,405.7,466.27264,871.9726440429688
7392-YYPYJ,2415.95,1459.0096,3874.9596435546873
2223-GDSHL,8297.5,107.79871,8405.298713684082
9470-RTWDV,2083.1,3652.063,5735.16298828125
2176-OSJUV,4681.75,59.658005,4741.408004760742
9348-YVOMK,176.2,1164.7504,1340.9503662109375
8104-OSKWT,1001.2,1482.1625,2483.3624755859373
4521-YEEHE,1594.75,1536.953,3131.7030029296875
4090-KPJIP,212.4,884.3433,1096.7433227539063
3786-WOVKF,7677.4,44.99632,7722.396318817138
2592-HODOV,259.65,1073.3071,1332.95712890625
7995-ZHHNZ,2386.85,1521.119,3907.9690185546874
3824-RHKVR,340.35,774.3816,1114.731591796875
5816-SCGFC,419.35,1289.6833,1709.033349609375
5989-AXPUC,7990.05,493.88022,8483.930218505859
4979-HPRFL,1402.25,381.3262,1783.5762023925781
8590-OHDIW,749.35,611.58,1360.9300170898437
8015-IHCGW,8425.15,3.6137836,8428.763783597946
2332-TODQS,1171.5,501.7937,1673.293701171875
9278-VZKCD,5647.95,1131.6909,6779.64091796875
8008-OTEZX,708.8,626.88214,1335.6821411132812
2773-OVBPK,7567.2,534.1487,8101.348681640625
5999-LCXAO,29.9,1012.39325,1042.2932495117188
5206-XZZQI,4348.1,123.2699,4471.369897460938
4803-LBYPN,635.9,463.12576,1099.0257629394532
2139-FQHLM,1682.4,1602.9722,3285.37216796875
8261-GWDBQ,6925.9,1368.0698,8293.96982421875
1093-YSWCA,223.15,1173.1101,1396.260107421875
3882-IYOIJ,6758.45,1368.8042,8127.25419921875
8749-TZYEC,1874.3,0.0,1874.3
1755-FZQEC,791.15,561.761,1352.910986328125
3115-JPJDD,4639.45,788.11334,5427.563342285156
5600-KTXFM,143.9,1509.4174,1653.3173583984376
6339-TBELP,6172.0,142.60922,6314.609222412109
7964-YESJC,1559.45,2361.1614,3920.611376953125
6173-GOLSU,6079.0,61.217537,6140.2175369262695
9938-ZREHM,2658.4,2267.958,4926.3580078125
7950-XWOVN,383.55,1060.913,1444.4629638671875
4647-MUZON,1745.5,2462.4634,4207.96337890625
9702-AIUJO,2230.85,788.2029,3019.052880859375
8849-PRIQJ,7281.6,367.43823,7649.038232421875
8851-RAGOV,1837.7,2095.1584,3932.858447265625
5396-IZEPB,180.7,915.32245,1096.0224487304688
1729-VLAZJ,411.45,2171.62,2583.0701171875
8285-ABVLB,1328.35,42.34407,1370.6940704345702
0701-TJSEF,576.95,3334.3733,3911.323291015625
5712-VBOXD,68.45,946.4693,1014.9192993164063
6629-LADHQ,123.05,1722.5123,1845.5623291015625
1559-DTODC,468.35,462.21982,930.5698181152344
4797-MIWUM,174.7,1075.7483,1250.448291015625
8720-RQSBJ,44.0,917.7365,961.7365112304688
4537-CIBHB,172.35,1170.5984,1342.948388671875
4324-AHJKS,300.4,2503.404,2803.804052734375
4355-CVPVS,4968.0,992.0664,5960.06640625
4495-LHSSK,992.7,1477.2328,2469.9327880859373
5915-ANOEI,5536.5,185.73895,5722.238952636719
9861-PDSZP,7806.6,21.628614,7828.2286144256595
7225-CBZPL,1563.9,1460.2338,3024.1337646484376
6704-UTUKK,1332.4,607.9481,1940.3481201171876
2019-HDCZY,6296.75,871.8778,7168.6278076171875
8788-DOXSU,3645.5,618.5481,4264.048095703125
7404-JLKQG,161.45,1445.2814,1606.7313720703125
7421-ZLUPA,226.95,691.352,918.3019897460938
3274-NSDWE,1441.65,65.50996,1507.1599563598634
2632-IVXVF,7511.3,420.0012,7931.301190185547
3692-JHONH,5621.85,1647.4426,7269.292626953125
8915-NNTRC,7919.8,0.0,7919.8
5914-GXMDA,593.2,674.6447,1267.8447143554688
7463-IFMQU,1423.65,0.0,1423.65
2920-RNCEZ,69.95,2197.2817,2267.23173828125
2541-YGPKE,2763.35,1784.7926,4548.142602539063
5382-TEMLV,2298.55,645.7223,2944.2722900390627
3441-CGZJH,2640.55,1580.3993,4220.949291992188
9592-ERDKV,2911.8,2460.421,5372.2208984375
4778-IZARL,6705.7,940.1509,7645.85087890625
0432-CAJZV,237.65,1449.9924,1687.642431640625
7008-LZVOZ,1672.35,162.19049,1834.5404907226562
1200-TUZHR,695.75,1363.2463,2058.996337890625
9365-CSLBQ,1654.6,12.237803,1666.8378034591674
5884-FBCTL,1857.85,17.38521,1875.2352100372314
7130-CTCUS,825.1,2333.8938,3158.993798828125
6242-FEGFD,6424.25,584.00574,7008.2557373046875
6194-HBGQN,4126.2,1597.8092,5724.009204101562
7634-WSWDB,330.8,1035.286,1366.0860107421875
6986-IXNDM,1337.45,573.2063,1910.656298828125
2987-BJXIK,5991.05,140.86465,6131.914654541016
9769-TSBZE,4891.5,145.12303,5036.623031616211
1395-WSWXR,487.05,996.9176,1483.9676025390625
6023-GSSXW,4131.2,177.35194,4308.551943969726
6752-APNJL,2301.15,853.41656,3154.5665649414063
0420-HLGXF,4036.0,383.68964,4419.689636230469
7446-KQISO,4900.65,3025.0142,7925.66416015625
9823-EALYC,5727.45,0.0,5727.45
0582-AVCLN,743.05,679.18646,1422.2364624023437
5803-NQJZO,4804.65,0.0,4804.65
2607-DHDAK,1414.65,0.0,1414.65
1073-XXCZD,1443.65,419.29517,1862.945166015625
0743-HRVFF,2898.95,930.13086,3829.080859375
4006-HKYHO,5309.5,748.6081,6058.108093261719
3727-JEZTU,20.4,851.96606,872.366064453125
8143-ETQTI,451.55,959.71045,1411.26044921875
9667-TKTVZ,117.05,1498.4344,1615.4844482421875
3657-COGMW,5839.3,1233.5833,7072.883251953125
8570-KLJYJ,1893.5,1595.6094,3489.109375
7754-IXRMC,45.35,839.39233,884.742333984375
9473-CBZOP,1654.45,2248.0654,3902.5154296875
2969-WGHQO,477.05,4295.503,4772.5529296875
4334-HOWRP,4546.0,18.826477,4564.826477050781
5863-OOKCL,163.2,620.5588,783.7587768554688
1686-STUHN,849.9,533.25836,1383.1583618164063
1329-VHWNP,189.95,676.13403,866.084033203125
0266-GMEAO,8058.55,5.7588973,8064.308897304535
5574-NXZIU,7049.75,966.019,8015.768981933594
0019-GFNTW,2560.1,695.609,3255.7090087890624
4256-ZWTZI,286.8,1200.1024,1486.9024169921875
8309-PPCED,7982.5,6.584273,7989.084272861481
4098-NAUKP,5683.6,26.875685,5710.4756847381595
5196-WPYOW,3994.05,221.74162,4215.791622924805
4608-LCIMN,369.15,1583.074,1952.223974609375
1485-YDHMM,4631.7,893.85175,5525.551745605469
4054-CUMIA,401.95,677.28625,1079.2362548828125
0603-TPMIB,1534.05,332.82825,1866.8782470703125
2525-GVKQU,1093.0,239.65361,1332.6536102294922
8161-QYMTT,701.3,1293.8823,1995.18232421875
9581-GVBXT,1980.3,360.2144,2340.5143859863283
5862-BRIXZ,2893.4,1665.8271,4559.2271484375
5404-GGUKR,262.3,1263.1393,1525.4392822265625
3308-JSGML,3886.85,840.05853,4726.908532714844
2126-GSEGL,5917.55,153.28423,6070.834225463867
0440-QEXBZ,2139.1,73.00132,2212.101319885254
2434-EEVDB,5948.7,722.0396,6670.739611816406
6762-QVYJO,3624.35,773.81903,4398.169030761719
6199-IWKGC,4753.85,1696.078,6449.928002929688
2675-DHUTR,5780.7,296.69482,6077.39482421875
8152-VETUR,6869.7,10.296603,6879.99660320282
7446-YPODE,662.95,2816.7642,3479.71416015625
9522-BNTHX,1765.95,783.5539,2549.5038940429686
4676-WLUHT,2431.95,761.603,3193.55302734375
7980-MHFLQ,1859.2,0.0,1859.2
0757-WCUUZ,3409.1,1102.8988,4511.998803710938
1629-DQQVB,709.5,1692.1359,2401.6358642578125
0374-AACSZ,50.15,1594.9907,1645.14072265625
4872-VXRIL,3665.55,914.31854,4579.868542480469
9140-CZQZZ,5515.8,306.8923,5822.692303466797
3423-HHXAO,272.0,1033.1375,1305.137451171875
9938-TKDGL,6668.0,431.15546,7099.155456542969
0531-ZZJWQ,4052.4,41.15644,4093.5564407348634
6537-QLGEX,664.4,748.287,1412.6869873046876
2688-BHGOG,718.55,748.6527,1467.2027099609375
3160-TYXLT,2546.85,334.1355,2880.985498046875
1325-USMEC,6944.5,177.85548,7122.355484008789
0916-QOFDP,1346.3,1666.3071,3012.60712890625
5606-AMZBO,765.15,2708.5461,3473.696142578125
6199-IPCAO,692.55,1058.3629,1750.9129150390625
5640-CAXOA,1187.05,1435.1866,2622.2366455078127
2235-EZAIK,5401.9,0.0,5401.9
3847-BAERP,247.0,599.31726,846.3172607421875
1453-RZFON,49.9,1703.2191,1753.1191162109376
8263-OKETD,1370.35,2481.3936,3851.7435546875
0670-KDOMA,20.25,765.85284,786.1028442382812
2476-YGEFM,2215.25,844.12335,3059.3733520507812
8687-BAFGU,74.0,1423.1644,1497.1644287109375
0641-EVBOJ,214.4,2435.467,2649.867041015625
0829-XXPLX,1871.15,2379.9727,4251.12265625
9974-JFBHQ,6171.2,131.92332,6303.123324584961
6624-JDRDS,161.45,1229.0524,1390.5023681640625
0608-JDVEC,1013.2,443.68478,1456.884783935547
9780-FKVVF,336.7,2363.1514,2699.8513671875
1919-RTPQD,333.65,1193.7963,1527.4462646484376
5214-NLTIT,6511.8,24.794117,6536.594116973877
3345-PBBFH,393.45,1934.259,2327.709033203125
5055-BRMNE,7009.5,496.47858,7505.978576660156
2190-PHBHR,6921.7,26.185633,6947.885632705688
2650-GYRYL,600.25,695.05646,1295.3064575195312
5208-FVQKB,4664.15,160.57355,4824.723547363281
7184-LRUUR,1441.8,2862.1985,4303.998486328125
6627-CFOSN,5623.7,524.7052,6148.405200195312
3982-JGSFD,695.85,666.7043,1362.5542846679687
1574-DYCWE,1028.75,410.76065,1439.5106506347656
7247-XOZPB,4155.95,1364.0393,5519.989306640625
2466-FCCPT,395.6,981.60077,1377.2007690429687
6211-WWLTF,6330.4,895.10004,7225.500036621093
4826-TZEVA,2971.7,725.40894,3697.108935546875
6016-NXBNJ,638.0,587.30884,1225.308837890625
9138-EFSMO,2034.25,2918.2795,4952.529541015625
4632-XJMEX,3419.5,1095.9329,4515.432861328125
8910-LEDAG,2427.35,973.5884,3400.93837890625
3452-GWUIN,1760.25,1242.105,3002.35498046875
2716-GFZOR,3551.65,1438.3461,4989.996069335937
3724-UCSHY,122.9,952.39606,1075.2960571289063
8626-XHBIE,1424.2,364.55145,1788.7514526367188
3192-LNKRK,2909.95,670.4414,3580.39140625
4439-YRNVD,374.0,1087.562,1461.56201171875
2208-UGTGR,5581.05,119.13799,5700.187992858887
3005-TYFRD,5676.65,854.6669,6531.316870117187
8670-MEFCP,3379.25,3354.1448,6733.394775390625
3079-BCHLN,942.95,476.8336,1419.7835876464844
7777-UNYHB,232.4,979.5531,1211.9531005859376
7278-CKDNC,2088.45,865.957,2954.4069702148436
8450-UYIBU,1434.6,238.37527,1672.975274658203
2969-VAPYH,3870.0,190.05966,4060.0596618652344
7181-OQCUT,2215.0,2654.9749,4869.974853515625
8474-UMLNT,842.25,3000.9001,3843.150146484375
3836-FZSDJ,1901.0,9.321284,1910.3212842941284
9142-XMYJH,601.6,543.8344,1145.4344116210937
0187-QSXOE,605.45,1545.7297,2151.179736328125
7733-UDMTP,3094.05,105.77535,3199.8253524780275
2649-HWLYB,4929.55,492.23294,5421.782940673828
5214-CHIWJ,595.05,795.5329,1390.5828979492187
6904-JLBGY,8436.25,0.0,8436.25
2465-BLLEU,19.75,771.5641,791.3140869140625
1685-VAYJF,492.0,1131.7172,1623.7171630859375
8874-EJNSR,987.95,808.97815,1796.9281494140625
6917-YACBP,5496.9,172.03394,5668.933935546875
5049-MUBWG,1908.35,3258.142,5166.49208984375
4223-WOZCM,107.1,1329.2246,1436.324609375
0769-MURVM,4575.35,0.0,4575.35
9253-VIFJQ,4309.55,410.2839,4719.833905029297
7030-FZTFM,7922.75,2.933726,7925.683726072311
9741-YLNTD,522.35,2723.5217,3245.871728515625
5917-RYRMG,587.7,747.31476,1335.0147583007813
5120-ZBLAI,3876.2,1491.673,5367.872973632812
1194-BHJYC,3778.85,690.7688,4469.618798828125
0906-QVPMS,8349.45,4.951662,8354.4016620636
1905-OEILC,19.5,808.7697,828.2697143554688
7858-GTZSP,1066.9,806.41534,1873.3153442382813
6248-BSHKG,1226.45,192.28864,1418.7386352539063
4685-TFLLS,342.3,1024.428,1366.727978515625
3470-BTGQO,985.05,562.9319,1547.981884765625
1209-VFFOC,3948.45,300.40692,4248.856921386719
8224-DWCKX,828.05,1483.697,2311.747021484375
4553-DVPZG,6164.7,0.0,6164.7
6917-IAYHD,33.6,1430.2211,1463.8210693359374
8620-RJPZN,20.7,835.3803,856.0803100585938
7572-KPVKK,6590.5,899.21783,7489.717834472656
2642-MAWLJ,717.95,723.9765,1441.9265014648438
7103-ZGVNT,4885.85,193.03313,5078.883126831055
2027-WKXMW,6871.7,241.12811,7112.828112792969
7137-NAXML,405.6,963.4336,1369.03359375
2428-ZMCTB,208.25,879.2099,1087.4598999023438
2961-VNFKL,1801.9,25.880348,1827.7803482055665
1768-HNVGJ,3062.45,765.50494,3827.954943847656
6963-KQYQB,1764.75,42.326202,1807.0762023925781
5934-RMPOV,1816.75,483.694,2300.4440002441406
1207-BLKSA,1255.1,461.98953,1717.089532470703
8316-BBQAY,3921.1,452.50342,4373.60341796875
1166-PQLGG,1463.45,0.0,1463.45
3146-JTQHR,189.45,1192.9131,1382.3630859375
4291-YZODP,96.8,1167.4725,1264.2725341796875
4395-PZMSN,408.5,1749.2644,2157.764404296875
6427-FEFIG,1846.65,3666.7817,5513.43173828125
0017-IUDMW,8456.75,9.3594885,8466.109488487244
8706-HRADD,1011.5,1160.7047,2172.2047119140625
9955-QOPOY,4263.4,108.205795,4371.605795288086
4385-ZKVNW,2549.1,943.06573,3492.165734863281
5446-DKWYW,3965.05,463.51175,4428.561749267578
9031-ZVQPT,7840.6,17.928282,7858.528281784058
2990-IAJSV,6632.75,7.6373324,6640.387332439423
8107-KNCIM,1013.35,1120.3768,2133.7268310546874
9027-YFHQJ,152.95,1074.378,1227.3280517578125
5176-LDKUH,3772.65,1064.318,4836.967993164062
4644-OBGFZ,1026.35,300.401,1326.7510009765624
7926-IJOOU,19.3,1064.2281,1083.5281494140625
6480-YAGIY,5031.85,2671.3623,7703.2123046875
4029-HPFVY,220.4,635.7334,856.1333984375
7602-DBTOU,1416.5,8.440303,1424.940302848816
5345-BMKWB,158.35,959.4641,1117.814111328125
5457-COLHT,5542.55,207.6655,5750.215496826172
5451-YHYPW,8443.7,5.4235926,8449.123592567445
7998-WNZEM,5708.2,43.421566,5751.621566009521
4664-NJCMS,2016.3,2231.8386,4248.138623046875
0307-BCOPK,326.65,926.4236,1253.073583984375
7629-WFGLW,5471.75,1416.7334,6888.4833984375
2542-HYGIQ,19.95,1070.5127,1090.4626953125
5016-LIPDW,1061.6,268.8162,1330.416192626953
6481-LXPWL,1971.5,448.01212,2419.5121154785156
6124-ACRHJ,19.75,816.3658,836.1157836914062
9362-MWODR,2460.35,1187.5516,3647.9016357421874
9975-GPKZU,856.5,486.99936,1343.4993591308594
9625-RZFUK,1275.85,172.75946,1448.6094604492187
5153-LXKDT,7467.5,421.44064,7888.940643310547
5161-UBZXI,7261.75,286.51315,7548.263153076172
1020-JPQOW,5116.6,645.5161,5762.11611328125
7919-ZODZZ,660.05,3604.8784,4264.92841796875
0565-JUPYD,6590.8,817.6029,7408.402905273438
6867-ACCZI,1208.15,2470.6692,3678.819189453125
5939-XAIXZ,1033.9,819.5895,1853.4894775390626
9054-FOWNV,1885.15,1388.1083,3273.2582763671876
8207-VVMYB,2006.95,62.227787,2069.177787017822
9732-EQMWY,5025.0,658.20056,5683.2005615234375
5269-NRGDP,3088.25,1789.6469,4877.8968505859375
6195-MELTI,3134.7,524.95514,3659.655139160156
2121-JAFOM,8312.4,2.6730745,8315.073074483871
8818-DOPVL,4863.85,587.3218,5451.17177734375
1227-UDMZR,6637.9,0.0,6637.9
5198-HQAEN,3165.6,2615.2869,5780.886865234375
2167-FQSTQ,6786.1,0.0,6786.1
2819-GWENI,543.0,776.6926,1319.692626953125
3572-UUHRS,867.3,371.21667,1238.5166748046875
2692-PFYTJ,25.75,1032.3319,1058.0819091796875
5955-EPOAZ,109.5,715.39636,824.8963623046875
6821-JPCDC,4692.95,1652.4878,6345.43779296875
8815-LMFLX,546.85,947.5702,1494.4201904296874
9135-HSWOC,1274.05,146.92355,1420.9735534667968
8582-KRHPJ,1782.4,153.55833,1935.958334350586
5811-IWXYM,5301.1,1642.2795,6943.379541015625
7044-YAACC,280.35,1146.8364,1427.18642578125
8189-XRIKE,2897.95,282.8865,3180.836505126953
1506-YJTYT,3371.0,2034.3634,5405.3634033203125
4123-DVHPH,801.3,2636.1208,3437.420849609375
2228-BZDEE,1079.45,344.93893,1424.388934326172
2789-CZANW,6997.3,864.6628,7861.962780761719
7596-LDUXP,979.05,4277.7876,5256.83759765625
3740-RLMVT,4119.4,237.7983,4357.198294067382
2192-OZITF,3349.1,1898.8131,5247.913110351563
5651-CPDND,492.1,726.25366,1218.353662109375
2186-QZEYA,1718.95,1646.039,3364.9889404296873
1131-ALZWV,605.25,1082.9762,1688.2261962890625
7729-XBTWX,1344.5,109.107315,1453.6073150634766
9134-WYRVP,4267.15,1250.4312,5517.58115234375
3284-SVCRO,1121.05,653.42267,1774.4726684570312
9732-OUYRN,918.7,407.97787,1326.6778747558594
0559-CKHUS,521.8,817.5116,1339.3115966796875
2931-SVLTV,4469.1,2806.1843,7275.284326171875
7504-UWHNB,1729.35,251.75645,1981.1064544677733
2582-FFFZR,1073.3,611.36725,1684.6672485351562
8908-NMQTX,4566.5,5.930861,4572.430860996246
1431-AIDJQ,2603.1,3139.2493,5742.349267578125
6288-LBEAR,1783.75,1033.0829,2816.8328857421875
8413-YNHNV,6322.1,261.98508,6584.085076904297
5808-TOTXO,57.4,1360.4086,1417.8085693359376
4369-NYSCF,4284.65,1007.03766,5291.687658691406
6333-YDVLT,7138.65,574.08344,7712.733435058593
5324-KTGCG,1539.75,0.0,1539.75
5599-HVLTW,1058.1,1611.0205,2669.1205078125
7394-LWLYN,123.8,549.6446,673.4445922851562
6873-UDNLD,2731.0,900.776,3631.7760009765625
2700-LUEVA,20.75,1123.9781,1144.7281494140625
0958-YHXGP,497.3,471.32916,968.6291625976562
1101-SSWAG,711.15,893.3966,1604.5466064453126
5743-KHMNA,1898.1,19.522417,1917.6224170684814
4194-FJARJ,3273.95,1029.5442,4303.494189453125
5325-UWTWJ,2929.75,2889.7253,5819.475341796875
3969-GYXEL,838.7,1399.6346,2238.3346435546873
9208-OLGAQ,1443.65,743.9459,2187.5959228515626
3244-CQPHU,7746.7,0.0,7746.7
2674-MLXMN,6951.15,0.0,6951.15
9708-HPXWZ,214.75,2162.1316,2376.881591796875
6992-TKNYO,2669.45,2186.33,4855.780078125
4468-YDOVK,235.2,1744.2115,1979.4115478515625
5792-JALQC,3103.25,1263.5249,4366.77490234375
2200-DSAAL,5330.2,318.75394,5648.953936767578
4302-ZYFEL,1403.1,19.598185,1422.6981845855712
9351-LZYGF,2727.8,1583.1774,4310.977368164063
4366-CTOUZ,5038.45,1960.3636,6998.813647460937
1518-OMDIK,1462.6,718.06903,2180.6690307617187
6671-NGWON,150.6,754.69666,905.2966552734375
0595-ITUDF,5960.5,250.50938,6211.009384155273
1955-IBMMB,1192.3,254.76773,1447.0677307128906
0096-BXERS,314.55,1425.2947,1739.844677734375
3806-YAZOV,56.0,761.3852,817.3851928710938
7998-ZLXWN,330.8,947.2188,1278.0188110351562
6253-WRFHY,877.35,3007.5647,3884.914697265625
9133-AYJZG,2249.1,2165.007,4414.107080078125
2675-OTVVJ,2807.65,1537.6998,4345.349829101562
8680-CGLTP,1696.2,1927.5393,3623.739306640625
8430-TWCBX,1032.05,441.8639,1473.9138916015625
5018-GWURO,4902.8,152.55307,5055.35307006836
6741-QRLUP,4995.35,656.3289,5651.678918457032
4737-HOBAX,5034.05,684.4345,5718.484509277344
0537-QYZZN,1857.75,1437.298,3295.0479736328125
3340-QBBFM,1992.85,1851.3547,3844.204736328125
8200-KLNYW,1714.95,3840.6975,5555.647509765625
3372-CDXFJ,343.6,1370.211,1713.8110595703124
4781-ZXYGU,20.15,1169.3912,1189.5412353515626
7632-YUTXB,520.1,854.461,1374.5609985351562
2718-YSKCS,1387.45,9.884886,1397.334885787964
9896-UYMIE,7383.7,581.1716,7964.871569824219
0853-NWIFK,4483.95,1732.5046,6216.454638671875
8212-CRQXP,1706.45,1389.8782,3096.328173828125
6980-CDGFC,1327.4,56.355663,1383.7556632995606
7691-XVTZH,5974.3,304.59894,6278.898937988281
2520-SGTTA,0.0,1420.7137,1420.7137451171875
2277-VWCNI,179.85,1162.4938,1342.3437744140624
1088-CNNKB,5040.2,650.3782,5690.578173828125
1930-BZLHI,422.7,903.05786,1325.757861328125
5868-YTYKS,20.25,845.89557,866.1455688476562
3525-DVKFN,358.05,1037.2097,1395.259716796875
1482-OXZSY,2936.25,2003.6332,4939.8831787109375
0377-JBKKT,1271.8,1933.3964,3205.1963623046877
5778-BVOFB,530.05,1806.599,2336.6489990234377
3373-YZZYM,19.2,1008.0827,1027.2827026367188
0228-MAUWC,1144.6,1375.9087,2520.50869140625
7663-YJHSN,7556.9,4.8439264,7561.743926429748
4915-BFSXL,4858.7,144.40823,5003.108233642578
3086-RUCRN,6595.0,250.09517,6845.095169067383
5215-LNLDJ,149.05,562.4889,711.5388916015625
7576-JMYWV,4972.1,1710.4427,6682.542749023438
0257-KXZGU,2045.55,1805.1758,3850.72578125
1307-ATKGB,2187.15,1102.4861,3289.636083984375
3714-XPXBW,2976.95,2204.412,5181.362109375
1850-AKQEP,178.7,798.2916,976.9916259765625
2824-DXNKN,5025.85,25.845045,5051.695045089722
5227-JSCFE,3353.4,66.46811,3419.8681091308595
0848-ZGQIJ,1461.15,2605.943,4067.093115234375
3621-CHYVB,2782.4,536.8424,3319.2424072265626
8042-RNLKO,1699.15,105.35585,1804.5058502197267
5372-FBKBN,452.2,547.6515,999.8514892578125
0420-TXVSG,4428.45,369.62488,4798.074877929687
6217-TOWGS,1322.55,2980.1038,4302.653759765625
1045-LTCYT,139.75,1110.0823,1249.832275390625
1544-JJMYL,1927.3,2941.0044,4868.30439453125
4636-JGAAI,3000.25,1360.1844,4360.4344482421875
6874-SGLHU,3021.3,3191.4277,6212.727734375
5951-AOFIH,2245.4,1393.583,3638.9830078125
3059-NGMXB,944.65,3113.1165,4057.766455078125
8652-YHIYU,1264.2,3594.9983,4859.198291015625
5278-PNYOX,4917.75,2221.3213,7139.0712890625
3486-HOOGQ,5743.3,131.93964,5875.239636230469
5061-PBXFW,1864.65,1857.2104,3721.86044921875
8630-FJLIB,1221.65,183.34055,1404.990545654297
3891-NLXJB,1390.85,1409.5005,2800.35048828125
4749-OJKQU,302.35,859.747,1162.0970092773437
0577-WHMEV,1374.9,3675.1587,5050.05869140625
5453-AXEPF,1336.9,2417.308,3754.20810546875
3639-XJHKQ,1297.8,1533.2123,2831.0122802734377
3716-LRGXK,6067.4,1114.9921,7182.392065429687
2263-SFSQZ,1222.25,483.6557,1705.9057006835938
9950-MTGYX,487.95,861.85114,1349.8011352539063
3397-AVTKU,2548.55,1514.8157,4063.365673828125
4825-FUREZ,835.5,637.41144,1472.9114379882812
2672-OJQZP,44.75,839.39233,884.142333984375
3134-DSHVC,6218.45,775.1184,6993.568408203125
7821-DPRQE,7320.9,178.17538,7499.075384521484
2001-EWBQU,6333.8,1158.1995,7491.999462890625
1608-GMEWB,4200.25,460.88962,4661.139617919922
6695-AMZUF,5950.2,191.74217,6141.942172241211
8410-BGQXN,93.4,792.2812,885.6811889648437
1619-YWUBB,1614.9,102.833206,1717.733206176758
7611-YKYTC,1573.95,1927.8878,3501.8378173828123
0365-GXEZS,1468.75,1686.3796,3155.129638671875
0082-OQIQY,2607.6,693.0405,3300.64052734375
3606-SBKRY,1523.4,1491.9203,3015.3202880859376
0667-NSRGI,3435.6,1353.1853,4788.785302734375
6893-ODYYE,4549.45,1696.6122,6246.062182617187
8242-JSVBO,322.5,1042.8827,1365.3826904296875
9541-ZPSEA,5375.15,395.19894,5770.3489440917965
2665-NPTGL,2510.7,2128.544,4639.2439453125
1139-WUOAH,3090.05,804.33307,3894.3830688476564
4693-VWVBO,61.05,774.80554,835.8555419921875
6937-GCDGQ,955.6,2257.3254,3212.925439453125
0988-JRWWP,140.4,755.7173,896.11728515625
5075-JSDKI,1493.1,353.9786,1847.0786071777343
8644-XYTSV,1626.05,680.48846,2306.538464355469
3873-WOSBC,1784.9,134.89912,1919.799124145508
7465-ZZRVX,70.35,659.71686,730.0668579101563
7975-JMZNT,6075.9,542.529,6618.428991699218
7251-XFOIL,5500.6,0.0,5500.6
4116-IQRFR,73.1,1654.969,1728.068994140625
8259-DZLIZ,3399.85,298.3363,3698.1863037109374
0442-ZXKVS,6431.05,1958.7914,8389.841381835937
7853-WNZSY,19.75,1029.0042,1048.754150390625
3120-FAZKD,1230.9,428.95514,1659.8551391601563
8606-OEGQZ,454.65,1342.1425,1796.7924560546876
0225-ZORZP,235.05,2119.8909,2354.940869140625
9489-JMTTN,6595.9,5.7787695,6601.678769493103
0575-CUQOV,5867.0,810.7616,6677.7615966796875
0967-BMLBD,196.35,1113.4062,1309.75625
2830-LEWOA,6449.15,923.963,7373.113012695312
5006-MXVRN,762.45,718.66364,1481.1136352539063
8327-WKMIE,785.75,682.6144,1468.3643798828125
6917-FIJHC,1776.0,0.0,1776.0
5329-KRDTM,5396.25,6.4184227,5402.668422698975
7797-EJMDP,574.5,3044.013,3618.512939453125
3530-VWVGU,400.3,607.30194,1007.6019409179687
6368-NWMCE,2656.3,1481.9556,4138.25556640625
3633-CDBUW,1445.95,4010.2637,5456.213671875
0707-HOVVN,5212.65,148.81505,5361.465048217773
3956-MGXOG,2244.95,132.0249,2376.97490234375
9274-UARKJ,1130.0,1758.0326,2888.0325927734375
4077-HWUYD,6463.15,2.7088552,6465.85885515213
0103-CSITQ,6252.7,1470.0975,7722.797534179687
8671-KKKOS,2062.15,464.43585,2526.5858520507813
7305-ZWMAJ,587.1,800.4651,1387.565087890625
9518-XXBXE,720.45,1870.9862,2591.4362060546873
6578-KRMAW,2979.3,1881.1749,4860.474926757813
4860-IJUDE,956.65,1687.441,2644.0910400390626
9688-YGXVR,3973.2,896.2157,4869.415698242187
0423-UDIJQ,447.9,1160.5645,1608.464453125
1945-XISKS,1335.2,96.33344,1431.5334426879883
5360-LJCNJ,7555.0,98.12027,7653.120269775391
2607-FBDFF,49.0,2025.9806,2074.9805908203125
1100-DDVRV,836.35,1223.2518,2059.6018310546874
6728-WYQBC,20.95,1088.4528,1109.4027587890625
9029-FEGVJ,2570.0,866.38293,3436.3829345703125
7216-KAOID,798.2,586.3866,1384.5865966796875
6145-NNPNO,44.15,1260.7313,1304.8813232421876
5339-TJFEK,6487.2,312.04788,6799.247882080078
2074-GUHPQ,1556.85,3364.1694,4921.01943359375
4625-XMOYM,1988.05,19.091272,2007.141272354126
5827-MWCZK,5432.2,766.6041,6198.804125976562
1385-TQOZW,147.55,882.80853,1030.3585327148437
5914-XRFQB,8424.9,4.4745736,8429.374573612213
4329-YPDDQ,2203.7,3800.6997,6004.39970703125
4804-NCPET,387.4,1060.1906,1447.5905517578126
5944-UGLLK,3045.75,938.8524,3984.6024169921875
7787-BNTZM,130.5,985.3683,1115.8682861328125
2252-ISRNH,767.9,3942.0725,4709.972509765625
9415-TPKRV,446.8,2243.8115,2690.6115234375
5322-TEUJK,8100.25,120.09906,8220.349060058594
1866-DIOQZ,4689.15,53.894974,4743.044973754882
8375-KVTHK,6754.35,198.1254,6952.475396728516
2697-NQBPF,3540.65,1312.3252,4852.9751953125
3709-OIJEA,2184.6,3144.3894,5328.989404296875
1386-ZIKUV,130.55,641.504,772.0540283203125
0599-XNYDO,1540.35,1089.8112,2630.1611572265624
6377-WHAOX,6411.25,297.6034,6708.8533935546875
6855-VLGOS,1432.55,15.7943125,1448.3443124771118
8999-XXGNS,7629.85,21.518002,7651.368001556397
8746-OQQRW,101.9,1120.572,1222.472021484375
3181-MIZBN,313.4,734.4461,1047.8461059570313
0471-ARVMX,6312.9,748.13873,7061.038732910156
7766-CLTIC,629.55,1251.7819,1881.3318603515625
5650-YLIBA,2640.55,579.37146,3219.9214599609377
0825-CPPQH,1372.45,25.421194,1397.8711940765381
9084-OAYKL,1212.25,301.46036,1513.7103576660156
6122-LJADA,6237.05,172.15201,6409.202008056641
2400-XIWIO,6310.9,109.73281,6420.632810974121
7524-VRLPL,5031.0,261.06302,5292.063018798828
7569-NMZYQ,8672.45,17.762024,8690.212023925782
5201-USSQZ,2196.45,1988.8086,4185.25859375
2105-PHWON,3008.15,2049.3975,5057.5474609375
1494-EJZDW,220.8,1233.6809,1454.480908203125
4884-TVUQF,5779.6,1471.7278,7251.327783203125
8003-EWNDZ,222.65,575.11084,797.76083984375
1897-RCFUM,914.6,690.3759,1604.9759155273437
9256-JTBNZ,246.3,881.1181,1127.4181030273437
2211-RMNHO,5560.0,338.33728,5898.3372802734375
2432-TFSMK,1633.0,3767.859,5400.85888671875
4929-ROART,969.85,1505.414,2475.2639404296874
1834-ABKHQ,2610.65,855.3854,3466.0353759765626
1741-WTPON,6567.9,1860.7227,8428.62265625
3932-IJWDZ,4747.85,1002.82275,5750.67275390625
1240-HCBOH,1759.55,119.53093,1879.0809295654296
3594-KADLU,101.1,1645.3204,1746.4204345703124
8065-BVEPF,6496.15,127.569435,6623.7194351196285
3796-ENZGF,4234.15,650.2746,4884.424597167968
1734-ZMNTZ,300.7,1485.1056,1785.8055908203125
2853-CWQFQ,59.55,1742.0236,1801.5735595703125
0813-TAXXS,4323.35,1112.0948,5435.444848632813
2519-TWKFS,1466.1,2137.6428,3603.742822265625
0626-QXNGV,1776.45,0.0,1776.45
6723-CEGQI,2933.95,310.06268,3244.0126831054686
4732-RRJZC,144.35,977.7075,1122.05751953125
9499-XPZXM,4804.75,0.0,4804.75
4338-EYCER,1125.2,1379.0347,2504.23466796875
3007-FDPEA,39.85,966.72394,1006.5739379882813
6350-XFYGW,422.4,1728.0013,2150.4013427734376
8513-OLYGY,8332.15,0.0,8332.15
0311-QYWSS,314.6,1225.0824,1539.6823974609374
8705-DWKTI,4331.4,348.226,4679.626013183593
8755-IWJHN,6382.0,98.920456,6480.920455932617
4480-QQRHC,600.15,1577.7272,2177.8771728515626
0929-PECLO,5538.8,0.0,5538.8
3680-CTHUH,7049.5,1187.4591,8236.959106445312
1202-KKGFU,690.5,2458.7395,3149.239501953125
6112-KTHFQ,279.3,519.3285,798.6284912109375
1852-XEMDW,1427.55,2266.4673,3694.01728515625
1820-DJFPH,1709.15,0.0,1709.15
9426-SXNHE,53.15,948.95776,1002.107763671875
9068-FHQHD,777.35,671.5703,1448.9203125
1269-FOYWN,860.85,507.2613,1368.1112915039062
9470-YFUYI,5012.1,78.68527,5090.785272216797
7402-EYFXX,2404.1,563.6544,2967.7544189453124
9895-VFOXH,24.4,463.11627,487.5162719726562
1230-QAJDW,209.9,1941.0211,2150.9211181640626
5701-ZIKJE,610.75,930.0577,1540.8076782226562
5032-MIYKT,70.7,637.10913,707.809130859375
7396-VJUZB,155.35,1259.6727,1415.0227294921874
9717-QEBGU,144.0,622.0089,766.0089111328125
5172-RKOCB,7875.0,0.0,7875.0
6509-TSGWN,911.6,607.48645,1519.0864501953124
3178-CIFOT,478.1,878.4348,1356.534814453125
4530-NDRKU,761.85,508.54605,1270.3960510253905
5985-TBABQ,2282.95,2463.313,4746.26298828125
9800-ONTFE,1615.1,1379.0151,2994.11513671875
6743-HHQPF,1097.15,242.34196,1339.4919647216798
8455-HIRAQ,369.3,700.9858,1070.2857788085937
6616-AALSR,6725.3,674.5716,7399.871594238281
9415-ZNBSX,6293.2,176.1866,6469.386599731445
4018-KJYUY,432.5,713.1052,1145.605224609375
3884-UEBXB,2434.45,170.15677,2604.606768798828
8780-RSYYU,532.1,564.65924,1096.7592407226562
5537-UXXVS,375.25,761.6834,1136.9334106445312
1791-PQHBB,125.95,2703.7678,2829.717822265625
8701-DGLVH,1042.65,420.38828,1463.0382751464845
8741-LQOBK,1620.25,521.5211,2141.7711181640625
8082-GHXOP,659.35,700.8684,1360.218408203125
0980-FEXWF,1285.8,1840.9463,3126.7462890625
3011-WQKSZ,377.55,463.94064,841.4906433105468
8218-FFJDS,6058.95,0.0,6058.95
1986-PHGZF,964.9,2340.9602,3305.860205078125
9360-OMDZZ,2322.85,481.51932,2804.369317626953
0345-XMMUG,4854.3,2831.2888,7685.588818359375
8024-XNAFQ,7748.75,0.0,7748.75
2988-GBIVW,6470.1,0.0,6470.1
2832-SCUCO,57.4,801.6225,859.0224975585937
7036-ZZKBD,2019.8,1814.6488,3834.4488037109377
0265-PSUAE,1522.7,3747.4495,5270.149462890625
0463-TXOAK,1334.5,475.50308,1810.0030822753906
0594-UFTUL,252.0,770.77124,1022.771240234375
9509-MPYOD,700.45,652.1369,1352.5869018554688
9128-CPXKI,5655.45,1156.4375,6811.8875
0129-KPTWJ,6747.35,0.0,6747.35
5855-EIBDE,5174.35,2545.2493,7719.599267578125
5365-LLFYV,105.6,692.792,798.3919921875
5956-YHHRX,2271.85,2273.5547,4545.4046875
6008-NAIXK,2966.95,800.7875,3767.7374755859373
1928-BXYIV,61.15,2882.279,2943.429052734375
5760-FXFVO,494.95,1898.9108,2393.8607666015623
0961-ZWLVI,5290.45,2145.2844,7435.734423828125
5181-OABFK,3346.8,921.3189,4268.118908691406
4007-NHVHI,5219.65,292.17615,5511.826147460937
7816-VGHTO,217.5,2601.6433,2819.143310546875
5871-DGTXZ,607.7,689.2856,1296.9855834960938
7550-WIQVA,5431.4,2054.555,7485.954931640625
7544-ZVIKX,6004.85,1222.0157,7226.865747070313
0016-QLJIS,5957.9,657.4342,6615.334204101562
7508-DQAKK,5442.05,689.6394,6131.689404296875
5176-OLSKT,4370.25,350.59802,4720.8480224609375
9356-AXGMP,4428.6,3412.603,7841.20302734375
3556-BVQGL,416.45,896.60266,1313.0526611328125
8979-CAMGB,6688.1,511.49338,7199.593377685547
7581-EBBOU,4224.7,721.45355,4946.153552246094
5073-RZGBK,4042.2,1803.9874,5846.187426757812
2192-CKRLV,3580.95,70.89553,3651.8455307006834
3154-HMWUU,1198.8,253.01326,1451.8132598876953
6119-SPUDB,1755.35,1013.3632,2768.7132202148437
6522-OIQSX,3772.5,149.84082,3922.3408203125
7813-ZGGAW,2877.95,1792.7253,4670.675341796875
8748-HFWBO,357.7,972.4484,1330.1484252929688
1052-QJIBV,1397.3,18.973524,1416.2735240936279
1319-YLZJG,959.9,3026.354,3986.25400390625
0723-FDLAY,3704.15,2112.8762,5817.026220703125
3050-RLLXC,4620.4,1358.183,5978.582983398437
9298-WGMRW,8312.75,9.935752,8322.685751914978
3088-LHEFH,929.3,2092.2844,3021.584423828125
6583-KQJLK,1285.05,1842.2898,3127.339794921875
8544-JNBOX,1521.2,0.0,1521.2
6681-ZSEXG,3389.25,903.6297,4292.879699707031
6139-ZZRBQ,1198.05,160.31134,1358.3613403320312
6116-RFVHN,3414.65,961.5866,4376.236608886718
8884-FEEWR,754.0,717.0663,1471.0662841796875
3125-RAHBV,467.15,961.4577,1428.6077026367188
0373-AIVNJ,373.0,2208.251,2581.2509765625
1682-VCOIO,481.1,918.4197,1399.519677734375
2072-ZVJJX,1728.2,106.903534,1835.103533935547
8849-AYPTR,2964.05,739.138,3703.1880004882814
9518-IMLHK,2156.25,2119.2534,4275.50341796875
3646-ITDGM,1051.9,296.9168,1348.8168090820313
3569-VLDHH,5013.0,394.76642,5407.766418457031
8224-KDLKN,1738.9,10.026956,1748.9269556045533
7594-LZNWR,2275.1,653.75793,2928.8579345703124
4001-TSBTV,5511.65,116.4735,5628.123503112793
8727-XDPUD,1316.9,1192.3096,2509.2095703125
1043-UXOVO,7993.3,66.66198,8059.961979675293
1064-FBXNK,19.85,1387.4812,1407.331201171875
3996-ZNWYK,1388.45,21.070194,1409.5201942443848
2878-DHMIN,666.0,626.55444,1292.554443359375
7762-ONLJY,94.45,1195.0923,1289.54228515625
5795-BKOYE,4134.7,145.64479,4280.344790649414
7402-PWYJJ,4862.5,1189.2063,6051.706298828125
0018-NYROU,351.5,923.7898,1275.289794921875
7501-VTYLJ,106.2,1655.5697,1761.7697021484375
7608-RGIRO,1413.0,210.48378,1623.4837799072266
0480-BIXDE,1743.05,1430.1456,3173.1956298828127
5895-QSXOD,657.5,673.41406,1330.9140625
9814-AOUDH,1050.5,368.03485,1418.5348510742188
6175-IRFIT,426.35,1039.4938,1465.8437744140624
8760-ZRHKE,4982.5,45.663174,5028.163173675537
1622-HSHSF,19.55,727.96924,747.51923828125
6749-UTDVX,7634.8,39.87818,7674.67818145752
5542-DHSXL,235.05,2442.1936,2677.243603515625
9102-OXKFY,3116.15,656.51935,3772.6693481445313
5216-WASFJ,2633.4,594.6187,3228.0187133789063
7808-DVWEP,49.65,1145.8735,1195.52353515625
2284-VFLKH,4920.8,1845.6499,6766.44990234375
0366-NQSHS,46.35,821.59503,867.9450317382813
3807-BPOMJ,5276.1,1007.293,6283.393029785157
3892-NXAZG,8289.2,5.7588973,8294.958897304536
4948-WBBKL,2659.45,500.22516,3159.675158691406
4182-BGSIQ,196.75,981.2089,1177.9589233398438
0988-AADSA,5824.75,0.0,5824.75
9972-NKTFD,1517.5,1398.5918,2916.091796875
3717-LNXKW,3479.05,1595.033,5074.082958984375
5734-EJKXG,7365.7,977.762,8343.462023925782
2207-RYYRL,1331.05,464.20663,1795.2566345214843
6729-FZWSY,1195.95,35.12711,1231.077109527588
9695-IDRZR,3946.9,4284.6772,8231.57724609375
8144-DGHXP,4299.95,1459.8861,5759.836108398437
7814-LEEVE,20.3,1102.3248,1122.6248291015625
8631-WUXGY,4391.25,391.77325,4783.023254394531
5906-DVAPM,4213.9,1207.8552,5421.755224609375
6654-QGBZZ,19.9,830.8793,850.7792724609375
8348-JLBUG,5017.7,546.7306,5564.430590820312
5641-DMBFJ,4916.4,1123.0154,6039.415380859375
9200-NLNPD,2959.8,752.12946,3711.9294555664064
2664-XJZNO,7559.55,97.026596,7656.576596069336
3339-EAQNV,7133.1,41.0798,7174.1797996521
0921-OHLVP,1799.3,681.36694,2480.666943359375
8350-NYMVI,1597.05,747.71265,2344.762646484375
1600-DILPE,524.35,858.19775,1382.54775390625
0536-ESJEP,4191.45,1278.5083,5469.95830078125
4654-GGUII,711.95,1819.747,2531.6969482421873
6478-HRRCZ,2201.75,2549.1077,4750.857666015625
8510-BBWMU,806.95,472.8755,1279.82548828125
6857-TKDJV,1620.45,123.80568,1744.255679321289
2360-RDGRO,6812.95,70.980255,6883.930255126953
0584-BJQGZ,1837.9,2944.7507,4782.650732421875
1360-XFJMR,7344.45,453.93057,7798.380572509765
5730-RIITO,1500.25,474.73248,1974.9824829101562
9058-MJLZC,2283.15,978.51636,3261.666357421875
0902-XKXPN,1376.5,65.83129,1442.3312911987305
5177-RVZNU,755.4,683.6773,1439.0773071289063
0056-EPFBG,825.4,2037.7404,2863.1403564453126
8993-IZEUX,488.65,1281.3018,1769.9517578125
8190-ZTQFB,2075.1,1218.973,3294.0730224609374
0931-MHTEM,5299.65,1264.8088,6564.458837890625
7515-LODFU,1356.3,77.09838,1433.3983810424804
0440-UEDAI,5042.75,1451.2207,6493.970703125
1337-BOZWO,812.4,2156.356,2968.75595703125
0868-VJRDR,6605.55,744.333,7349.8830078125
6344-SFJVH,505.95,494.16016,1000.11015625
3950-VPYJB,3509.4,879.07214,4388.472143554687
8041-TMEID,6991.9,913.62744,7905.52744140625
7321-ZNSLA,590.35,2283.6946,2874.044580078125
6941-KXRRV,2789.7,1125.3317,3915.0316650390623
8727-JQFHV,1123.15,316.83377,1439.9837707519532
9475-NNDGC,7953.25,94.53916,8047.789161682129
1355-KUSBG,349.8,1356.8639,1706.6638916015625
3688-FTHLT,1067.05,1279.5891,2346.639111328125
0899-LIIBW,3527.3,1249.2803,4776.5802734375
1384-RCUXW,1248.9,1264.801,2513.701025390625
5825-XJOCM,3035.35,1441.3749,4476.724877929688
6848-YLDFR,4300.8,931.21747,5232.017468261719
8125-QPFJD,6065.3,0.0,6065.3
2320-YKQBO,144.95,703.37225,848.3222534179688
4973-RLZVI,2308.6,2859.4624,5168.06240234375
7869-ZYDST,1882.8,1248.2863,3131.0862548828127
4501-UYKBC,3255.35,1473.5984,4728.948388671875
1215-EXRMO,1067.65,458.03284,1525.6828369140626
2305-MRGLV,2065.4,1520.8008,3586.20078125
8404-VIOMB,4136.4,393.6939,4530.093908691406
2359-KLTEK,3848.0,1102.8931,4950.89306640625
5304-EFJLP,8022.85,0.8556583,8023.705658292771
2673-ZALNP,173.15,1156.369,1329.5190185546876
9184-GALIL,781.25,398.2599,1179.5098876953125
4393-RYCRE,4510.8,2201.1301,6711.930126953125
9746-MDMBK,5317.8,2701.0107,8018.8107421875
3162-ZJZFU,4779.45,356.0376,5135.48759765625
8404-GFGCZ,250.1,2387.001,2637.1009765625
8875-AKBYH,1745.2,484.09445,2229.2944519042967
0533-UCAAU,4140.1,1005.0553,5145.155297851563
1394-SUIUH,3670.5,965.3305,4635.830505371094
3521-MNKLV,1167.8,464.189,1631.988995361328
2533-TIBIX,469.65,1137.1442,1606.7941650390626
5092-STPKP,1381.2,1811.1528,3192.35283203125
0114-PEGZZ,3645.5,1459.7428,5105.2427978515625
3359-DSRKA,1158.85,289.68753,1448.537530517578
8639-NHQEI,6954.15,30.86689,6985.016889953613
7161-DFHUF,1672.1,15.229205,1687.3292051315307
3720-DBRWL,4307.1,1746.2378,6053.33779296875
8565-WUXZU,6141.65,7.8640156,6149.514015579223
4994-OBRSZ,1054.8,4219.1426,5273.942578125
0562-FGDCR,5430.65,49.30892,5479.9589218139645
2436-QBZFP,849.9,1010.31305,1860.2130493164063
3420-YJLQT,151.75,2095.5742,2247.32421875
6040-CGACY,299.4,582.76715,882.1671508789062
6582-PLFUU,1086.75,401.5879,1488.337890625
8242-PDSGJ,2692.75,68.67651,2761.426513671875
0264-CNITK,1389.6,17.863878,1407.463878250122
0089-IIQKO,3767.4,1501.9484,5269.348364257812
7839-NUIAA,3641.5,309.23352,3950.7335205078125
6075-QMNRR,2535.55,417.16516,2952.7151611328127
5966-EMAZU,6880.85,610.1629,7491.012902832032
0440-EKDCF,3753.2,631.5176,4384.717578125
4774-HHGGS,637.55,792.88434,1430.4343383789062
2055-BFOCC,5329.55,707.0836,6036.633618164063
8180-AKMJV,44.55,1212.6351,1257.1851318359375
4298-OYIFC,1539.8,2826.915,4366.7150390625
5566-SOEZD,2209.75,3225.5598,5435.309814453125
9842-EFSYY,223.75,2350.7356,2574.485595703125
2272-WUSPA,7751.7,0.0,7751.7
4584-LBNMK,1174.35,606.71,1781.0600219726562
3898-GUYTS,4385.05,1011.2834,5396.333386230469
0930-EHUZA,2606.35,2380.3906,4986.740625
9975-SKRNR,18.9,814.87946,833.7794555664062
3703-KBKZP,1261.35,1139.94,2401.28994140625
4973-MGTON,5969.3,79.33916,6048.639157104492
3682-YEUWS,253.9,1054.4803,1308.3803466796876
1223-UNPKS,400.0,1025.9103,1425.9102783203125
3446-QDSZF,227.35,1702.3026,1929.6526123046874
5117-IFGPS,2357.75,726.8528,3084.602783203125
7379-FNIUJ,198.5,3287.795,3486.294921875
1627-AFWVJ,554.25,836.98096,1391.23095703125
4486-EFAEB,251.65,563.7456,815.39560546875
0060-FUALY,5597.65,405.19568,6002.845678710937
6954-OOYZZ,768.05,1072.2025,1840.2525146484375
7088-FBAWU,1215.8,2817.5706,4033.370556640625
8313-AFGBW,3522.65,1705.7502,5228.400244140625
3097-IDVPU,910.45,1598.5172,2508.9672119140623
2197-OMWGI,3656.25,257.55252,3913.802520751953
2303-PJYHN,52.0,1115.3875,1167.387451171875
9795-VOWON,150.85,1476.5002,1627.350244140625
1237-WIYYZ,389.25,517.67896,906.928955078125
1987-AUELQ,1873.7,23.352911,1897.0529109954834
7852-LECYP,1261.0,4612.8423,5873.84228515625
4822-LPTYJ,7346.2,8.204659,7354.404659461975
8165-CBKXO,3708.4,319.74203,4028.1420349121095
6527-PZFPV,469.65,907.6719,1377.321875
9593-CVZKR,1385.85,371.6055,1757.455499267578
8595-SIZNC,548.8,1193.527,1742.3269775390625
5236-XMZJY,2536.55,982.0815,3518.631481933594
4827-DPADN,6042.7,0.0,6042.7
2694-CIUMO,958.25,2044.3285,3002.5784912109375
5846-ABOBJ,1730.65,11.64279,1742.2927898406983
1439-LCGVL,459.6,820.29803,1279.8980346679687
0909-SDHNU,201.95,917.50073,1119.450732421875
4647-XXZAM,285.2,1167.9437,1453.1437255859375
7740-KKCXF,1529.45,248.42485,1777.8748504638672
5360-XGYAZ,4664.5,0.0,4664.5
3557-HTYWR,3496.3,1810.4175,5306.71748046875
8920-NAVAY,7053.35,942.2294,7995.579370117188
1699-TLDLZ,301.55,1097.9872,1399.5371826171875
5600-PDUJF,312.7,1721.2546,2033.954638671875
0567-XRHCU,2960.1,175.98518,3136.08518371582
2067-QYTCF,6953.4,211.11308,7164.513082885742
7407-SUJIZ,541.5,470.35648,1011.8564758300781
9150-KPBJQ,116.85,1264.8169,1381.66689453125
0052-DCKON,7942.15,635.83307,8577.983068847656
3654-ARMGP,5321.25,892.43146,6213.681457519531
9699-UBQFS,4156.8,1308.0017,5464.801708984375
9367-TCUYN,223.6,644.7885,868.3885131835938
1261-FWTTE,768.45,679.75836,1448.2083618164063
3528-HFRIQ,3765.05,49.10393,3814.153931427002
0708-SJDIS,2157.5,695.9634,2853.46337890625
2073-QBVBI,1391.65,939.7533,2331.4032958984376
6928-ONTRW,1379.8,0.0,1379.8
3320-VEOYC,1273.3,1001.63837,2274.938366699219
5231-FIQPA,810.45,599.0289,1409.4788696289063
6617-WLBQC,1810.85,3516.0166,5326.8666015625
2599-CIPQE,7782.85,82.54485,7865.39485321045
8774-GSBUN,1797.1,0.0,1797.1
7326-RIGQZ,377.85,1143.6606,1521.51064453125
1401-FTHFQ,445.3,897.54443,1342.84443359375
0254-FNMCI,7624.2,0.0,7624.2
1848-LBZHY,355.1,2002.2125,2357.3125244140624
8118-TJAFG,906.85,3273.2917,4180.141748046875
5429-LWCMV,1057.55,1646.8335,2704.38349609375
7298-IZWLY,19.4,723.6145,743.014501953125
9758-MFWGD,1388.75,548.80054,1937.550537109375
3955-JBZZM,1641.3,425.24188,2066.541882324219
4815-TUMEQ,185.2,1020.7123,1205.9122802734375
9909-IDLEK,1826.7,2897.9553,4724.655322265625
4092-OFQZS,417.5,964.9961,1382.49609375
1561-BWHIN,344.5,963.0799,1307.5798950195312
9927-DSWDF,2180.55,3207.8115,5388.3615234375
9500-LTVBP,2835.9,1034.3271,3870.2271484375
7252-NTGSS,45.15,839.39233,884.542333984375
8149-AIQCG,2730.85,441.60815,3172.458154296875
1360-JYXKQ,5437.1,1296.2721,6733.372094726563
0899-WZRSD,5794.45,445.48962,6239.939624023437
3255-GRXMG,747.2,955.07526,1702.2752563476563
4828-FAZPK,1267.95,2798.0337,4065.98369140625
6094-ZIVKX,3674.95,215.41208,3890.3620788574217
6925-BAYGL,1275.6,460.0397,1735.6397033691405
3262-EIDHV,5893.9,0.0,5893.9
7354-OIJLX,724.65,811.6095,1536.2594970703126
1376-HHBDV,1536.75,559.4139,2096.1638793945312
6133-OZILE,607.3,709.7267,1317.0266845703125
4135-FRWKJ,4154.55,1136.5295,5291.079541015625
6551-ZCOTS,847.8,919.766,1767.5659912109375
7191-ADRGF,2390.45,1446.7618,3837.2118408203123
5018-LXQQG,1923.5,2017.47,3940.969970703125
6892-BOGQE,1493.2,28.425116,1521.6251155853272
1746-TGTWV,75.35,2824.326,2899.675927734375
5995-SNNEW,2184.85,2951.9138,5136.763818359375
8050-WYBND,1031.4,2143.3723,3174.772314453125
2821-WARNZ,921.3,390.70258,1312.0025756835937
4879-GZLFH,3875.4,461.50974,4336.9097351074215
8314-HTWVE,144.15,1268.3427,1412.4926513671876
9402-ROUMJ,6689.0,380.65698,7069.656982421875
2507-QZPQS,1451.1,2620.1353,4071.23525390625
7159-NOKYQ,6368.2,386.63385,6754.833850097656
5707-ZMDJP,3729.6,1293.7499,5023.349877929688
8779-YIQQA,350.1,929.20715,1279.3071533203124
7136-IHZJA,2847.2,1225.3225,4072.522509765625
8966-OIQHG,452.35,1012.44617,1464.7961669921874
7074-STDCN,1494.5,309.91522,1804.4152221679688
8739-QOTTN,41.85,1004.05334,1045.9033447265624
1399-OUPJN,1272.05,291.21518,1563.2651794433593
0277-BKSQP,475.1,1192.617,1667.716943359375
5774-XZTQC,150.75,948.519,1099.2689819335938
2676-SSLTO,3199.0,1398.4323,4597.4322509765625
6266-QHOJZ,5844.65,344.2193,6188.869299316406
7269-JISCY,2462.6,600.9579,3063.5578857421874
0363-SVHYR,6263.8,76.51497,6340.3149688720705
8547-NSBBO,3403.4,1970.2833,5373.683325195312
6591-QGOYB,1672.1,4626.1704,6298.27041015625
9070-BCKQP,7881.2,0.0,7881.2
6421-SZVEM,2320.8,3132.4888,5453.28876953125
1328-EUZHC,370.5,1047.9225,1418.4224853515625
8878-RYUKI,3043.7,33.027607,3076.727606964111
9633-DENPU,2723.4,584.8234,3308.223425292969
7811-JIVPF,1081.25,1102.9261,2184.1761474609375
7113-HIPFI,4097.05,433.31354,4530.363537597656
8541-QVFKM,632.2,667.4586,1299.6586181640625
9258-CNWAC,8166.8,108.420006,8275.22000579834
5371-VYLSX,4113.7,417.76498,4531.464984130859
6374-AFWOX,3047.15,1680.7297,4727.879736328125
5317-FLPJF,4193.4,410.2183,4603.618292236328
7621-VPNET,3729.75,1196.0319,4925.7818603515625
6034-YMTOB,399.45,1049.6686,1449.1185791015625
4903-CNOZC,1964.6,2802.002,4766.601953125
4353-HYOJD,1336.15,845.6809,2181.830908203125
7267-FRMJW,486.05,937.54724,1423.5972412109375
4188-FRABG,5925.75,932.7547,6858.504699707031
4128-ETESU,4747.2,526.9113,5274.111315917969
0620-DLSLK,1028.9,415.32178,1444.22177734375
3850-OKINF,4692.55,20.038609,4712.588608551026
1156-ZFYDO,19.75,799.4095,819.1594848632812
3295-YVUSR,154.3,1161.7218,1316.0218017578125
8016-NCFVO,6382.55,931.7039,7314.253918457031
4119-ZYPZY,7623.2,113.94925,7737.149249267578
5549-ZGHFB,1261.45,508.4326,1769.882586669922
7577-SWIFR,89.25,1039.2537,1128.503662109375
0303-WMMRN,86.05,704.5299,790.5799072265625
6408-OTUBZ,6779.05,484.6735,7263.723492431641
5204-HMGYF,4345.0,1827.3413,6172.34130859375
1078-TDCRN,82.85,1001.46594,1084.3159423828124
3727-OVPRY,1714.55,100.45608,1815.0060775756835
3797-FKOGQ,893.2,1309.0032,2202.203173828125
7622-NXQZR,810.85,630.558,1441.4079833984374
6196-HBOBZ,6347.55,631.512,6979.062023925781
3970-XGJDU,1123.65,176.36876,1300.0187591552735
7017-VFULY,43.15,1126.7567,1169.9067138671876
5562-YJQGT,35.1,1069.938,1105.03798828125
8807-OPMBM,1388.0,436.54456,1824.5445556640625
5439-WIKXB,3851.45,706.7761,4558.226123046875
8294-UIMBA,2638.1,3102.9602,5741.060205078125
8109-YUOHE,946.95,2650.2153,3597.16533203125
5840-NVDCG,1114.85,3811.2683,4926.118310546875
8092-NLTGF,1777.6,0.0,1777.6
5928-QLDHB,684.85,763.0529,1447.9029174804687
9840-EFJQB,74.35,1703.952,1778.3020263671874
0696-UKTOX,1312.45,1165.5276,2477.977587890625
4801-KFYKL,159.2,896.9793,1056.1793090820313
3472-OAOOR,610.2,1095.6274,1705.82744140625
6135-OZQVA,404.35,1576.4392,1980.789208984375
2252-JHJGE,6363.45,744.337,7107.786975097656
4188-PCPIG,4124.65,1007.8754,5132.525427246093
7105-BENQF,950.75,3316.5603,4267.310302734375
7721-DVEKZ,19.65,813.29706,832.9470581054687
3566-VVORZ,505.95,1324.5793,1830.529345703125
9507-HSMMZ,1149.65,345.75647,1495.4064697265626
2480-SQIOB,169.65,1251.6951,1421.345068359375
7813-TKCVO,393.15,952.01746,1345.1674560546876
0128-MKWSG,1147.0,1158.0961,2305.0960693359375
4350-ZTLPI,5718.2,1847.7743,7565.974291992187
0361-HJRDX,4539.6,275.38406,4814.9840637207035
5727-MYATE,6397.6,0.0,6397.6
3823-KYNQY,280.4,1461.6036,1742.0036376953126
7570-WELNY,5711.05,267.37094,5978.42094116211
3021-VLNRJ,3478.15,1384.4705,4862.620458984375
2080-CAZNM,4133.95,767.5139,4901.463916015625
1028-FFNJK,2917.65,1460.8628,4378.51279296875
6907-FLBER,54.3,2022.5154,2076.815380859375
3001-UNBTL,2964.8,1511.9832,4476.783154296875
5982-PSMKW,2198.3,4467.694,6665.99384765625
3507-GASNP,1189.9,227.2274,1417.1274017333985
7096-ZNBZI,1914.5,0.0,1914.5
1676-MQAOA,5336.35,0.0,5336.35
0786-IVLAW,7238.6,499.08682,7737.686822509766
7566-DSRLQ,7998.8,8.028112,8006.828112411499
7245-JMTTQ,5703.25,1757.7223,7460.9722900390625
6050-IJRHS,7397.0,76.694534,7473.694534301758
6202-JVYEU,164.6,1102.9152,1267.5151611328124
8591-TKMZH,6555.2,1412.3518,7967.551806640625
0734-OXWBT,225.65,2343.3484,2568.998388671875
4282-ACRXS,955.75,172.2295,1127.979507446289
0365-TRTPY,3382.3,1950.027,5332.326977539063
7349-ALMUX,2313.8,2344.0872,4657.887158203125
6502-KUGLL,780.85,2867.5059,3648.355859375
1841-YSJGV,7852.4,0.0,7852.4
3511-BFTJW,2763.0,0.0,2763.0
7668-XCFYV,1614.7,1383.4594,2998.1593505859373
5018-HEKFO,270.15,781.6209,1051.7709106445313
2923-ARZLG,0.0,1331.3201,1331.320068359375
3976-NLDEZ,20.6,887.4082,908.008203125
2282-YGNOR,1734.5,2313.5205,4048.0205078125
5336-UFNZP,7047.5,451.47183,7498.971832275391
6854-EXGSF,573.15,3268.9458,3842.09580078125
1241-EZFMJ,1538.6,296.60208,1835.202081298828
9233-PSYHO,4459.8,1905.1753,6364.97529296875
5376-PCKNB,7459.0,10.151507,7469.1515073776245
8044-BGWPI,306.05,802.3394,1108.3894165039062
4060-LDNLU,639.7,1618.1984,2257.8983642578123
3589-PPVKW,348.15,561.25024,909.400244140625
5887-IKKYO,5563.65,1187.5712,6751.221166992187
1755-RMCXH,40.25,1051.6782,1091.92822265625
3858-XHYJO,4228.55,2967.8748,7196.424755859375
4299-SIMNS,784.45,1887.5042,2671.954150390625
7025-IWFHT,3729.75,1951.5413,5681.291259765625
6261-LHRTG,1406.9,1326.0425,2732.94248046875
7841-FCRQD,1857.3,1946.5737,3803.87373046875
2056-EVGZL,7322.5,367.075,7689.575012207031
8777-MBMTS,6725.5,685.1455,7410.6455078125
7753-USQYQ,3627.3,770.68427,4397.984265136719
7661-CPURM,1725.95,3620.2031,5346.153125
6233-HXJMX,4192.15,603.5819,4795.731909179687
5902-WBLSE,1411.2,45.770176,1456.970175933838
3239-TPHPZ,264.55,1200.6458,1465.195751953125
5115-GZDEL,4671.7,5.5879455,4677.287945461273
3338-CVVEH,1173.55,1244.9,2418.4500244140627
2615-YVMYX,7713.55,0.0,7713.55
2851-STERV,2471.25,2196.8613,4668.111328125
4393-GEADV,7842.3,231.65292,8073.952923583985
8486-AYEQH,2227.8,92.8379,2320.6378982543947
5419-JKZNQ,2351.45,753.0978,3104.5477783203123
2495-KZNFB,2989.6,912.33453,3901.934533691406
1409-PHXTF,6077.75,1982.1261,8059.8760986328125
4560-WQAQW,4070.95,768.8319,4839.781909179687
9591-YVTEB,2479.05,111.43392,2590.483921813965
9309-BZGNT,2134.3,63.1114,2197.4114006042482
4274-DRSQT,6000.1,292.61746,6292.7174621582035
2027-DNKIV,2203.1,1781.0282,3984.1281982421874
8075-GXIUB,183.15,1272.1947,1455.3447021484376
2885-HIJDH,6194.1,220.84352,6414.943521118164
5424-RLQLC,638.95,1367.6737,2006.6237060546875
6507-DTJZV,831.75,1807.878,2639.6280517578125
7673-BQGKU,1337.5,67.86978,1405.3697814941406
6723-WSNTY,7181.95,534.41125,7716.361254882812
2725-IWWBA,2560.1,1384.8005,3944.900537109375
1061-PNTHC,5953.0,752.0529,6705.052917480469
0394-YONDK,1790.15,59.089016,1849.2390159606935
6574-MCOEH,2531.4,2713.9485,5245.348486328125
7399-QHBJS,4760.3,16.996567,4777.296566772461
0997-YTLNY,953.65,877.79486,1831.4448608398438
9479-HYNYL,5705.05,77.07651,5782.12650756836
9708-KFDBY,20.55,1123.9781,1144.5281494140625
3642-GKTCT,6993.65,974.90497,7968.554968261718
0774-RMNUW,4122.65,12.661995,4135.311994934082
1334-PDUKM,5762.95,299.953,6062.903002929687
0756-MPZRL,1537.85,696.7657,2234.615686035156
2242-MFOTG,2603.3,2520.1414,5123.441357421875
2927-CVULT,5566.4,1971.1929,7537.59287109375
2144-BFDSO,5431.9,1687.8088,7119.708837890625
8745-PVESG,2258.25,501.6606,2759.910614013672
7647-GYYKX,1092.35,377.69513,1470.0451293945312
5647-FXOTP,6401.25,354.20905,6755.459045410156
9700-ISPUP,616.9,2402.426,3019.326025390625
9839-ETQOE,1912.85,385.57645,2298.426446533203
6078-VESFR,849.1,1664.268,2513.3679443359374
9027-TMATR,3460.3,2249.483,5709.78291015625
1941-HOSAM,90.1,1967.7085,2057.80849609375
9110-HSGTV,5555.3,244.34793,5799.647930908203
0704-VCUMB,1278.8,239.66428,1518.4642761230468
6171-ZTVYB,2907.35,1529.9434,4437.293359375
1935-IMVBB,4952.95,4.777578,4957.7275778770445
2535-PBCGC,4504.9,120.567474,4625.467474365234
1470-PSXNM,4520.15,1637.9729,6158.122900390625
2498-XLDZR,2316.85,2879.612,5196.462060546875
9866-OCCKE,8075.35,0.0,8075.35
5338-YHWYT,2302.35,2082.7676,4385.117578125
7718-UPSKJ,7251.9,260.516,7512.415991210937
8731-WBBMB,2078.55,2744.8896,4823.4396484375
1448-CYWKC,6225.4,1235.4087,7460.80869140625
7901-IIDQV,1242.25,2207.6602,3449.91015625
2690-DVRVK,99.45,1281.5428,1380.9928466796875
1270-XKUCC,599.25,806.52795,1405.7779541015625
0334-ZFJSR,3462.1,1053.1243,4515.224267578125
5583-EJXRD,2375.2,1490.1128,3865.31279296875
4565-EVZMJ,2813.05,1148.6455,3961.6955078125
3327-YBAKM,6314.35,533.0319,6847.381921386719
9441-QHEVC,19.1,827.9845,847.0844970703125
6705-LNMDD,1003.05,828.288,1831.3380249023437
2580-ASVVY,1593.1,1504.2959,3097.3958984375
3370-GQEAL,2509.95,864.834,3374.783984375
5032-USPKF,3187.65,2745.6309,5933.280859375
4254-QPEDE,3330.1,1291.825,4621.924951171875
6283-GITPX,5522.7,61.083263,5583.783263397217
0771-CHWSK,4798.4,393.4001,5191.800085449218
9788-HNGUT,8594.4,0.0,8594.4
9495-REDIY,970.55,1761.3381,2731.888134765625
5375-XLDOF,7665.8,325.5824,7991.382397460938
1172-VIYBP,3686.05,1277.1019,4963.151928710938
6559-PDZLR,2537.0,1273.407,3810.406982421875
8992-OBVDG,1393.6,1089.1609,2482.760888671875
4273-MBHYA,89.35,971.69617,1061.0461669921874
4724-WXVWF,4445.3,711.54584,5156.845837402344
5701-GUXDC,978.6,1580.2625,2558.862451171875
1460-UZPRJ,1258.15,230.73157,1488.8815673828126
6082-GLJIX,331.35,598.4956,929.84560546875
2495-TTHBQ,84.75,1234.3702,1319.1202392578125
0485-ZBSLN,1715.1,164.78622,1879.8862243652343
3810-PJUHR,1715.15,68.635925,1783.7859252929688
0847-HGRML,1250.1,178.62852,1428.7285247802733
8232-CTLKO,3996.8,276.22925,4273.029248046875
9227-YBAXE,5215.1,549.54315,5764.643151855469
9860-LISIZ,673.2,336.5452,1009.7451965332032
0112-QAWRZ,1442.2,2577.5947,4019.7947265625
2786-GCDPI,5222.35,450.11768,5672.46767578125
4043-MKDTV,7291.75,137.44115,7429.191146850586
9229-RQABD,424.5,1118.3268,1542.8267822265625
8313-KTIHG,249.4,1409.6638,1659.063818359375
5320-BRKGK,4415.75,1023.3511,5439.10107421875
6284-KMNUF,5270.6,1023.2965,6293.896508789063
6229-UOLQL,2884.9,725.6723,3610.572302246094
3137-LUPIX,253.0,1795.9321,2048.93212890625
6143-JQKEA,436.2,1016.5721,1452.7720825195313
8676-OOQEJ,118.4,855.2849,973.684912109375
9701-CDXHR,3649.6,69.53343,3719.133432006836
8124-NZVGJ,255.6,2773.7231,3029.32314453125
2162-FRZAA,2395.05,400.07275,2795.12275390625
5118-MUEYH,5083.55,1432.0846,6515.634594726563
5627-TVBPP,644.5,672.1469,1316.6469116210938
3936-QQFLL,39.3,838.62933,877.9293334960937
2589-AYCRP,989.05,377.72675,1366.7767456054687
4067-HLYQI,2406.1,443.0826,2849.1826110839843
5124-EOGYE,638.55,841.0796,1479.62958984375
5057-RKGLH,191.1,1257.275,1448.3750244140624
0292-WEGCH,4524.05,838.8027,5362.852673339844
8910-ICHIU,4664.2,1995.2455,6659.445483398437
4097-YODCF,3470.8,3131.14,6601.939892578125
9715-WZCLW,6910.3,56.208916,6966.508915710449
9786-YWNHU,4014.2,604.3123,4618.512316894531
6407-GSJNL,1288.0,473.41858,1761.4185791015625
4049-ZPALD,6375.8,842.7916,7218.591625976563
3733-UOCWF,5251.75,700.71094,5952.4609375
6833-JMZYP,1505.45,2211.4236,3716.873583984375
1310-QRITU,913.3,502.0464,1415.34638671875
8961-QDZZJ,5535.8,838.3167,6374.116711425781
9715-SBVSU,815.55,3533.326,4348.875927734375
8490-BXHEO,1411.65,2010.3188,3421.96884765625
7173-TETGO,5602.25,0.0,5602.25
7929-SKFGK,8244.3,226.65364,8470.95364074707
2300-RQGOI,741.5,670.64404,1412.14404296875
3563-SVYLG,4375.8,275.61203,4651.412030029297
6435-VWCCY,5968.4,620.68994,6589.08994140625
4998-IKFSE,3096.9,880.3389,3977.2389282226563
8630-QSGXK,3901.25,1473.8038,5375.0538330078125
2455-USLMV,2613.4,1742.5842,4355.984228515625
9488-FVZCC,5661.7,0.0,5661.7
5995-WWKKG,695.05,563.7339,1258.78388671875
7879-CGSFV,5552.05,1010.1886,6562.238598632813
9921-EZKBY,3275.15,2076.6538,5351.80380859375
7432-FFVAR,4236.6,2002.0739,6238.673852539063
7246-ZGQDF,54.5,2238.034,2292.533935546875
4456-RHSNB,962.9,1319.8695,2282.7695068359376
2481-SBOYW,1498.35,280.92407,1779.274072265625
7109-MFBYV,1233.15,347.59128,1580.741278076172
1833-TCXKK,4882.8,1649.4596,6532.259594726563
1832-PEUTS,5411.65,708.4464,6120.096411132812
8660-BUETV,148.05,803.86786,951.9178588867187
0580-PIQHM,3930.55,2970.4075,6900.957470703125
5696-CEIQJ,6895.5,487.19864,7382.698638916016
1696-HXOWK,6856.95,77.64377,6934.593768310547
3026-ATZYV,2658.8,2509.5967,5168.3966796875
4012-YCFAI,3766.2,763.8486,4530.048571777344
9970-QBCDA,129.55,944.4037,1073.9536865234375
9496-IVVRP,581.7,2076.413,2658.1130859375
2657-VPXTA,929.45,1226.1819,2155.631884765625
6551-VLJMV,679.0,742.2989,1421.2988891601562
1221-GHZEP,3846.75,648.3166,4495.066589355469
9289-LBQVU,4480.7,419.41638,4900.116381835937
3458-IDMFK,499.4,936.5548,1435.9548095703126
6933-FHBZC,1553.2,1966.48,3519.67998046875
0221-NAUXK,219.5,1178.0525,1397.552490234375
9770-KXGQU,5311.85,1373.9803,6685.830346679688
6538-POCHL,2576.8,1156.8783,3733.6782958984377
6726-NNFWD,6435.25,88.97931,6524.229309082031
3002-WQZWT,1993.25,55.940166,2049.1901664733887
4277-UDIEF,1923.85,3017.0222,4940.872216796875
1208-NBVFH,939.8,864.3006,1804.1005981445312
4912-PIGUY,84.6,1265.4244,1350.0244384765624
2725-TTRIQ,5986.55,0.0,5986.55
3374-TTZTK,5487.0,2042.568,7529.5679931640625
8990-ZXLSU,651.5,554.4039,1205.9038696289062
2275-RBYQS,45.4,674.19763,719.5976318359375
4419-UJMUS,6856.45,229.04477,7085.494769287109
7794-JASDG,50.75,1583.7845,1634.5345458984375
7609-YBPXG,4735.2,1562.2365,6297.436450195312
5519-TEEUH,682.15,672.9974,1355.1473754882813
7856-GANIL,4525.8,2401.5837,6927.383740234375
0804-XBFBV,321.05,373.2276,694.2776000976562
2676-OXPPQ,335.65,2294.6523,2630.30234375
3703-TTEPD,1424.4,2325.4656,3749.865576171875
2799-TSLAG,1748.55,204.72528,1953.2752807617187
2208-NKVVH,1077.95,690.3325,1768.28251953125
7139-JZFVG,3694.45,704.07745,4398.527453613281
4987-GQWPO,382.8,596.8122,979.6121948242187
1757-TCATG,746.75,704.8546,1451.6046142578125
4776-XSKYQ,368.85,1692.875,2061.725
8048-DSDFQ,20.2,876.4153,896.615283203125
5753-QQWPW,1654.7,2106.6245,3761.32451171875
6010-DDPPW,1940.85,54.11138,1994.9613815307616
6693-FRIRW,1794.65,2925.794,4720.4439453125
6586-MYGKD,5289.8,118.220436,5408.020436096192
3173-NVMPX,501.2,2034.9631,2536.163134765625
0248-PGHBZ,6140.85,442.43945,6583.289453125
0623-GDISB,48.45,1986.6807,2035.1306640625
2892-GESUL,309.25,1013.7435,1322.9935302734375
7472-EQOAV,6179.35,85.390656,6264.7406555175785
2043-WVTQJ,55.7,2632.2043,2687.904345703125
8034-RYTVV,4589.85,992.3659,5582.215905761719
3863-QSTYI,3735.45,88.22794,3823.67794342041
5044-LRQAQ,477.55,1463.482,1941.0320556640625
1716-LSAMB,2553.7,1387.8889,3941.588916015625
1333-PBMXB,1342.15,404.9946,1747.144598388672
6546-OPBBH,1216.35,435.4259,1651.7759033203124
5985-BEHZK,7578.05,32.401886,7610.451885986328
9127-QRZMH,2603.95,1655.8306,4259.78056640625
5919-VCZYM,42.7,859.6579,902.3578979492188
9644-KVCNC,6056.9,262.5066,6319.406591796875
2137-DQMEV,2983.65,50.633556,3034.283556365967
8174-LNWMW,689.35,835.3375,1524.6875244140624
9279-CJEOJ,2025.1,1452.1759,3477.2759033203124
7964-VEXDG,1747.2,1483.3558,3230.5558349609373
2404-JIBFC,4657.95,1378.186,6036.13603515625
8029-XYPWT,8016.6,99.63183,8116.231828308106
4632-PAOYU,433.5,921.58563,1355.0856323242188
2990-OGYTD,5883.85,430.83017,6314.680169677735
6646-JPPHA,1043.8,1765.7877,2809.5877197265627
7658-UYUQS,1857.25,2229.8037,4087.0537109375
7880-XSOJX,146.4,1827.9854,1974.3853515625
4589-IUAJB,1724.15,43.443398,1767.5933975219727
8746-BFOAJ,429.55,1062.8744,1492.4243896484375
8457-XIGKN,356.15,639.20154,995.3515380859375
6072-NUQCB,488.25,1005.50665,1493.7566528320312
8838-GPHZP,1298.7,193.81566,1492.515658569336
8750-QWZAJ,1378.75,33.03613,1411.7861289978027
6918-UMQCG,384.25,820.63434,1204.8843383789062
0675-NCDYU,8543.25,9.3594885,8552.609488487244
6339-DKLMK,389.95,571.85187,961.8018676757813
1346-PJWTK,5731.85,487.20767,6219.057672119141
5088-QZLRL,20.65,868.1414,888.7914184570312
8023-QHAIO,4275.75,332.36798,4608.117980957031
4397-FRLTA,84.5,795.0007,879.5006713867188
3057-VJJQE,1924.1,1826.2534,3750.35341796875
2302-OUZXB,5784.3,0.0,5784.3
8133-ANHHJ,5166.2,2129.145,7295.34501953125
2270-CHBFN,4060.55,2005.9528,6066.502758789063
5982-FPVQN,3532.85,1526.059,5058.908959960938
9107-UKCKY,4914.8,643.99146,5558.791455078125
4654-ULTTN,5315.8,121.660736,5437.460736083985
5546-BYZSM,775.6,239.4121,1015.012094116211
1492-KGETH,5445.95,139.46669,5585.416690063476
4163-HFTUK,1007.8,329.12436,1336.9243591308593
8215-NGSPE,833.55,606.2268,1439.776806640625
8859-YSTWS,1004.5,406.82196,1411.3219604492188
7601-DHFWZ,1183.05,541.53156,1724.5815551757812
1998-VHJHK,501.35,752.07513,1253.4251342773437
1707-HABPF,4126.35,1748.1053,5874.455346679688
0487-VVUVK,477.6,500.92215,978.5221496582031
5063-IUOKK,265.75,1117.574,1383.323974609375
4508-OEBEY,2424.45,3060.2878,5484.737841796875
0027-KWYKW,1849.95,832.38556,2682.335559082031
2308-STERM,61.05,796.34235,857.3923461914062
5982-XMDEX,1698.55,175.15561,1873.7056091308593
6051-PTVNS,998.1,325.3367,1323.436700439453
2877-VDUER,1383.6,1275.4406,2659.0405517578124
9152-AMKAK,493.4,4818.4067,5311.80673828125
9432-VOFYX,1207.0,247.0194,1454.0193939208984
8049-WJCLQ,563.5,1724.5005,2288.00048828125
6586-PSJOX,864.55,2926.263,3790.812939453125
9705-ZJBCG,701.05,3163.0571,3864.10712890625
6847-KJLTS,5749.8,393.53073,6143.330731201172
9670-BPNXF,2796.45,1445.4618,4241.911791992187
3913-FCUUW,5165.7,0.0,5165.7
3301-VKTGC,5696.6,257.60022,5954.200219726563
9555-SAHUZ,2076.05,847.08057,2923.13056640625
0816-TSPHQ,44.2,877.1063,921.3063232421875
9932-WBWIK,215.25,698.14355,913.3935546875
4619-EVPHY,1859.5,3741.32,5600.820068359375
5286-YHCVC,7470.1,7.602709,7477.702708816529
9115-YQHGA,2092.9,290.62524,2383.525244140625
4462-CYWMH,5629.55,288.66086,5918.210858154297
8963-MQVYN,469.85,406.1501,876.0000854492188
2458-EOMRE,733.95,2728.5276,3462.477587890625
9334-GWGOW,485.25,1478.7009,1963.950927734375
6542-LWGXJ,78.25,688.3453,766.5952758789062
5567-GZKQY,1131.5,295.63733,1427.1373291015625
1222-LRYKO,184.05,1129.4507,1313.50068359375
2087-QAREY,1178.75,1304.1642,2482.9141845703125
4423-JWZJN,5629.15,536.42566,6165.575659179687
6490-FGZAT,109.3,832.8952,942.1952026367187
7452-FOLON,958.45,766.7787,1725.2286865234375
2320-TZRRH,403.15,896.93616,1300.0861572265626
4942-VZZOM,4392.5,423.38135,4815.88134765625
7502-BNYGS,3168.0,761.04584,3929.0458374023438
4291-HYEBC,1096.6,1463.6049,2560.2048583984374
6147-CBCRA,669.45,467.1098,1136.5598022460938
6047-SUHPR,2343.85,1714.307,4058.1570068359374
9752-ZNQUT,48.6,1346.8933,1395.493310546875
1576-PFZIW,7511.9,196.52272,7708.422720336914
5666-MBJPT,1725.0,170.57509,1895.5750885009766
7312-XSBAT,49.75,1642.077,1691.8270263671875
3096-GKWEB,1691.9,1331.5094,3023.4093994140626
2371-JQHZZ,2248.05,1099.9161,3347.9661376953127
0674-GCDXG,4479.2,693.5533,5172.753283691406
1121-QSIVB,3471.1,1615.6841,5086.78408203125
4396-KLSEH,63.0,712.70654,775.70654296875
2824-MYYBN,3314.15,525.70337,3839.853369140625
6345-HOVES,852.7,215.82385,1068.5238525390625
8318-LCNBW,1930.9,1912.804,3843.703955078125
6469-QJKZW,91.4,920.40466,1011.8046630859375
0147-ESWWR,3949.15,861.10205,4810.25205078125
1217-VASWC,4304.0,2399.32,6703.320068359375
6370-ZVHDV,1554.9,297.9447,1852.8447021484376
5915-DGNVC,3472.05,1554.4318,5026.481762695313
6260-XLACS,117.8,1171.029,1288.829052734375
3566-CAAYU,3210.35,471.2683,3681.618310546875
4983-CCWMC,207.4,625.3608,832.7607788085937
9103-CXVOK,19.75,1008.281,1028.031005859375
2896-TBNBE,3132.75,2020.7483,5153.498291015625
2522-WLNSF,2106.3,2356.9312,4463.23115234375
3841-CONLJ,35.0,1009.44415,1044.4441528320312
4475-NVTLU,903.7,520.02826,1423.7282592773438
9386-LDCZR,3882.3,2270.7285,6153.028515625
9585-KKMFD,879.8,614.7703,1494.5703247070312
5399-ZIMKF,383.65,1287.3197,1670.9697021484376
0336-KXKFK,4390.25,41.373993,4431.623992919922
5619-XZZKR,68.2,1194.5691,1262.769091796875
3948-FVVRP,452.8,2175.4968,2628.296826171875
5327-XOKKY,5329.0,31.119867,5360.119867324829
0983-TATYJ,1758.9,1531.4825,3290.3825439453126
1813-JYWTO,5737.6,0.6841403,5738.284140324593
6719-OXYBR,1219.85,1051.2395,2271.089501953125
3312-ZWLGF,2414.55,939.8176,3354.367626953125
6476-YHMGA,1155.6,3416.6445,4572.24453125
0795-XCCTE,1809.35,0.0,1809.35
0168-XZKBB,1564.4,955.12854,2519.5285400390626
3785-NRHYR,19.65,844.16034,863.8103393554687
4537-DKTAL,84.4,827.4915,911.8915161132812
7072-MBHEV,864.85,2556.4512,3421.301171875
5602-BVFMK,228.75,1001.91144,1230.6614379882812
6297-NOOPG,7752.05,219.85576,7971.905758666992
8204-TIFGJ,470.6,636.17456,1106.774560546875
8050-DVOJX,4060.9,1991.0757,6051.97568359375
8903-XEBGX,108.65,1033.7708,1142.420751953125
8169-SAEJD,3952.65,163.70714,4116.357138061523
1089-XZWHH,494.05,945.59247,1439.6424682617187
2325-WINES,3416.85,3514.4512,6931.301171875
6064-ZATLR,1498.65,2188.5535,3687.203466796875
7824-PANSQ,4807.35,235.69263,5043.042626953125
9648-BCHKM,471.35,1287.8707,1759.2207275390624
2888-ADFAO,1041.8,511.03616,1552.836163330078
8707-HOEDG,7689.8,226.84706,7916.647061157227
4072-IPYLT,1815.0,1038.3447,2853.3447265625
7167-PCEYD,1311.3,98.93574,1410.2357376098632
4936-YPJNK,199.45,574.41974,773.8697387695313
1580-BMCMR,1637.3,1282.9229,2920.2228515625
4817-KEQSP,1326.35,13.216535,1339.566534614563
6408-WHTEF,6376.55,25.70655,6402.256550598145
9251-AWQGT,935.9,457.49496,1393.3949645996095
8749-CLJXC,20.05,869.9598,890.0097778320312
7989-VCQOH,1611.15,3063.1199,4674.269873046875
4199-QHJNM,6989.7,501.21786,7490.917864990234
8882-TLVRW,2779.5,82.29893,2861.798927307129
5135-GRQJV,8331.95,36.34741,8368.297408294678
2384-OVPSA,735.9,718.89716,1454.7971557617188
1371-WEPDS,2283.3,1317.8247,3601.12470703125
3580-GICBM,1445.2,270.5537,1715.7537109375
9730-DRTMJ,2333.05,2645.8555,4978.90546875
4686-UXDML,1992.55,2316.6602,4309.21015625
3349-ANQNH,5890.0,666.5483,6556.548278808594
0932-YIXYU,1029.8,493.1647,1522.9647033691406
7480-SPLEF,1796.55,105.16764,1901.717640686035
7636-XUHWW,33.7,1020.48083,1054.1808349609375
1431-CYWMH,454.05,755.1374,1209.1873901367187
5937-EORGB,1392.25,2889.7346,4281.984619140625
6349-JDHQP,1049.6,382.5139,1432.1138854980468
5539-HIVAK,734.6,767.9438,1502.5437866210937
5847-MXBEO,475.1,915.0344,1390.134423828125
4583-PARNH,1540.05,2227.2144,3767.26435546875
1116-FRYVH,1978.65,1022.12756,3000.7775634765626
1421-HCERK,3181.8,3742.0913,6923.89130859375
9633-XQABV,229.7,537.2367,766.9366943359375
0716-BQNDX,5625.55,1260.5867,6886.136669921875
1183-CANVH,1347.15,2622.3792,3969.529150390625
1972-XMUWV,3808.2,441.67902,4249.879016113281
8679-LZBMD,3974.15,1867.8715,5842.021459960937
3407-JMJQQ,7661.8,92.02106,7753.821057128906
6252-DFGTK,2479.25,2271.6226,4750.87255859375
1539-LNKHM,266.6,657.6581,924.2580810546875
8645-KOMJQ,5601.4,225.9557,5827.355703735351
0289-IVARM,1982.6,1000.8083,2983.4082885742187
9761-XUJWD,339.9,2881.157,3221.056982421875
4057-FKCZK,4828.05,827.83777,5655.887768554688
4291-TPNFG,5980.55,0.0,5980.55
6087-YPWHO,4808.7,28.975685,4837.675685119629
3090-QFUVD,20.3,1085.6189,1105.918896484375
1722-LDZJS,1068.15,385.8167,1453.9667114257813
1818-ESQMW,2383.6,967.25476,3350.8547607421874
7401-RUBNK,1438.05,1270.707,2708.75703125
0506-YLVKJ,917.45,495.1285,1412.5785095214844
8661-BOYNW,6096.45,0.0,6096.45
4815-GBTCD,99.95,541.10156,641.0515625
2805-AUFQN,475.2,921.2348,1396.4348022460938
0980-PVMRC,2036.55,529.91315,2566.4631469726564
7233-DRTRF,6444.05,119.49154,6563.541539001465
3873-NFTGI,767.55,1992.005,2759.5550048828127
1162-ECVII,7932.5,0.0,7932.5
7048-GXDAY,4040.65,1290.7914,5331.441381835937
8571-ZCMCX,2768.65,1500.7264,4269.376440429687
1169-WCVAK,1672.35,3906.9614,5579.31142578125
7129-CAKJW,1345.65,1676.6996,3022.3495849609376
8695-ARGXZ,2425.4,506.31024,2931.710241699219
3570-YUEKJ,2077.95,257.3253,2335.275286865234
1555-HAPSU,1663.5,14.70854,1678.2085399627686
1697-NVVGY,1286.05,2649.614,3935.664013671875
8464-EETCQ,1094.35,262.5564,1356.906396484375
2419-FSORS,7719.5,19.9367,7739.436700820923
8132-YPVBX,514.6,1649.3079,2163.907861328125
6754-LZUKA,4932.5,823.79724,5756.2972412109375
8099-MZPUJ,5443.65,2787.738,8231.388037109375
0787-LHDYT,330.25,808.7055,1138.9555053710938
0374-IOEGQ,122.7,785.54736,908.24736328125
3197-NNYNB,6631.85,686.4459,7318.295922851563
3396-DKDEL,8250.0,243.9587,8493.958694458008
1752-OZXFY,3561.15,527.2327,4088.3827270507813
9066-QRSDU,1763.55,60.96504,1824.5150382995605
9112-WSNPU,2419.0,98.78809,2517.7880935668945
9867-NNXLC,470.2,433.95035,904.1503479003907
5321-NTRKC,5234.95,456.65982,5691.60982055664
3161-GETRM,3097.0,1535.1328,4632.1328125
0402-OAMEN,1709.1,0.0,1709.1
6933-VLYFX,1848.8,2220.9426,4069.742626953125
6754-WKSHP,723.3,1010.6298,1733.9298217773437
4976-LNFVV,577.15,1260.9636,1838.113623046875
5055-MGMGF,6914.95,0.0,6914.95
4641-FROLU,602.9,795.1638,1398.063818359375
2862-JVEOY,124.4,1137.0419,1261.4418701171876
2969-QWUBZ,96.8,1825.5497,1922.3496826171875
9822-BIIGN,3827.9,671.16254,4499.062536621093
2077-MPJQO,533.05,1504.8339,2037.8838623046875
1534-OULXE,2961.4,451.19263,3412.592626953125
2971-SGAFL,995.35,2540.3013,3535.65126953125
1480-IVEVR,2815.25,2283.5813,5098.831298828125
2905-KFQUV,154.8,1894.1942,2048.9942138671877
3370-HXOPH,257.6,1138.691,1396.2910400390624
9391-YZEJW,5757.2,523.0476,6280.247607421875
9958-MEKUC,7517.7,0.0,7517.7
0281-CNTZX,1234.8,188.9767,1423.7766998291015
4118-CEVPF,3836.3,3905.4795,7741.7794921875
9114-VEPUF,6001.45,784.3741,6785.824084472656
7876-BEUTG,720.1,591.40594,1311.5059448242187
2338-BQEZT,2832.75,388.45822,3221.208221435547
9873-MNDKV,472.25,473.49545,945.7454528808594
8241-JUIQO,1336.35,160.41617,1496.7661682128905
2194-IIQOF,6388.65,75.59214,6464.2421401977535
9631-RXVJM,677.9,722.7096,1400.6095947265626
9584-EXCDZ,1165.6,988.1621,2153.762109375
5093-FEGLU,921.55,482.02155,1403.5715454101562
2621-UDNLU,72.0,975.51904,1047.51904296875
7526-IVLYU,68.35,747.4064,815.7563720703125
2428-HYUNX,847.25,575.43884,1422.6888427734375
9214-EKVXR,44.0,670.1941,714.194091796875
3410-MHHUM,4295.35,2173.783,6469.132958984375
2122-YWVYA,1380.4,814.9211,2195.321081542969
2296-DKZFP,4386.2,451.78665,4837.986651611328
8909-BOLNL,52.05,1248.5529,1300.6028564453125
6603-YRDCJ,2018.4,2350.4514,4368.851416015625
3229-USWAR,2727.3,2826.6472,5553.947216796875
2138-VFAPZ,263.65,1154.4943,1418.1442626953126
6131-JLWZM,275.4,559.6648,835.064794921875
0269-XFESX,538.5,1117.8196,1656.319580078125
1709-EJDOX,948.9,478.77777,1427.6777709960938
4316-XCSLJ,846.8,1144.1984,1990.9983642578125
9693-XMUOB,2997.45,186.33975,3183.7897521972654
0383-CLDDA,5897.4,246.44562,6143.845617675781
2709-UQGNP,524.5,1258.5914,1783.0914306640625
3549-ZTMNH,269.65,1410.163,1679.8129638671876
8033-ATFAS,2341.5,519.0053,2860.5053100585938
1635-NZATJ,1789.65,21.885792,1811.5357917785645
0562-HKHML,1626.4,7.8180423,1634.2180422782899
8277-RVRSV,800.3,923.0667,1723.3667114257812
9943-VSZUV,5060.85,0.0,5060.85
7054-ENNGU,466.6,1557.9608,2024.5608154296874
1455-HFBXA,4627.8,1757.4713,6385.271313476563
9402-CXWPL,6838.6,32.646927,6871.246926879883
1628-BIZYP,85.0,1993.4382,2078.438232421875
0082-LDZUE,44.3,735.1613,779.4613159179687
5343-SGUBI,4297.6,948.0324,5245.632409667969
0856-NAOES,414.1,1517.212,1931.3120361328124
1976-AZZPJ,256.6,1470.3231,1726.9231201171874
6156-UZDLF,2274.1,3595.399,5869.49892578125
3099-OONVS,1296.8,1530.8365,2827.6365478515627
9500-WBGRP,1268.85,47.366734,1316.2167335510253
5183-KLYEM,8192.6,0.0,8192.6
5144-PQCDZ,59.25,732.1783,791.4282836914062
8514-VZHEB,1147.85,233.53096,1381.3809600830077
6625-IUTTT,4361.55,369.52078,4731.070782470703
9355-NPPFS,2006.1,229.24327,2235.3432708740233
0068-FIGTF,2078.95,3061.1265,5140.07646484375
5965-GGPRW,7609.75,12.902178,7622.652177810669
8035-PWSEV,487.05,1856.1437,2343.1936767578127
2236-HILPA,1218.45,202.03983,1420.4898254394532
1840-BIUOG,1416.2,2960.8286,4377.02861328125
1356-MKYSK,483.3,3968.5562,4451.85615234375
6080-LNESI,1234.6,462.4785,1697.0784851074218
1830-IPXVJ,1311.6,219.74815,1531.3481536865233
5828-DWPIL,5618.3,338.9247,5957.224713134766
8398-TBIYD,6185.15,44.97953,6230.129530334472
2931-FSOHN,788.35,1264.7777,2053.1277099609374
9418-RUKPH,756.4,654.7279,1411.1279052734376
9971-ZWPBF,3625.2,2595.2683,6220.468310546875
4712-AUQZO,550.35,980.66064,1531.01064453125
9711-FJTBX,4793.8,993.91736,5787.717358398438
2908-ZTPNF,1267.2,584.1728,1851.3727905273438
8421-WZOOW,5567.45,766.9372,6334.387194824219
1414-YADCW,5706.2,180.30148,5886.501483154297
8756-RDDLT,3085.35,6.877564,3092.2275639533996
2862-PFNIK,24.7,448.17404,472.87404174804686
5816-QVHRX,3541.4,1373.03,4914.430029296875
4430-YHXGG,84.2,1023.7832,1107.983203125
6888-SBYAI,50.7,1583.7845,1634.4845458984375
7395-XWZOY,1165.55,2181.4824,3347.032421875
7169-YWAMK,4855.35,0.0,4855.35
6859-RKMZJ,608.15,1657.426,2265.576025390625
2729-VNVAP,641.35,750.16345,1391.5134521484374
2957-JIRMN,4959.15,392.82938,5351.979376220703
2049-BAFNW,35.9,1272.5715,1308.471533203125
3842-QTGDL,1321.3,3122.785,4444.084912109375
7163-OCEQI,1663.75,3435.7996,5099.549560546875
9782-LGXMC,3024.15,917.25323,3941.4032348632813
5975-BAICR,2188.5,2070.7393,4259.2392578125
4673-KKSLS,2724.25,1563.844,4288.093994140625
4853-OITSN,413.25,2947.733,3360.98291015625
9800-OUIGR,1374.2,112.32455,1486.524546813965
2324-EFHVG,6692.65,767.2986,7459.948583984375
7094-MSZAO,218.5,1014.14886,1232.6488647460938
6907-CQGPN,1004.75,683.0409,1687.7908935546875
0780-XNZFN,1125.6,308.48154,1434.0815368652343
0239-OXEXL,3847.6,717.02734,4564.62734375
2675-IJRGJ,978.0,366.91003,1344.9100341796875
7049-GKVZY,1387.35,4188.037,5575.387109375
8577-QSOCG,746.05,666.82275,1412.87275390625
3721-CNZHX,304.6,996.2056,1300.8056274414062
0212-ISBBF,1098.85,683.43256,1782.2825561523437
3585-YNADK,4368.95,1068.0251,5436.975146484375
5271-DBYSJ,827.7,1579.4865,2407.1864501953123
1099-GODLO,20.35,1383.7189,1404.0688720703124
6828-HMKWP,262.05,1232.0276,1494.077587890625
1472-TNCWL,3512.5,542.02124,4054.521240234375
2080-GKCWQ,151.75,1761.673,1913.4229736328125
2193-SFWQW,8033.1,25.81082,8058.910819625855
5656-JAMLX,1253.65,180.3691,1434.019094848633
3462-BJQQA,552.65,2075.065,2627.71494140625
0442-TDYUO,1036.0,465.62216,1501.6221618652344
6733-LRIZX,4025.5,3920.346,7945.845947265625
9503-XJUME,928.4,341.15335,1269.5533508300782
4367-NHWMM,24.9,337.1126,362.0126098632812
3779-OSWCF,6506.15,75.26603,6581.41602935791
6736-DHUQI,5598.3,361.5623,5959.862286376953
3915-ODIYG,4374.55,681.82477,5056.374768066406
1360-RCYRT,678.75,900.22675,1578.9767456054688
2724-FJDYW,2191.7,1676.5187,3868.2186767578123
4451-RWASJ,239.75,1009.10205,1248.85205078125
3460-TJBWI,609.05,1161.9196,1770.9695556640625
5917-HBSDW,683.75,383.73627,1067.4862670898438
5671-UUNXD,5189.75,1482.6871,6672.4371337890625
0956-ACVZC,5060.9,1160.5868,6221.486791992187
2325-NBPZG,233.65,1327.1392,1560.78916015625
4482-FTFFX,291.45,1717.8287,2009.2787353515625
8859-DZTGQ,689.75,815.24866,1504.9986572265625
0440-MOGPM,3263.9,1851.1085,5115.008520507812
0020-JDNXP,1993.2,1995.945,3989.1449462890623
3752-CQSJI,254.5,762.71106,1017.2110595703125
5025-GOOKI,347.65,628.87085,976.520849609375
4698-KVLLG,967.9,397.09387,1364.9938720703126
2887-JPYLU,1841.9,418.26553,2260.1655334472657
4770-QAZXN,232.1,804.4317,1036.5317016601562
4896-CPRPF,809.25,924.71155,1733.9615478515625
9714-EDSUC,360.55,3267.2812,3627.83125
0282-NVSJS,355.9,811.89246,1167.7924560546876
7353-YOWFP,129.15,1176.7947,1305.944677734375
8008-ESFLK,5835.5,1793.2043,7628.704345703125
7537-CBQUZ,7031.45,356.66202,7388.112017822265
3363-EWLGO,109.6,783.26587,892.865869140625
4750-UKWJK,727.8,614.00226,1341.8022583007812
1689-YQBYY,893.0,623.3872,1516.38720703125
4487-ZYJZK,763.1,628.8506,1391.9505859375
2959-FENLU,781.4,1997.3728,2778.772802734375
0708-LGSMF,902.25,2180.5576,3082.8076171875
7634-HLQJR,1016.7,498.5862,1515.2862121582032
0487-RPVUM,5943.65,575.2254,6518.875402832031
4079-ULGFR,275.7,620.6598,896.3597900390625
2516-XSJKX,3126.45,2351.4443,5477.8943359375
0057-QBUQH,1070.15,693.36676,1763.5167602539063
6599-SFQVE,340.4,779.55914,1119.9591430664063
8331-ZXFOE,4299.2,868.3304,5167.530383300781
4003-FUSHP,1093.2,1503.0231,2596.2230712890623
0356-ERHVT,521.9,1378.2446,1900.14462890625
7325-ENZFI,1630.4,1138.3262,2768.726171875
4884-ZTHVF,713.6,1460.8773,2174.4773193359374
3920-HIHMQ,1265.65,402.82565,1668.475653076172
3055-OYMSE,4003.85,252.9145,4256.764505004883
0613-WUXUM,1401.4,25.108877,1426.508877182007
4458-KVRBJ,1510.5,307.61307,1818.1130676269531
1397-XKKWR,264.8,2019.5306,2284.3306396484377
8097-OMULG,4541.9,904.55383,5446.453833007812
6013-BHCAW,4976.15,827.61835,5803.768347167968
0401-WDBXM,7542.25,10.082812,7552.332812309265
3387-PLKUI,251.25,755.7233,1006.9733276367188
6096-EGVTU,1595.5,148.39717,1743.8971710205078
5081-NWSUP,685.55,3421.2888,4106.838818359375
2580-ATZSQ,3874.1,333.0519,4207.151910400391
8085-MSNLK,6891.4,1133.7188,8025.11875
9691-HKOVS,4916.95,1355.6941,6272.644091796875
9881-VCZEP,1373.0,1304.4204,2677.42041015625
8757-TFHHJ,49.8,2206.1074,2255.907421875
1468-DEFNC,1548.65,204.06943,1752.7194274902345
5119-KEPFY,3440.25,1064.4862,4504.7362060546875
0916-KNFAJ,4226.7,747.97345,4974.673449707031
8319-QBEHW,1023.75,1555.4668,2579.216796875
9625-QNLUX,7074.4,372.1292,7446.529211425781
4024-CSNBY,6849.75,23.280998,6873.0309982299805
7110-BDTWG,3263.6,103.87759,3367.477586364746
7493-GVFIO,1252.85,307.48193,1560.33193359375
0690-SRQID,67.55,718.44037,785.9903686523437
9605-WGJVW,70.2,633.7351,703.935107421875
9114-DPSIA,5750.0,0.0,5750.0
4700-UBQMV,1549.75,3591.0579,5140.807861328125
7711-GQBZC,1810.55,14.365608,1824.915608215332
4627-MIHJH,7467.55,305.32327,7772.873272705078
9795-NREXC,5484.4,661.41644,6145.816442871093
8573-CGOCC,294.9,817.3275,1112.2275146484376
7356-AYNJP,97.5,1441.2896,1538.78955078125
6286-SUUWT,19.95,862.6216,882.57158203125
4819-HJPIW,476.8,293.71848,770.5184753417968
8654-DHAOW,101.65,1942.8065,2044.4565185546876
5438-QMDDL,1130.85,1262.2518,2393.1018310546874
9812-GHVRI,3532.25,608.2669,4140.516906738281
5553-AOINX,6891.45,380.0449,7271.494891357422
1228-ZLNBX,1570.7,628.55817,2199.258166503906
4226-KKDON,520.95,2107.5237,2628.473681640625
3831-YCPUO,7854.9,7.595836,7862.495836162567
7445-WMRBW,3581.4,1551.9025,5133.302465820312
3308-DGHKL,1447.9,54.307014,1502.2070144653321
9924-JPRMC,8547.15,0.0,8547.15
0080-EMYVY,727.85,2554.64,3282.489892578125
6218-KNUBD,357.6,1678.5311,2036.1311279296874
7337-CINUD,159.35,1227.5974,1386.947412109375
7609-NRNCA,280.85,924.6608,1205.5108276367187
0623-EJQEG,6069.25,391.5173,6460.767303466797
7153-CHRBV,3274.35,740.41394,4014.7639404296874
6198-PNNSZ,6109.65,1617.9304,7727.580419921875
3317-VLGQT,1122.4,822.2356,1944.635595703125
4132-POCZS,2020.9,182.66617,2203.5661682128907
5614-DNZCE,3795.45,837.9956,4633.44560546875
3896-RCYYE,3579.15,167.59795,3746.7479461669923
9638-JIQYA,49.7,770.20776,819.907763671875
3258-SANFR,276.5,1335.8027,1612.302734375
3726-TBHQT,8175.9,106.20042,8282.100416564941
3190-ITQXP,890.35,504.59518,1394.9451843261718
4833-QTJNO,5588.8,259.79993,5848.599926757813
3039-MJSLN,50.6,1043.0605,1093.660546875
0178-CIIKR,58.0,808.566,866.5659790039062
5774-QPLTF,938.95,408.17557,1347.1255676269532
2322-VCZHZ,2024.1,2006.4415,4030.5415283203124
5010-IPEAQ,3623.95,259.77768,3883.727679443359
6383-ZTSIW,3877.95,2698.1326,6576.082568359375
8990-YOZLV,4577.9,197.63626,4775.536260986328
3069-SSVSN,25.85,1441.649,1467.4990478515624
5222-IMUKT,2871.5,318.1503,3189.6502990722656
6685-XSHHU,1270.55,253.31851,1523.8685119628906
8901-UPRHR,7711.45,0.0,7711.45
0118-JPNOY,2193.65,1709.0931,3902.7431396484376
3845-FXCYS,31.2,739.2497,770.4496948242188
5857-XRECV,38.25,1325.4574,1363.7073974609375
0725-CXOTM,3348.1,2917.153,6265.253076171875
4343-EJVQB,533.6,1564.6555,2098.255517578125
9000-PLFUZ,2907.55,599.61316,3507.1631591796877
3427-GGZZI,1620.8,1971.8019,3592.6018798828127
7779-ORAEL,3480.35,2175.1316,5655.481591796875
0644-OQMDK,293.85,673.14343,966.9934326171875
3154-CFSZG,4137.2,718.7682,4855.968188476562
2220-IAHLS,19.4,1038.7745,1058.1745361328126
1658-XUHBX,5348.65,320.14032,5668.790319824218
2378-HTWFW,3180.5,1782.1954,4962.6954345703125
4377-VDHYI,3023.85,3005.6584,6029.508447265625
3719-TDVQB,1031.1,351.75662,1382.856622314453
0201-MIBOL,6471.85,533.96106,7005.811059570313
4937-QPZPO,6241.35,710.9409,6952.29091796875
2925-VDZHY,6501.35,11.303294,6512.653294181824
6981-TDRFT,2317.1,1286.3751,3603.4751220703124
3413-CSSTH,2237.55,599.0253,2836.575329589844
8033-VCZGH,5231.3,1797.3082,7028.608227539063
0224-NIJLP,165.5,1290.4349,1455.9349365234375
7542-CYDDM,358.5,627.8521,986.3521118164062
4718-WXBGI,6614.9,1.8010285,6616.701028490066
8495-PRWFH,2421.75,316.7161,2738.466094970703
0439-IFYUN,1294.6,743.4704,2038.0703979492187
5716-LIBJC,1299.1,5511.688,6810.78798828125
2868-LLSKM,5733.4,228.785,5962.185003662109
2988-QRAJY,7430.75,272.23416,7702.984161376953
0071-NDAFP,630.6,1218.1741,1848.774072265625
7328-ZJAJO,1222.65,243.47879,1466.1287902832032
6458-CYIDZ,374.8,2366.2002,2741.0001953125
1090-PYKCI,7234.8,271.1674,7505.967388916016
3058-WQDRE,331.85,552.1276,883.9776245117188
2279-AXJJK,5088.4,990.1208,6078.520788574218
0909-SELIE,4860.85,857.6611,5718.511071777344
3417-TSCIC,788.05,870.34955,1658.3995483398437
1042-HFUCW,1266.35,2190.5415,3456.89150390625
6537-OTKMY,688.2,2417.927,3106.127001953125
8999-EXMNO,387.7,1054.7585,1442.458544921875
6725-TPKJO,845.25,536.62537,1381.8753662109375
7162-WPHPM,4230.25,1019.7151,5249.965087890625
1599-MMYRQ,4983.05,611.297,5594.346997070313
8821-KVZKQ,4113.15,53.36866,4166.518659973144
6434-TTGJP,521.0,3258.113,3779.113037109375
0042-JVWOJ,471.85,839.7593,1311.60927734375
0130-SXOUN,5976.9,98.563126,6075.463125610351
2330-PQGDQ,4299.75,1596.8887,5896.638671875
1452-UZOSF,7548.6,0.0,7548.6
2097-YVPKN,1654.75,169.29802,1824.0480194091797
8597-CTXVJ,4551.5,105.74209,4657.242088317871
6631-HMANX,6227.5,0.46359944,6227.963599443436
9962-BFPDU,20.05,1015.1633,1035.213330078125
6394-HHHZM,57.5,863.8466,921.3466186523438
5995-LFTLE,1474.35,342.73425,1817.0842529296874
1932-UEDCX,3270.25,2271.0925,5541.342529296875
5188-HGMLP,3919.15,343.58005,4262.7300476074215
0665-XHDJU,7285.7,31.623962,7317.323962402344
8265-HKSOW,7658.3,0.0,7658.3
3544-FBCAS,5959.3,0.0,5959.3
5331-RGMTT,5295.7,631.73047,5927.43046875
4759-PXTAN,4693.2,800.0449,5493.244921875
7054-DMVAS,3512.9,1092.4591,4605.359106445312
3428-MMGUB,5231.2,870.527,6101.726977539062
6549-BTYPG,3603.45,723.03064,4326.480639648437
7823-JSOAG,217.45,1274.1857,1491.6356689453125
3705-RHRFR,6875.35,280.75342,7156.10341796875
9374-YOLBJ,19.25,969.3515,988.6015014648438
9074-KGVOX,2021.35,451.56973,2472.9197326660155
6128-DAFVY,2564.95,125.08652,2690.036517333984
9933-QRGTX,5611.75,1123.0045,6734.7545166015625
4476-OSWTN,7610.1,200.90388,7811.003884887696
5066-GFJMM,45.75,864.47205,910.2220458984375
2661-GKBTK,4543.95,866.52747,5410.477465820312
0458-HEUZG,450.4,1972.0898,2422.48984375
7268-WNTCP,1297.35,197.91205,1495.2620483398437
0824-VWDPO,4442.75,2111.4187,6554.168701171875
8409-WQJUX,1423.15,2139.8088,3562.958837890625
2578-JQPHZ,4378.35,2672.596,7050.945947265625
3278-FSIXX,74.2,653.6462,727.8461791992188
9746-UGFAC,450.65,990.5294,1441.1794189453126
2946-KIQSP,1175.85,369.66327,1545.5132690429687
0625-AFOHS,558.8,851.7515,1410.5515258789062
6726-WEXXK,2220.1,3124.7273,5344.827294921875
4636-OLWOE,3283.05,878.47784,4161.527844238281
4685-ERGHK,4939.25,617.5432,5556.793212890625
0885-HMGPY,4237.5,677.5321,4915.0321044921875
5003-OKNNK,335.95,1091.4319,1427.381884765625
7208-PSIHR,7188.5,197.98984,7386.489837646484
4012-ZTHBR,926.25,586.52295,1512.77294921875
0489-WMEMG,1119.35,1779.0388,2898.388818359375
7435-ZNUYY,116.6,1209.8612,1326.4612060546874
1354-YZFNB,68.8,1309.4418,1378.2417724609375
2985-FMWYF,2341.55,456.9361,2798.4860961914064
2812-ENYMO,1362.85,2333.1675,3696.01748046875
2717-HVIZY,163.6,763.0593,926.659326171875
3422-GALYP,145.15,1994.6339,2139.7839111328126
2890-WFBHU,4786.1,961.9727,5748.072717285157
0327-WFZSY,3835.55,2534.162,6369.712109375
7977-HXJKU,397.0,997.32465,1394.3246459960938
7033-CLAMM,1027.25,475.34277,1502.5927734375
4023-RTIQM,1580.1,2013.6348,3593.734765625
0864-FVJNJ,7222.75,813.2557,8036.005676269531
7356-IWLFW,3769.7,894.33185,4664.031848144531
9541-PWTWO,4233.95,1614.4185,5848.36845703125
3967-VQOGC,1680.25,128.18352,1808.4335174560547
7872-RDDLZ,3725.5,0.0,3725.5
6308-CQRBU,7707.7,142.15157,7849.851565551758
0186-CAERR,8309.55,122.70844,8432.258442687988
3043-SUDUA,601.55,491.66962,1093.2196166992187
5442-BHQNG,139.25,760.2139,899.4639282226562
2169-RRLFW,1888.25,23.352911,1911.6029109954834
5872-OEQNH,2773.9,379.59634,3153.4963439941407
3162-KKZXO,5409.75,851.9861,6261.736083984375
8873-GLDMH,401.3,823.38605,1224.6860473632812
5696-JVVQY,3238.4,1599.0321,4837.432104492187
8946-BFWSG,1573.05,247.87622,1820.926220703125
0547-HURJB,235.8,902.0254,1137.825390625
8904-OPDCK,1364.75,98.989746,1463.73974609375
8845-LWKGE,1985.15,2275.3555,4260.50546875
0691-NIKRI,4335.2,2842.588,7177.787890625
5022-JNQEQ,647.5,1404.8365,2052.3365478515625
3249-VHRIP,2748.7,419.13446,3167.8344604492186
3736-BLEPA,2483.65,3334.9658,5818.6158203125
4701-LKOZD,6367.2,182.97194,6550.171939086914
6603-QWSPR,4904.2,2559.905,7464.105029296875
9921-QFQUL,2044.95,1560.3613,3605.311328125
1929-ZCBHE,1794.8,912.58734,2707.387341308594
4378-MYPGO,7173.15,408.4032,7581.553198242187
4129-LYCOI,7039.05,441.69138,7480.741375732422
7798-JVXYM,921.4,1349.371,2270.7709716796876
8647-SDTWQ,4018.35,0.0,4018.35
2696-ECXKC,5448.6,1169.0247,6617.624658203125
2081-KJSQF,20.25,801.8516,822.1016235351562
3323-CPBWR,2085.45,2195.8533,4281.303271484375
3384-CTMSF,5135.15,1011.9535,6147.103491210937
0902-RFHOF,730.1,562.9973,1293.097314453125
6048-QBXKL,118.25,2583.2373,2701.4873046875
7718-RXDGG,1108.6,1329.0618,2437.661767578125
1025-FALIX,1815.65,671.01404,2486.6640380859376
3451-VAWLI,730.4,716.86646,1447.266455078125
3407-QGWLG,75.45,812.50714,887.9571411132813
2347-WKKAE,4014.6,1086.0897,5100.689721679688
8735-DCXNF,568.85,2504.8674,3073.717431640625
3214-IYUUQ,5860.7,896.9071,6757.607104492187
1936-UAFEH,7279.35,380.0002,7659.350213623047
3587-PMCOY,1064.95,4996.192,6061.14189453125
1027-LKKQQ,5886.85,42.750027,5929.600026702881
7148-XZPHA,4238.45,430.785,4669.235003662109
5309-TAIKL,418.3,2624.0837,3042.383740234375
6856-RAURS,136.05,995.28284,1131.3328369140625
8778-LMWTJ,708.2,1060.4266,1768.6266357421875
9717-IOAAF,788.55,1146.5635,1935.1134765625
2845-KDHVX,4378.8,514.9431,4893.743115234375
0848-SOMKO,3442.8,177.84084,3620.6408355712892
6734-FQAJX,7171.7,430.4372,7602.137194824219
1535-VTJOQ,553.0,1173.0588,1726.058837890625
6368-TZZDT,96.85,1309.4418,1406.2917724609374
0943-ZQPXH,4122.9,984.0688,5106.968786621093
1293-BSEUN,1482.3,0.0,1482.3
1302-TPUBN,1240.8,100.565956,1341.3659561157226
2378-VTKDH,6578.55,102.940125,6681.490124511719
0927-CNGRH,19.55,854.56696,874.1169555664062
8608-OZTLB,2802.3,2326.7966,5129.096630859375
2335-GSODA,857.75,1906.627,2764.376953125
1952-DVVSW,184.4,1147.2163,1331.61630859375
6656-GULJQ,6093.3,0.0,6093.3
9853-JFZDU,1861.1,1025.1661,2886.2661376953124
3777-XROBG,1079.65,283.82004,1363.470037841797
6994-FGRHH,7475.1,85.75749,7560.85749206543
4000-VGMQP,2862.55,2585.2732,5447.823193359375
3999-WRNGR,3069.45,82.48956,3151.939562988281
3466-RITXD,2349.8,2540.0107,4889.8107421875
2680-XKKNJ,469.25,3474.1353,3943.38525390625
2974-GGUXS,3301.05,1732.6935,5033.743481445313
7994-XIRTR,3529.95,1131.951,4661.901049804687
2101-RANCD,4144.9,0.0,4144.9
7921-BEPCI,4265.0,8.732675,4273.732674598694
8510-TMWYB,3246.45,1044.3678,4290.817797851562
3258-ZKPAI,8337.45,14.083402,8351.533401679993
1428-IEDPR,5731.4,2076.6917,7808.091650390625
5298-GSTLM,6176.6,859.3563,7035.956323242188
4450-YOOHP,1905.4,676.00824,2581.408239746094
6728-CZFEI,931.9,2254.955,3186.855078125
3653-NCRDJ,776.25,504.64517,1280.8951721191406
6121-TNHBO,5243.05,663.7482,5906.798229980469
5119-NZPTV,141.65,1428.7582,1570.4081787109376
6519-ZHPXP,7679.65,7.2465854,7686.89658536911
3472-QPRCH,1006.9,822.7241,1829.62412109375
8224-UAXBZ,2540.1,477.76544,3017.865441894531
9610-WCESF,3097.2,240.76903,3337.9690277099608
2486-WYVVE,2484.0,2832.1292,5316.129150390625
3865-ZYKAD,5785.65,117.48627,5903.136267089843
1422-DGUBX,2619.15,2211.706,4830.8560546875
2999-AANRQ,1524.85,3427.6892,4952.539208984375
8668-KNZTI,2790.65,916.029,3706.678991699219
0480-KYJVA,1784.5,0.0,1784.5
9746-YKGXB,2276.1,829.52094,3105.6209350585937
3926-YZVVX,2029.05,1244.7102,3273.760205078125
6000-UKLWI,802.35,612.5501,1414.9001098632812
6332-FBZRI,4653.25,290.28854,4943.538543701172
2096-XOTMO,275.9,727.0787,1002.9786743164062
3266-FTKHB,343.45,1037.1094,1380.559375
8221-EQDGL,2130.45,1343.6608,3474.1107666015623
2346-LOCWC,1191.4,316.46875,1507.86875
0298-XACET,2554.0,1028.7335,3582.7335205078125
7560-QJAVJ,5589.45,199.47862,5788.928622436523
2995-YWTCD,467.7,1264.7175,1732.417529296875
9137-UIYPG,3756.45,1975.6562,5732.10625
2809-ZMYOQ,3334.9,600.25256,3935.1525634765626
5084-OOVCJ,920.5,2250.862,3171.362060546875
0254-WWRKD,3431.75,291.64542,3723.3954162597656
7727-SHVZV,150.35,864.00696,1014.3569580078125
5339-PXDVH,367.95,2948.2454,3316.195361328125
2205-LPVGL,5125.75,1099.042,6224.7919921875
8782-NUUOL,4801.1,828.72974,5629.829736328125
7601-WFVZV,19.55,839.633,859.1829956054687
4609-KNNWG,550.1,889.83594,1439.9359375
4868-AADLV,7862.25,598.39484,8460.644836425781
9529-OFXHY,1242.2,2587.335,3829.5349609375
2669-QVCRG,3190.65,1011.1095,4201.759497070312
2478-EEWWM,2666.75,9.405852,2676.15585231781
9174-IHETN,3533.6,1279.1953,4812.7953125
2233-TXSIU,792.15,2302.2495,3094.39951171875
9644-UMGQA,295.65,1668.8816,1964.531591796875
3256-EZDBI,1459.35,274.7718,1734.1217895507812
0419-YAAPX,4297.95,678.4293,4976.379321289062
0872-CASZJ,4096.9,768.7286,4865.628576660156
4726-DLWQN,3454.6,792.4614,4247.06142578125
8164-OCKUJ,1286.0,270.34464,1556.3446350097656
3094-JOJAI,1387.0,695.5132,2082.51318359375
9494-MRNYX,786.3,911.9982,1698.2982299804687
2599-CZABP,641.25,1983.0339,2624.283935546875
7945-PRBVF,705.45,777.08057,1482.53056640625
4544-RXFMG,345.5,2103.517,2449.01708984375
0859-YGKFW,345.9,1044.6635,1390.5634521484376
1150-FTQGN,5811.8,991.35504,6803.155041503906
7196-LIWRH,124.45,1213.603,1338.05302734375
5448-VWNAM,1375.6,3006.1306,4381.730615234375
1177-XZBJL,3491.55,1233.9117,4725.461743164063
3518-FSTWG,7920.7,2.2596662,7922.959666204452
9330-VOFSZ,6640.7,1305.3184,7946.018359375
0939-EREMR,718.1,1484.3301,2202.430078125
9389-ACWBI,320.4,1994.1223,2314.522314453125
3644-QXEHN,1334.45,2203.3499,3537.799853515625
2911-IJORQ,3358.65,2971.5337,6330.18369140625
5921-NGYRH,4764.0,0.0,4764.0
5998-DZLYR,5703.0,986.61115,6689.611145019531
3985-HOYPM,525.55,814.231,1339.7810180664062
9548-LERKT,483.15,951.62134,1434.771337890625
6576-FBXOJ,934.8,2714.4907,3649.29072265625
4310-KEDTB,786.5,293.33542,1079.8354187011719
4062-HBMOS,5364.8,355.26617,5720.066174316406
2676-ISHSF,20.3,881.3059,901.605908203125
9236-NDUCW,770.4,1714.9156,2485.3156494140626
4753-PADAS,6816.95,384.1601,7201.110095214844
6103-QCKFX,2419.55,1038.2515,3457.80146484375
7781-EWARA,4138.7,44.279285,4182.979285430908
7018-FPXHH,3457.45,920.52216,4377.972155761719
0572-ZJKLT,4630.2,2388.2905,7018.49052734375
5135-RDDQL,3221.25,379.54398,3600.793975830078
1353-LJWEM,688.5,2142.468,2830.968017578125
1794-SWWKL,867.1,2370.8835,3237.983544921875
6166-YIPFO,4746.05,0.0,4746.05
9332-GYWLO,355.1,1338.5398,1693.639794921875
4184-VODJZ,5764.7,435.427,6200.127001953125
1092-WPIVQ,428.45,1282.0168,1710.466845703125
7233-IOQNP,1505.35,644.97864,2150.3286376953124
2834-JKOOW,693.45,2339.4294,3032.879443359375
2400-FEQME,1177.95,350.4277,1528.377703857422
4957-SREEC,1458.1,38.430912,1496.5309120178222
0230-UBYPQ,2298.9,258.73438,2557.634375
4923-ADWXJ,1679.65,1809.1083,3488.7582763671876
1763-KUAAW,369.6,1057.5564,1427.156396484375
1104-TNLZA,2998.0,2829.586,5827.5859375
5195-KPUNQ,5206.55,1293.3347,6499.884716796875
3439-GVUSX,24.4,504.1264,528.5264038085937
5949-HGVJL,1959.5,1746.9716,3706.4715576171875
5203-XEHAX,2053.05,1938.3208,3991.37080078125
1635-HDGFT,398.55,1071.0431,1469.5930908203125
8050-XGRVL,3425.35,454.97144,3880.321435546875
9828-QHFBK,1275.7,716.88574,1992.5857421875
3908-MKIMJ,2965.75,214.50183,3180.2518310546875
5012-YSPJJ,1647.0,1272.4976,2919.49755859375
6728-VOIFY,6109.75,477.52725,6587.277252197266
4891-NLUBA,3751.15,672.32983,4423.479833984375
8969-PRHFK,411.25,934.5486,1345.798583984375
0661-KQHNK,105.5,1196.1339,1301.6339111328125
8709-KRDVL,3320.6,865.3827,4185.982690429688
1427-VERSM,5669.5,327.2481,5996.748107910156
9801-NOSHQ,465.45,896.5885,1362.0385009765625
6339-YPSAH,704.3,790.1407,1494.4406860351562
2159-TURXX,95.55,997.6165,1093.1665161132812
1548-FEHVL,6375.2,358.8998,6734.099810791015
3795-CAWEX,8152.3,230.84248,8383.142483520507
6215-NQCPY,1566.75,2145.8162,3712.566162109375
5647-URDKA,130.25,1267.9548,1398.204833984375
2229-DPMBI,162.15,1243.3843,1405.53427734375
9626-WEQRM,110.05,833.4757,943.5257080078125
2188-SXWVT,1885.15,1651.7358,3536.88583984375
6258-PVZWJ,6302.85,367.9161,6670.766107177735
1094-BKOSX,2264.5,1317.323,3581.822998046875
6969-MVBAI,816.8,1418.1421,2234.94208984375
2978-XXSOG,1253.5,1579.3466,2832.8465576171875
2342-CKIAO,41.2,839.7419,880.9418823242188
6953-PBDIN,5265.55,144.04155,5409.591549682617
3898-BSJYF,693.3,4411.3403,5104.64033203125
3938-YFPXD,5997.1,29.807335,6026.907334899903
7696-AMHOD,3824.2,1606.1055,5430.30546875
2453-SAFNS,3886.05,1010.30566,4896.3556640625
9558-IHEZX,7283.25,99.327194,7382.577194213867
9617-UDPEU,412.55,833.20123,1245.7512329101562
6340-DACFT,1070.25,460.99213,1531.2421264648438
4955-VCWBI,817.95,534.31866,1352.2686645507813
6813-GZQCG,1171.3,636.24866,1807.5486572265625
7426-GSWPO,6548.65,257.84644,6806.496435546875
3389-KTRXV,625.65,1177.9308,1803.5807861328126
3118-UHVVQ,1911.5,104.20024,2015.7002410888672
3205-MXZRA,1507.0,2395.1052,3902.105224609375
8317-BVKSO,299.3,535.1829,834.4829223632812
5702-KVQRD,5832.65,55.079185,5887.7291854858395
0083-PIVIK,5567.55,548.04785,6115.5978515625
6169-PGNCD,4166.35,1102.0559,5268.405908203125
4909-JOUPP,7898.45,0.0,7898.45
4657-FWVFY,3915.4,1743.7473,5659.147314453125
2257-BOVXD,979.5,2451.4539,3430.953857421875
7729-JTEEC,90.05,1203.4526,1293.50263671875
9696-RMYBA,398.55,700.16174,1098.7117431640625
8690-UPCZI,1958.45,2747.3706,4705.82060546875
9770-LXDBK,63.15,828.77374,891.9237426757812
4086-WITJG,1301.1,12.484332,1313.5843320846557
8344-WFMFH,484.05,1164.0936,1648.1436279296875
8822-KNBHV,3887.85,1861.341,5749.190942382813
8404-FYDIB,2208.75,2319.5728,4528.32275390625
2791-SFVEW,238.15,895.1805,1133.3304809570313
6762-NSODU,958.15,489.75143,1447.901434326172
9888-ZCUMM,3845.45,490.0521,4335.502093505859
1074-WVEVG,1267.0,252.85197,1519.8519744873047
9979-RGMZT,633.45,4419.886,5053.33623046875
6437-UDQJM,6129.65,0.0,6129.65
1226-IENZN,1218.25,455.5488,1673.7987976074219
2108-GLPQB,1405.3,1673.7426,3079.0425537109377
5474-LAMUQ,533.9,887.9371,1421.8370727539063
3468-DRVQJ,676.15,4202.5664,4878.71640625
1122-YJBCS,3804.4,124.70665,3929.1066497802735
4990-ALDGW,1118.8,308.9076,1427.7075927734375
4816-OKWNX,5236.4,1994.5663,7230.966284179687
3315-IKYZQ,1386.8,2117.9783,3504.778271484375
4747-LCAQL,1902.0,1933.4147,3835.4146728515625
3411-WLRSQ,239.05,2771.7146,3010.764599609375
0898-XCGTF,5673.7,663.5366,6337.23662109375
8006-PYCSW,39.8,829.1639,868.9638793945312
8249-THVEC,997.75,369.89984,1367.6498413085938
8722-PRFDV,5574.35,91.13099,5665.480989074707
2164-SOQXL,406.05,630.04846,1036.0984619140625
4020-KIUDI,138.85,1101.7438,1240.5937744140624
5850-BDWCY,123.65,793.62286,917.2728637695312
2038-YSEZE,1801.1,1906.7183,3707.81826171875
0827-ITJPH,689.0,693.14343,1382.1434326171875
8799-OXZMD,790.7,193.3255,984.0255004882813
1705-GUHPV,1618.2,217.85136,1836.0513641357422
4779-ZGICK,1173.35,554.36597,1727.715966796875
0048-PIHNL,900.9,452.85812,1353.758123779297
3967-KXAPS,6719.9,0.0,6719.9
3704-IEAXF,3784.0,0.0,3784.0
6810-VCAEX,1798.65,861.9729,2660.622900390625
0674-EYYZV,54.65,794.76746,849.4174560546875
4480-MBMLB,3886.45,3134.932,7021.381884765625
1395-OFUWC,1224.05,510.09448,1734.144482421875
0822-QGCXA,2310.2,2822.7905,5132.99052734375
2832-KJCRD,3988.5,773.18774,4761.687744140625
3588-WSTTJ,3554.6,1048.7389,4603.338891601563
4075-WKNIU,0.0,5234.11,5234.10986328125
5090-EMGTC,6034.85,1166.8204,7201.670434570313
2346-CZYIL,531.6,915.43964,1447.0396362304687
3798-EPWRR,85.1,831.2177,916.3177124023438
6258-NGCNG,173.0,967.81195,1140.8119506835938
4186-ZBUEW,2511.95,2051.7847,4563.73466796875
5274-XHAKY,3893.6,1821.5444,5715.14443359375
1442-BQPVU,357.15,635.1575,992.307470703125
3978-YNKDD,467.5,1061.784,1529.2840576171875
4940-KHCWD,2288.7,472.5271,2761.227099609375
9589-ABEPT,6460.55,224.088,6684.637997436524
9388-ZEYVT,1931.3,1049.0006,2980.3006103515627
0305-SQECB,402.6,1899.5916,2302.191552734375
7605-SNLQG,2221.55,596.7874,2818.3374145507814
4670-TABXH,7758.9,0.0,7758.9
0064-SUDOG,224.5,1201.1903,1425.6903076171875
8561-NMTBD,7388.45,471.85922,7860.309222412109
5161-XEUVX,3460.95,3075.142,6536.09208984375
8292-FRFZQ,1700.9,1208.2627,2909.1626953125
8591-NXRCV,3090.65,1458.9095,4549.559545898437
7895-VONWT,1293.8,427.35477,1721.154766845703
4526-RMTLL,645.8,5008.62,5654.4201171875
6253-GNHWH,5224.95,107.97196,5332.9219619750975
4566-NECEV,500.1,3293.2668,3793.366845703125
8080-POTJR,2427.1,3056.8713,5483.971337890625
6906-MPARY,3488.15,2384.6816,5872.831640625
3662-FXJFO,1035.7,359.07327,1394.7732727050782
8107-RZLNV,7565.35,1.2746769,7566.624676918984
0516-OOHAR,2799.0,4022.0823,6821.082275390625
2027-CWDNU,1601.5,1467.4111,3068.9111328125
9912-OMZDS,6256.2,997.1677,7253.367724609375
3733-ZEECP,1232.9,939.8569,2172.756872558594
7878-RTCZG,19.9,830.8793,850.7792724609375
2452-MRMZF,1937.4,0.0,1937.4
7103-IPXPJ,5059.75,1543.4097,6603.15966796875
4342-HFXWS,3023.65,1544.5995,4568.249487304687
3545-CNWRG,4889.2,596.52936,5485.729357910156
1785-BPHTP,2289.9,1143.6385,3433.5385498046876
4989-LIXVT,6503.2,0.0,6503.2
7315-WYOAW,1313.25,2025.4122,3338.6622314453125
1173-XZPYF,990.3,1145.0448,2135.3447998046877
2509-TFPJU,1864.2,0.0,1864.2
9530-GRMJG,5979.7,176.26428,6155.964282226562
6898-RBTLU,3902.45,1795.8256,5698.275561523437
5481-NTDOH,7142.5,420.39206,7562.892059326172
2068-WWXQZ,902.0,483.5383,1385.5382995605469
2061-VVFST,805.2,521.6533,1326.8533203125
0749-IRGQE,528.45,1122.8735,1651.32353515625
2380-DAMQP,8349.7,31.968792,8381.66879196167
2256-YLYLP,4953.25,336.62378,5289.873779296875
1272-ILHFG,332.65,1032.8153,1365.4653076171876
0164-XAIRP,470.2,947.30865,1417.5086547851563
5666-CYCYZ,2259.35,836.3836,3095.733605957031
4011-ARPHK,1411.35,900.9338,2312.2837768554687
6365-HITVU,6328.7,75.96378,6404.66378326416
7558-IMLMT,1411.9,112.76103,1524.6610321044923
9488-FYQAU,6841.4,923.95953,7765.359533691406
3590-TCXTB,20.35,883.5975,903.9474731445313
6994-KERXL,238.5,909.3869,1147.8869018554688
1960-UOTYM,4016.3,1596.2031,5612.503125
2740-JFBOK,226.55,820.70557,1047.25556640625
6500-JVEGC,7110.75,331.52448,7442.274475097656
5245-VDBUR,1958.95,548.73663,2507.686633300781
8469-SNFFH,5528.9,152.17636,5681.076361083984
2144-ESWKO,1463.7,891.5059,2355.205920410156
1241-FPMOF,1025.05,374.3154,1399.3653991699218
9928-BZVLZ,552.1,3012.0364,3564.136376953125
4114-QMKVN,3815.4,1011.06506,4826.465063476562
2775-SEFEE,0.0,4420.1265,4420.12646484375
9003-CPATH,3313.4,289.5327,3602.93271484375
1754-GKYPY,1938.9,1707.3125,3646.2125
7956-XQWGU,460.25,545.64453,1005.89453125
1591-MQJTP,4839.15,1674.6803,6513.830297851562
2369-FEVNO,19.9,783.0564,802.956396484375
7471-MQPOS,5139.65,29.83857,5169.488569641113
5115-SQAAU,1673.4,106.1735,1779.5735000610352
9845-QOMAD,309.35,1096.453,1405.8030029296874
7672-VFMXZ,3171.6,318.77606,3490.3760620117187
9739-JLPQJ,8670.1,9.936028,8680.036027526856
9916-AYHTC,916.0,459.95813,1375.9581298828125
3855-ONCAR,299.75,1275.3579,1575.10791015625
1488-SYSFC,702.05,459.22168,1161.2716796875
0970-QXPXW,19.65,813.29706,832.9470581054687
3259-KNMRR,4438.2,1135.6556,5573.855639648437
6120-RJKLU,4819.75,785.3549,5605.104919433594
9572-WUKSB,92.25,955.8856,1048.1356201171875
5893-KCLGT,1567.0,0.0,1567.0
0076-LVEPS,1242.45,1160.5913,2403.04130859375
3640-JQGJG,559.2,1442.9747,2002.1747314453125
1596-OQSPS,531.15,1185.8036,1716.9535888671876
9867-XOBQA,1183.2,2609.8228,3793.02275390625
9546-KDTRB,465.85,889.2353,1355.0852905273437
3174-RKMOW,3782.4,2455.69,6238.08994140625
1760-CAZHT,460.2,484.82217,945.0221740722657
8441-SHIPE,1790.35,125.0754,1915.4254013061523
1320-GVNHT,7767.25,0.0,7767.25
1047-RNXZV,876.15,553.77954,1429.929541015625
3541-ZNUHK,4600.95,471.3357,5072.285693359375
8725-JEDFD,1793.25,81.779625,1875.0296249389648
7562-UXTPG,886.7,357.3934,1244.0934020996094
8071-SBTRN,7737.55,185.39648,7922.946484375
6668-CNMFP,1686.85,3865.737,5552.587060546875
5626-MGTUK,1879.25,2111.806,3991.055908203125
5681-LLOEI,4013.8,2437.901,6451.70087890625
8212-DJRCH,434.5,3192.9856,3627.485595703125
4323-OHFOW,7195.35,156.36284,7351.712838745118
4933-BSAIP,780.1,615.99664,1396.0966430664062
2030-BTZRO,107.6,1334.9646,1442.564599609375
1116-DXXDF,3801.7,3075.8066,6877.506640625
6563-VNPMN,3778.1,980.5539,4758.653894042969
2267-WTPYD,5438.95,714.93585,6153.885852050781
0270-THENM,5102.35,0.0,5102.35
4707-MAXGU,1872.2,0.0,1872.2
2710-WYVXG,213.35,4703.772,4917.12197265625
6300-BWMJX,5386.5,254.06337,5640.563369750977
7009-LGECI,235.65,1925.3694,2161.019384765625
5022-KVDQT,2272.8,537.60474,2810.404736328125
7976-CICYS,83.75,985.28296,1069.032958984375
1036-GUDCL,4663.4,600.5042,5263.904211425781
2005-DWQZJ,201.7,1219.2028,1420.9027587890625
8148-WOCMK,125.0,1266.202,1391.2020263671875
7815-PDTHL,684.4,738.7299,1423.1299194335938
9173-IVZVP,1146.05,409.20816,1555.2581604003906
9129-UXERG,1806.35,3332.378,5138.7279296875
3635-JBPSG,603.0,2157.1956,2760.195556640625
7964-ZRKKG,5798.3,284.28848,6082.588482666016
6229-LSCKB,497.6,788.0877,1285.6877075195312
1724-IQWNM,19.3,798.06494,817.36494140625
8217-QYOHV,266.95,2030.1868,2297.136767578125
5546-QUERU,257.0,1032.387,1289.386962890625
6897-UUBNU,2623.65,1218.2587,3841.9086669921876
6127-IYJOZ,45.85,849.8272,895.6772094726563
8930-XOTDP,1082.8,1048.9755,2131.7754638671877
5916-QEWPT,147.8,3375.9084,3523.708447265625
5060-TQUQN,2570.2,2256.6633,4826.863330078125
0531-XBKMM,4378.9,372.71106,4751.611059570312
8465-SBRXP,3616.25,3169.6543,6785.904296875
2408-PSJVE,2924.05,848.63837,3772.688366699219
9700-ZCLOT,32.7,856.08685,888.7868530273438
8738-JOKAR,2882.25,1643.4406,4525.6905517578125
4534-WGCIR,1509.9,380.19208,1890.0920776367188
1930-WNXSB,5305.05,53.317406,5358.367405700684
3508-CFVZL,7985.9,85.22323,8071.1232284545895
0657-DOGUM,2985.25,1307.1409,4292.390869140625
8792-AOROI,564.35,3989.1807,4553.5306640625
5146-YYFRZ,1311.75,96.92304,1408.6730422973633
3452-SRFEG,3720.35,153.19627,3873.546273803711
4070-OKWVH,5025.8,902.81165,5928.611645507813
5297-MDOIR,5224.5,510.88187,5735.381866455078
6369-MCAKO,6185.8,367.39636,6553.196362304688
4926-UMJZD,1498.55,634.18506,2132.73505859375
6848-HJTXY,1208.6,154.86624,1363.466241455078
6341-AEVKX,6613.65,771.6023,7385.252294921875
0682-USIXD,1818.9,1160.1786,2979.0785888671876
6976-BWGLQ,1787.35,17.38521,1804.7352100372314
7078-NVFAM,1051.05,695.2443,1746.2943237304687
8065-QBYTO,7181.25,81.23226,7262.482261657715
2133-TSRRM,3688.6,2114.414,5803.0140625
2511-ALLCS,821.6,887.0627,1708.6626831054687
3191-CSNMG,239.45,1291.1915,1530.6415283203125
7952-OBOYL,244.45,2043.7429,2288.192919921875
7470-DYNOE,3357.9,974.26587,4332.165869140625
7853-OETYL,129.6,892.87476,1022.474755859375
1545-ACTAS,4977.2,2037.9623,7015.162280273437
5126-RCXYW,2424.05,879.45447,3303.5044677734377
2363-BJLSL,4981.15,314.72086,5295.87085571289
1956-YIFGE,2090.25,4116.0073,6206.25732421875
7921-LMDFQ,4905.75,1437.2927,6343.042724609375
2925-MXLSX,2038.7,2599.0571,4637.75712890625
5820-PTRYM,4014.0,1032.6876,5046.6876220703125
9609-BENEA,2441.7,2270.9443,4712.6443359375
6211-WHMYA,2751.0,59.666172,2810.666172027588
4459-BBGHE,1307.8,287.4043,1595.204296875
9945-PSVIP,383.65,866.8402,1250.4902099609376
9108-EJFJP,53.55,2531.1355,2584.685498046875
0530-IJVDB,7882.5,207.6856,8090.185592651367
0508-SQWPL,1087.7,308.26544,1395.9654418945313
2215-ZAFGX,791.7,983.63513,1775.3351318359375
8213-TAZPM,7493.05,251.55573,7744.605725097656
1304-SEGFY,6841.3,20.664152,6861.964152145386
7242-EDTYC,819.95,502.94037,1322.8903686523438
2904-GGUAZ,6052.25,0.0,6052.25
5136-GFPMB,4869.5,412.49533,5281.995330810547
2595-KIWPV,509.3,886.7838,1396.0838134765625
5243-SAOTC,4308.25,298.1418,4606.391815185547
9398-MMQTO,221.1,2418.2092,2639.309228515625
7619-PLRLP,3833.95,1329.7635,5163.713549804687
6508-NJYRO,294.95,984.4051,1279.3550903320313
4710-NKCAW,316.9,4104.851,4421.75107421875
5306-BVTKJ,2651.2,1183.9337,3835.1337158203123
0357-NVCRI,471.7,648.1699,1119.869921875
2371-KFUOG,5720.95,1005.327,6726.277026367187
0463-ZSDNT,503.25,1366.0836,1869.3336181640625
6257-DTAYD,7365.3,78.13495,7443.434948730469
4616-ULAOA,7245.9,727.67896,7973.578955078125
7746-AWNQW,961.4,562.98285,1524.3828491210938
5996-EBTKM,4615.9,312.9846,4928.8845886230465
2758-RNWXS,3251.3,2641.7712,5893.071240234375
2314-TNDJQ,3880.05,0.0,3880.05
2405-LBMUW,3088.75,496.10065,3584.8506469726562
3454-JFUBC,1396.0,85.70399,1481.703987121582
9039-ZVJDC,53.05,732.8836,785.9336059570312
9013-AQORL,2108.35,521.79144,2630.1414428710937
2898-MRKPI,6770.5,287.8138,7058.313812255859
2750-BJLSB,4730.6,1977.0908,6707.6908203125
3648-GZPHF,1151.05,1288.0997,2439.1497314453127
2075-RMJIK,232.55,1591.4279,1823.9778564453125
9588-YRFHY,1022.6,452.88168,1475.4816833496093
9364-YKUVW,309.4,547.18005,856.5800537109375
5392-AKEMH,523.1,417.7537,940.8536926269531
2451-YMUXS,4250.1,293.0588,4543.158807373047
3914-FDRHP,770.5,1390.2338,2160.7337646484375
3078-ZKNTS,246.7,1164.3827,1411.0826904296875
1024-KPRBB,3342.0,1791.91,5133.9100341796875
4690-PKDQG,3930.6,1107.5193,5038.119287109375
9547-ITEFG,897.75,4959.245,5856.9951171875
1264-FUHCX,2780.6,1135.1421,3915.74208984375
7789-CRUVC,5895.45,679.3965,6574.846484375
6598-KELSS,2208.05,836.74243,3044.792431640625
9972-VAFJJ,4871.45,1336.2864,6207.736376953125
0422-UXFAP,4947.55,1318.7765,6266.326489257813
1904-WAJAA,1558.65,3081.9634,4640.61337890625
5130-YPIRV,4284.2,671.2638,4955.463793945312
2843-CQMEG,1218.25,588.2471,1806.4970703125
6439-PKTRR,5617.95,168.58606,5786.536059570312
5351-QESIO,24.2,560.93256,585.1325561523438
5568-DMXZS,554.45,1980.4238,2534.873828125
8468-FZTOE,5237.4,0.0,5237.4
6633-SYEUS,2032.3,2405.6099,4437.90986328125
6447-GORXK,789.2,332.20367,1121.4036743164063
6967-PEJLL,1525.35,1246.5114,2771.8613525390624
5981-ZVXOT,3726.15,3348.3394,7074.48935546875
1684-FLBGS,1652.1,2742.7078,4394.807763671875
1389-WNUIB,1588.75,3776.333,5365.0830078125
0376-OIWME,3366.05,955.7709,4321.820874023438
0218-QNVAS,7113.75,118.51302,7232.263023376465
0804-YGEQV,993.15,648.3797,1641.5296997070313
7164-BPTUT,5012.35,1284.2294,6296.579370117188
2523-EWWZL,2093.4,830.0946,2923.4946044921876
0928-XUTSN,1011.8,438.20096,1450.000958251953
0052-YNYOT,1343.4,74.70488,1418.1048797607423
9586-JGQKH,6794.75,784.4466,7579.196594238281
4501-VCPFK,1022.5,684.5927,1707.0927124023438
6075-SLNIL,3691.2,1557.2113,5248.411303710937
9347-AERRL,486.2,881.47205,1367.6720458984375
2274-XUATA,4685.55,0.0,4685.55
6691-CCIHA,5150.55,756.0464,5906.59638671875
1685-BQULA,3756.4,1135.696,4892.096044921875
9053-EJUNL,3645.75,311.2242,3956.9742126464844
0666-UXTJO,2874.45,1322.5348,4196.984790039062
1471-GIQKQ,49.95,1553.7389,1603.6888916015625
4807-IZYOZ,1020.75,418.83524,1439.5852355957031
9710-NJERN,826.0,668.61865,1494.61865234375
9837-FWLCH,239.0,757.92834,996.9283447265625
7203-OYKCT,7544.3,0.0,7544.3
1035-IPQPU,6479.4,105.99318,6585.393179321289
7398-LXGYX,3626.35,1263.2974,4889.64736328125
2823-LKABH,1679.4,2526.095,4205.494970703125
0550-DCXLH,931.55,2393.0361,3324.5861328125
9281-CEDRU,4326.25,238.0817,4564.331695556641
2235-DWLJU,263.05,839.1636,1102.21357421875
0871-OPBXW,39.25,742.4155,781.66552734375
3605-JISKB,3316.1,916.8866,4232.986596679688
9767-FFLEM,2625.25,324.80057,2950.050567626953
8456-QDAVC,1495.1,987.5614,2482.6614013671874
7750-EYXWZ,743.3,3189.2705,3932.5705078125
2569-WGERO,1419.4,0.0,1419.4
6840-RESVB,1990.5,3641.9685,5632.468505859375
2234-XADUH,7362.9,17.30471,7380.204710388183
4801-JZAZL,346.45,796.43805,1142.8880493164063
3186-AJIEK,6844.5,687.1899,7531.689880371094
