Customer_ID,Expected_Remaining_Lifetime,MonthlyCharges,Expected_Remaining_LTV
9237-HQITU,7.751069336494143,70.7,548.0006020901359
7469-LKBCI,55.22394529236094,18.95,1046.4937632902397
8191-XWSZG,16.327400442300476,20.65,337.1608191335048
8779-QRDMV,27.202775484797055,39.65,1078.5900479722031
1066-JKSGK,43.262725284641036,20.15,871.7439144855168
8773-HHUOZ,11.02108454274791,64.7,713.0641699157899
7310-EGVHZ,52.67095107467177,20.2,1063.9532117083697
3413-BMNZE,34.163600501587034,45.25,1545.9029226968132
6047-YHPVI,7.297734545076595,69.7,508.6520977918387
6572-ADKRS,4.441125346547693,74.8,332.19617592176746
7760-OYPDY,8.419424465763278,80.65,679.0265831638084
2273-QCKXA,28.923926336290805,49.05,1418.7185867950639
6416-JNVRK,20.103747742068876,55.65,1118.773561846133
5919-TMRGD,9.799637331857362,79.35,777.6012222828816
2424-WVHPL,21.58732294820191,74.7,1612.5730242306827
0278-YXOOG,39.95406904871223,21.05,841.0331534753924
3212-KXOCR,19.558457784249065,21.0,410.72761346923033
6380-ARCEH,43.27357988717393,20.2,874.1263137209133
6180-YBIQI,18.0253037966157,24.3,438.0148822577615
8402-OOOHJ,29.89494227543797,20.65,617.330557987794
2928-HLDBA,37.4796086069916,20.7,775.827898164726
3930-ZGWVE,43.175803617038596,19.75,852.7221214365122
8587-XYZSF,4.685022529292108,50.55,236.82788885571605
3091-FYHKI,18.85975578386342,35.45,668.5783425379583
2372-HWUHI,18.521290048811927,44.35,821.419213664809
6217-KDYWC,14.302487287305834,19.6,280.3287508311944
6837-BJYDQ,61.90335897923898,19.6,1213.3058359930842
2135-RXIHG,15.89110241099556,45.65,725.4288250619472
4482-EWFMI,7.60790707754291,69.7,530.2711233047409
3376-BMGFE,16.252239171195477,70.9,1152.2837572377593
5918-VUKWP,36.46490857905172,20.55,749.3538712995129
6582-OIVSP,18.613465917336228,45.3,843.1900060553311
8167-GJLRN,27.52429420893967,30.4,836.7385439517659
0956-SYCWG,51.51469866206204,19.65,1012.263828709519
3645-DEYGF,44.76062462544119,20.75,928.7829609779046
7018-WBJNK,15.955650507306007,78.3,1249.3274347220604
9142-KZXOP,4.513040003444124,68.85,310.72280423712795
1285-OKIPP,14.19921789083463,79.9,1134.517509477687
7841-TZDMQ,29.20756422514043,46.0,1343.5479543564597
4195-NZGTA,18.481513154412227,25.25,466.65820714890873
7157-SMCFK,10.54174518309182,19.75,208.19946736606343
6496-JDSSB,14.73497742154561,80.0,1178.7981937236489
9408-SSNVZ,6.748627860526479,70.15,473.41624441593257
5961-VUSRV,54.78514624292034,19.35,1060.0925798005087
7083-MIOPC,0.0,20.25,0.0
0621-JFHOL,58.487125094848246,29.6,1731.2189028075081
9227-UAQFT,54.58404186205931,19.75,1078.0348267756713
3675-YDUPJ,32.13959497953714,19.85,637.9709603438122
7273-TEFQD,25.997758133063385,41.15,1069.8077471755582
6323-AYBRX,12.437830915163369,19.35,240.6720282084112
4385-GZQXV,11.331161766887945,94.45,1070.2282288825663
6366-ZGQGL,32.92874043306829,24.8,816.6327627400937
5940-AHUHD,12.943288068517573,70.6,913.7961376373406
8645-KWHJO,25.767195197007553,55.0,1417.1957358354155
3808-HFKDE,6.159053189400812,44.35,273.154008949926
3580-REOAC,23.186300920988106,44.85,1039.9055963063165
4847-TAJYI,9.204901206159523,89.35,822.4579227703533
1563-IWQEX,32.519368322901684,19.7,640.6315559611631
8203-XJZRC,43.28443212913924,20.25,876.5097506150696
0895-LMRSF,39.17595379892089,64.9,2542.5194015499656
8266-VBFQL,23.010379564072775,90.4,2080.138312592179
1098-TDVUQ,48.247708838672466,19.25,928.768395144445
7563-BIUPC,8.104496175710395,80.6,653.2223917622578
3973-SKMLN,0.9527329436873397,19.9,18.95938557937806
8705-WZCYL,15.711705574437541,44.8,703.8844097348018
5804-LEPIM,8.841462761130009,70.35,621.996905245496
9498-FIMXL,55.13821417570301,19.2,1058.6537121734978
9639-BUJXT,7.144041622505932,20.5,146.45285326137162
5924-SNGKP,27.8440201481848,20.25,563.8414080007421
2034-GDRCN,10.09056822060909,90.4,912.1873671430617
6243-OZGFH,7.757870103325226,44.95,348.71626114446894
5160-UXJED,39.584682640950156,44.6,1765.476845786377
4115-NZRKS,8.737107999055034,89.15,778.9131781157563
4572-DVCGN,14.991043664441007,80.25,1203.0312540713908
9294-TDIPC,41.113346313650496,20.2,830.48959553574
5176-LMJXE,23.858930640664866,20.55,490.301024665663
3583-KRKMD,17.67846428726591,75.9,1341.7954394034828
1010-DIAUQ,31.427974818445385,96.5,3032.79956997998
7302-ZHMHP,41.424323322745884,19.15,793.2757916305836
6158-HDPXZ,21.016491502508273,25.35,532.7680595885847
5522-JBWMO,20.651583483440852,44.0,908.6696732713975
0224-RLWWD,14.984682665707885,44.3,663.8214420908593
9967-ATRFS,27.44124370739089,19.9,546.0807497770786
2519-ERQOJ,15.19097467308224,54.6,829.4272171502903
2277-AXSDC,36.43516520801538,19.75,719.5945128583037
9442-JTWDL,56.915791151404626,20.05,1141.1616125856629
5495-GPSRW,50.36393991073935,19.7,992.1696162415651
7606-BPHHN,0.0,19.8,0.0
4800-VHZKI,37.780477697870175,19.9,751.8315061876165
7989-CHGTL,39.425334822050914,19.6,772.736562512198
5564-NEMQO,26.607811643351447,75.3,2003.5682167443638
5605-IYGFG,14.311592269945143,69.85,999.6647200556681
2957-LOLHO,20.568411620107984,45.4,933.8058875529024
2320-SLKMB,25.056691312062526,44.45,1113.7699288211793
3577-AMVUX,36.05879873956989,55.05,1985.0368706133222
4110-PFEUZ,11.394505133579768,69.55,792.4878320404729
4719-UMSIY,40.15024709798115,19.65,788.9523554753296
2996-XAUVF,1.7242478714734486,40.05,69.05612725251162
8896-RAZCR,27.028529635357245,19.9,537.8677397436091
4933-IKULF,48.6051184954852,20.65,1003.6956969317694
3583-EKAPL,18.074062964892818,55.0,994.073463069105
0306-JAELE,17.134431722738466,96.1,1646.6188885551664
6227-HWPWX,14.677536973838174,69.0,1012.750051194834
4612-SSVHJ,4.509244079282776,81.45,367.2779302575821
6579-JPICP,43.31697468058841,20.4,883.6662834840034
1135-LMECX,41.58135851928853,19.85,825.3899666078773
7531-GQHME,43.74882248873642,20.05,877.1638908991653
4234-XTNEA,9.459483133264511,79.95,756.2856765044977
2866-IKBTM,41.514109647115525,19.55,811.6008436011085
8138-EALND,31.71424342184974,19.75,626.3563075815324
2654-VBVPB,51.38473351106662,19.9,1022.5561968702257
2501-XWWTZ,7.522692121254961,70.2,528.0929869120982
3716-UVSPD,24.021906922250817,49.3,1184.2800112669652
7319-VENRZ,42.38157533431921,64.3,2725.135293996725
5756-JYOJT,55.92318835862873,64.9,3629.4149244750047
8270-RKSAP,5.951876782666239,70.5,419.60731317796984
2640-LYMOV,38.555487848856934,19.65,757.6153362300387
2393-DIVAI,36.082158918568716,20.0,721.6431783713743
9244-ZVAPM,20.363221727229487,45.6,928.5629107616646
5839-SUYVZ,19.879532318718027,74.55,1482.0191343604288
5173-ZXXXL,62.90445256795359,19.95,1254.943828730674
8672-OAUPW,17.47445131662151,47.85,836.1524955003393
2804-ETQDK,5.704352045039644,20.55,117.22443452556469
6464-KEXXH,25.309786468061198,25.25,639.0721083185452
5148-HKFIR,50.519710186966456,19.7,995.2382906832391
1009-IRMNA,45.93951138651497,20.0,918.7902277302994
7665-VIGUD,55.20798701909748,20.35,1123.4825358386338
7954-MLBUN,39.7630107468779,99.45,3954.4314187770074
0970-ETWGE,11.840494646427956,89.55,1060.3162955876235
0887-HJGAR,16.66603845938803,45.7,761.6379575940331
3509-GWQGF,13.335773533338275,70.0,933.5041473336793
9576-ANLXO,16.590277539931694,69.55,1153.8538029022493
2024-BASKD,13.547136320846132,74.6,1010.6163695351214
4160-AMJTL,36.480686266267625,19.65,716.8454851321587
5183-SNMJQ,27.155962069937008,95.1,2582.5319928510094
5650-VDUDS,13.547164992104545,24.25,328.5187510585352
8095-WANWK,13.276934190225829,45.25,600.7812721077188
3030-ZKIWL,43.2410090022997,20.05,866.982230496109
2800-VEQXM,12.32295458926461,74.75,921.1408555475296
7538-GWHML,10.17960952407707,69.65,709.009803351968
5533-RJFTJ,6.773298917679664,30.2,204.55362731392586
3859-CVCET,16.655823747270123,45.65,760.3383540628811
0822-GAVAP,16.36007307669283,34.7,567.6945357612414
8040-MNRTF,11.673126560946201,71.1,829.9592984832749
1536-HBSWP,22.397697780841945,49.9,1117.645119264013
8262-COGGB,39.62203447132412,20.45,810.2706049385782
9620-QJREV,22.8896652735874,20.55,470.3826213722211
2682-KEVRP,42.75491183809761,20.05,857.2359823538571
6942-LBFDP,37.06092540715334,20.55,761.6020171170012
1029-QFBEN,43.13228633425344,19.55,843.2361978346548
1853-ARAAQ,20.893121068197562,50.35,1051.9686457837472
1589-AGTLK,14.504921673584407,45.35,657.7981978970529
6621-YOBKI,39.806058330812704,20.35,810.0532870320386
1635-FJFCC,24.686368911691524,44.05,1087.4345505600115
3966-HRMZA,17.364632602681244,75.05,1303.2156768312273
8405-IGQFX,6.540126186630093,90.05,588.9383631060398
3115-CZMZD,70.56896220268452,20.25,1429.0214846043614
5730-DBDSI,5.812015798025678,19.7,114.49671122110585
0030-FNXPP,39.81608842211157,19.85,790.3493551789147
4013-GUXND,43.40365067839991,20.8,902.7959341107182
1894-IGFSG,5.269040995007758,89.25,470.26190880444244
4718-DHSMV,11.23609054424959,35.8,402.2520414841353
7817-OMJNA,54.04489582187957,20.4,1102.5158747663431
8728-SKJLR,2.230521334314169,74.25,165.61620907282708
7706-DZNKK,42.11003174260145,20.45,861.1501491361996
3900-AQPHZ,41.592559068375785,19.9,827.691925460678
0322-CHQRU,18.747899742093832,45.35,850.2172533039553
4678-DVQEO,22.95052358399474,52.2,1198.0173310845255
4257-GAESD,32.42503671992775,45.0,1459.1266523967488
7382-DFJTU,33.88363860316471,55.2,1870.3768508946923
1820-TQVEV,9.243681286362827,69.55,642.8980334665346
4785-NKHCX,50.14411580087658,20.05,1005.3895218075754
6275-YDUVO,15.368946954355273,86.2,1324.8032274654247
0295-QVKPB,42.118287408963454,63.95,2693.464479803213
9231-ZJYAM,8.320922638564126,78.85,656.1047500507813
6982-SSHFK,20.084146886979415,44.4,891.736121781886
4625-LAMOB,27.479379866479164,20.4,560.5793492761749
3027-ZTDHO,11.904430282581673,89.9,1070.2082824040924
7695-PKLCZ,3.852434653758925,20.5,78.97491040205796
4795-UXVCJ,42.693288032922666,19.8,845.3271030518688
2732-ISEZX,34.55954765901895,20.5,708.4707270098885
1764-VUUMT,5.8374361519426,19.95,116.45685123125487
3050-GBUSH,28.191874690784275,34.8,981.0772392392927
3523-BRGUW,42.933421155919625,19.3,828.6150283092488
3908-BLSYF,15.191653542606593,83.9,1274.5797322246933
4661-NJEUX,39.529538464269216,20.05,792.5672462085978
2123-AGEEN,11.771634981147628,84.35,992.9374106598024
9227-LUNBG,18.335293428858677,24.6,451.04821834992345
1051-GEJLJ,40.61077535970742,19.5,791.9101195142946
5543-QDCRY,15.06461905538992,56.4,849.6445147239915
4694-PHWFW,37.03767284894067,19.95,738.9015733363664
5993-BQHEA,56.24654531835898,20.05,1127.7432336330976
8942-DBMHZ,34.14640772541421,20.45,698.2940379847205
0347-UBKUZ,30.317655330227367,19.9,603.3213410715246
0835-DUUIQ,44.38675363784452,21.05,934.3411640766273
7567-ECMCM,11.059081943119413,79.85,883.067693158085
4208-UFFGW,21.24938151272828,44.95,955.1596989971363
4378-BZYFP,47.402636923792855,20.5,971.7540569377535
9117-SHLZX,16.66603845938803,45.7,761.6379575940331
4541-RMRLG,37.14979154091169,19.25,715.1334871625501
7764-BDPEE,42.98289638910635,20.85,896.1933897128674
7294-TMAOP,13.781259118755116,90.55,1247.8930132032758
5875-YPQFJ,9.299035153332794,69.9,650.0025572179624
3318-ISQFQ,32.311458825945444,19.5,630.0734471059361
2604-XVDAM,22.23530144359525,43.8,973.9062032294719
3717-OFRTN,52.59680992743558,19.75,1038.7869960668527
9046-JBFWA,23.985178132427325,19.15,459.31616123598326
7277-KAMWT,58.214804699929665,20.0,1164.2960939985933
6641-XRPSU,5.013903078660579,70.0,350.97321550624054
3234-VKACU,31.297261871237506,70.3,2200.1975095479966
8357-EQXFO,12.541935207907342,95.35,1195.873522073965
8917-FAEMR,33.79679075011259,19.85,670.866296389735
7047-YXDMZ,27.365542964270624,20.0,547.3108592854124
6993-OHLXR,10.061252108997149,68.95,693.7233329153535
7426-RHZGU,26.518233936887164,95.9,2543.0986345474794
3748-FVMZZ,25.26583569497785,40.05,1011.8967195838628
9391-TTOYH,21.610338970860592,19.5,421.40160993178154
7147-AYBAA,1.0890826679289776,70.35,76.61696568880356
4145-UQXUQ,12.877123931701103,92.1,1185.9831141096715
4581-LNWUM,20.308495166086413,49.15,998.1625374131471
1236-WFCDV,21.824897080519484,90.45,1974.0619409329875
1915-OAKWD,51.27062284998394,19.3,989.52302100469
4026-SKKHW,23.59383672085918,50.25,1185.5902952231738
2829-HYVZP,36.26720339211827,19.8,718.0906271639418
8329-IBCTI,41.536534610301345,19.65,816.1929050924214
1271-SJBGZ,27.506128081530626,43.65,1200.6424907588118
5669-SRAIP,24.527598142572455,39.5,968.840126631612
3486-NPGST,30.425127924369804,19.55,594.8112509214296
6941-PMGEP,7.831545060777171,80.0,626.5236048621737
6166-ILMNY,21.079096449020827,69.75,1470.2669773192026
7771-ZONAT,49.11699024117614,56.75,2787.3891961867457
2111-DWYHN,43.468558011037,21.1,917.1865740328807
0301-KOBTQ,39.163610497693966,20.05,785.2303904787641
9878-TNQGW,10.656168335451142,80.95,862.6168267547699
4441-NIHPT,8.459553936791743,74.3,628.5448575036264
8999-BOHSE,20.45163580927468,89.7,1834.511732091939
5832-TRLPB,38.21685069407417,75.35,2879.6396997984884
7439-DKZTW,10.148857890770119,80.55,817.490503101533
8717-VCTXJ,24.571220803493574,19.55,480.3673667082994
1047-NNCBF,14.013206544012029,70.55,988.6317216800486
4081-DYXAV,42.98791987309517,44.85,1928.0082063083184
0927-LCSMG,14.832584045575272,74.65,1107.2523990021941
0098-BOWSO,19.68221775850036,19.4,381.835024514907
3156-QLHBO,43.537697737283025,19.25,838.1006814426983
1641-BYBTK,36.76246126587587,20.2,742.6017175706926
0841-NULXI,18.88246065236116,35.55,671.2714761914392
8992-CEUEN,40.547793538620326,18.85,764.3259082029932
4320-QMLLA,17.271960974006674,54.85,947.3670594242661
0621-CXBKL,18.19368502259986,18.7,340.22190992261733
6479-OAUSD,43.660203964362275,19.9,868.8380588908092
0107-WESLM,38.65103433898716,19.85,767.2230316288951
0125-LZQXK,17.492125173676865,101.35,1772.82688635215
4835-YSJMR,31.569576389630605,49.8,1572.164904203604
8399-YNDCH,23.132141834961363,60.05,1389.0851171894299
0080-OROZO,25.844912268072758,99.25,2565.107542606221
3916-NRPAP,33.329583680828115,85.7,2856.3453214469696
5232-NXPAY,23.852460447235362,74.45,1775.8156802966728
5542-NKVRU,29.241408023831763,20.75,606.7592164945091
6077-BDPXA,7.185401775850467,70.15,504.0559345759103
0013-MHZWF,35.139706608160026,69.4,2438.695638606306
5494-HECPR,8.923727123004912,80.25,716.1291016211442
4291-SHSBH,6.507939358481525,69.55,452.62718238239006
3055-MJDSB,12.438538240355438,24.6,305.9880407127438
2788-CJQAQ,52.28736459120838,19.45,1016.989241299003
2120-SMPEX,21.721349451803796,20.15,437.68519145384647
5552-ZNFSJ,19.466995014603967,45.3,881.8548741615597
2223-KAGMX,38.964978534338,19.4,755.9205835661572
2833-SLKDQ,20.235156575707574,45.05,911.5938037356261
7617-EYGLW,42.326344495289206,19.45,823.247400433375
2026-TGDHM,6.933988036354173,79.3,549.8652512828859
4030-VPZBD,22.600753002052073,30.9,698.363267763409
0723-VSOBE,17.432397456583494,34.2,596.1879930151556
5529-GIBVH,24.041443829662786,20.15,484.4350931677051
9531-NSBMR,31.98565435777157,19.25,615.7238463871028
6260-ONULR,19.420521134064185,62.8,1219.6087272192308
8985-OOPOS,65.87847111211357,74.1,4881.5947094076155
2616-FLVQC,7.611040223709281,19.55,148.79583637351647
5027-XWQHA,16.07711241739679,44.75,719.4507806785064
6729-GDNGC,13.710373474509176,80.7,1106.4271393928905
4945-RVMTE,16.067150780322894,59.55,956.7988289682283
9788-YTFGE,34.488986498223056,19.95,688.0552806395499
1725-MIMXW,40.86021829928612,19.45,794.7312459211149
7206-GZCDC,9.242774052185034,69.25,640.0621031138136
7537-RBWEA,15.63629595829722,25.15,393.25284335117504
1768-ZAIFU,16.506333960353736,25.2,415.95961580091415
4671-LXRDQ,15.820041343583965,45.0,711.9018604612784
6265-FRMTQ,40.29572764067147,20.4,822.032843869698
1934-SJVJK,43.262725284641036,20.15,871.7439144855168
9269-CQOOL,30.78088164483366,54.7,1683.7142259724012
2017-CCBLH,62.38372892716481,20.0,1247.6745785432963
5469-NUJUR,51.35297112695848,19.95,1024.4917739828215
5624-RYAMH,30.419596306922003,19.5,593.182127984979
9272-LSVYH,8.422883451039029,70.15,590.865274090388
2568-BRGYX,7.791173018904424,70.2,546.9403459270906
7596-IIWYC,44.03977338639769,20.25,891.8054110745533
6567-HOOPW,9.973460730139871,79.2,789.8980898270778
4291-HPAXL,44.57095231170916,19.85,884.733403387427
3164-AALRN,53.09345521696213,70.0,3716.541865187349
3717-OEAUQ,12.319233536941784,70.7,870.9698110617842
2592-YKDIF,41.69326602125969,20.35,848.4579635326347
8714-CTZJW,26.075822824082877,82.85,2160.3819209752664
7521-YXVZY,42.79522371328552,19.95,853.7647130800461
6240-EURKS,9.821781798995339,35.0,343.7623629648369
2373-NTKOD,14.995287040727153,66.25,993.4377664481739
7560-QRBXH,20.056010992545986,19.95,400.1174193012924
6896-SRVYQ,2.7076552580076227,73.85,199.96034080386292
9046-DQMTP,23.93546656532395,20.75,496.66093123047193
5777-KJIRB,20.67070563499534,50.25,1038.702958158516
0506-LVNGN,25.265546392331512,75.55,1908.8120299406457
2958-NHPPS,25.460497682771763,20.85,530.8513766857913
6806-YDEUL,48.000832945143756,19.5,936.0162424303032
7893-IXHRQ,42.56896705206981,20.55,874.7922729200346
4763-PGDPO,9.254671484806694,70.4,651.5288725303914
6979-TNDEU,35.529517969251465,19.2,682.1667450096281
5067-DGXLL,42.38355920849588,20.25,858.2670739720417
6281-FKEWS,18.846065903281445,49.05,924.3995325559548
8898-KASCD,26.5787351938288,35.55,944.8740361406137
9290-SHCMB,11.460204327367673,96.85,1109.9207891055592
8605-ITULD,41.514109647115525,19.55,811.6008436011085
3195-TQDZX,37.01146515909293,20.25,749.4821694716318
7041-TXQJH,13.43154767153772,40.2,539.9482163958164
5014-GSOUQ,57.553739175664454,19.95,1148.1970965545058
1769-GRUIK,3.1416761086972644,71.1,223.3731713283755
7427-AUFPY,17.6131468834647,19.65,346.09833626008134
1092-GANHU,7.4343408464872045,76.65,569.8422258832443
0661-XEYAN,17.41476943586272,25.8,449.30105144525817
5799-JRCZO,8.766380828988444,19.5,170.94442616527465
1925-GMVBW,48.92252017086987,20.55,1005.3577895113759
9327-QSDED,15.442409811958042,43.55,672.5169473107727
8096-LOIST,8.184992288639775,56.2,459.99656662155536
4881-GQJTW,41.94738445393408,19.6,822.168735297108
8519-QJGJD,9.69133329111313,75.35,730.2419634853743
2429-AYKKO,0.0,19.85,0.0
9798-OPFEM,24.787784992991536,21.1,523.0222633521214
7114-AEOZE,11.666410477838635,19.85,231.57824798509694
4237-RLAQD,16.698462751789684,45.85,765.6245171695571
9313-QOLTZ,23.950356561616893,20.9,500.562452137793
9818-XQCUV,40.80019235142473,20.35,830.2839143514932
3223-DWFIO,11.678300962036984,69.35,809.8901717172647
2812-SFXMJ,44.613171436704704,20.05,894.4940873059294
7675-OZCZG,18.048602109143182,45.0,812.1870949114432
5312-TSZVC,50.34443366250236,19.65,989.2681214681713
1205-WNWPJ,20.06817427044712,59.5,1194.0563690916035
8246-SHFGA,39.59286514902416,21.1,835.40945464441
6032-KRXXO,2.7105205240533516,90.25,244.62447729581498
7941-RCJOW,6.768016459846855,19.55,132.31472179000602
2387-KDZQY,47.37198550782117,20.1,952.1769087072056
3374-PZLXD,18.278072360296246,19.7,360.07802549783605
1478-VPOAD,17.480999205281076,43.8,765.6677651913111
2988-PLAHS,53.45159571771125,69.95,3738.939120453902
4999-IEZLT,4.594471778455041,29.45,135.30719387550096
4690-LLKUA,9.36252100823583,45.05,421.7815714210241
8580-AECUZ,11.209072917170772,79.1,886.6376677482081
2058-DCJBE,7.3048765456489,69.75,509.5151390590108
8388-DMKAE,62.388123187509535,20.25,1263.3594945470682
5047-LHVLY,26.40116130387483,50.15,1324.0182393893226
6311-UEUME,1.6547896323273208,78.9,130.56290199062562
0999-QXNSA,15.941337829975945,45.75,729.3162057213995
4735-BJKOU,30.86592563987285,20.15,621.9484016434378
0375-HVGXO,15.751737530628633,34.7,546.5852923128136
6223-DHJGV,24.229432460164936,20.65,500.3377803024059
6961-MJKBO,24.483138982601815,20.45,500.6801921942071
4854-CIDCF,16.321740777091843,73.85,1205.3605563882325
8640-SDGKB,32.23680293671871,74.4,2398.4181384918725
5515-RUGKN,26.966996215501325,54.75,1476.4430427986977
7279-NMVJC,50.81073761694563,19.9,1011.133678577218
8375-DKEBR,9.298124602861398,69.6,647.1494723591533
1015-OWJKI,43.023329061089385,19.05,819.5944186137529
7511-YMXVQ,14.913759579188971,45.4,677.0846848951793
7551-JOHTI,41.50289391808337,19.5,809.3064314026258
9804-ICWBG,9.299035153332794,69.9,650.0025572179624
4137-JOPHL,20.87453209573858,89.7,1872.4455289877508
0134-XWXCE,24.88736297162645,74.85,1862.8191184262398
5848-FHRFC,3.84057166117873,20.05,77.00346180663354
2243-FNMMI,27.977726446184562,19.4,542.7678930559805
6519-CFDBX,13.662112135393533,45.4,620.2598909468664
3055-VTCGS,6.941994935423967,58.55,406.45380346907325
7156-MHUGY,7.819904170628586,90.5,707.7013274418871
7198-GLXTC,12.187489901590345,79.0,962.8117022256372
0516-VRYBW,50.12950336076942,20.15,1010.1094927195037
8380-PEFPE,10.64608528551205,71.65,762.7920107069385
5687-DKDTV,39.070960697385345,20.35,795.0940501917918
3096-IZETN,16.907228956278754,78.1,1320.4545814853707
0839-QNXME,41.27387750712006,19.4,800.7132236381292
6650-VJONK,27.835758157746362,43.85,1220.597995217178
2178-PMGCJ,3.244443793602645,69.7,226.13773241410436
6910-HADCM,16.577093637985097,76.35,1265.661099260162
0817-HSUSE,34.99329611635843,75.5,2641.9938567850613
1663-MHLHE,43.05604080943623,19.2,826.6759835411757
7321-KKSDU,38.89283259480243,20.5,797.3030681934498
8080-DDEMJ,21.193931880927988,45.1,955.8463278298523
6365-MTGZX,8.460250009440301,96.0,812.1840009062689
1349-WXNGG,52.64626251354743,20.05,1055.557563396626
7369-TRPFD,46.583923898220306,18.8,875.7777692865418
7190-XHTWJ,28.60269521516723,19.3,552.0320176527275
0621-TWIEM,10.937487700059874,45.55,498.20256473772724
3669-OYSJI,34.16651282879336,46.2,1578.4928926902533
1612-EOHDH,17.779594922261207,45.15,802.7487107400934
7054-LGEQW,18.760513805149976,45.95,862.0456093466415
3961-SXAXY,27.88544476958169,44.05,1228.3538421000733
3566-HJGPK,16.633641207590212,45.55,757.6623570057342
0463-WZZKO,49.23472668001323,20.75,1021.6205786102746
3494-JCHRQ,9.322820051579336,70.05,653.0635446131325
4193-ORFCL,20.31528378978421,45.1,916.2192989192679
6689-TCZHQ,11.708784262272491,78.95,924.4085175064132
5777-ZPQNC,52.4970598213836,20.15,1057.8157554008794
3318-NMQXL,11.082775061671088,92.0,1019.6153056737401
8232-UTFOZ,2.8815162146330584,19.95,57.486248481929515
3221-CJMSG,21.94821633146609,51.1,1121.5538545379172
3946-MHCZW,27.207271976938483,50.9,1384.8501436261688
2792-VPPET,37.06922814852432,20.5,759.9191770447485
3247-MHJKM,43.27357988717393,20.2,874.1263137209133
1964-SVLEA,44.557303213981434,19.7,877.7788733154342
7297-DVYGA,18.239119061143054,19.85,362.04651336368966
7243-LCGGZ,41.81611174210553,20.9,873.9567354100054
8267-KFGYD,41.22195436474953,21.05,867.7221393779776
9261-WDCAF,21.181227340712066,54.65,1157.5540741699144
3764-MNMOI,25.49926979127128,19.2,489.58597999240857
0420-BWTPW,17.887319699036404,25.5,456.12665232542827
8183-ONMXC,12.288208226268901,80.75,992.2728142712137
7967-HYCDE,19.03120477449945,70.7,1345.5061775571112
4425-OWHWB,47.456300540481486,19.35,918.2794154583169
4703-MQYKT,49.64474186159376,19.6,973.0369404872378
3190-FZATL,33.73872884349469,19.95,673.0876404277191
8022-BECSI,43.824216144510395,19.6,858.9546364324038
8000-REIQB,9.353677049360744,69.95,654.2897096027841
7020-OZKXZ,26.309742641480153,75.5,1986.3855694317515
3977-QCRSL,38.18875567390046,20.15,769.5034268290942
1447-PJGGA,12.915341714921848,95.25,1230.186298346306
8086-OVPWV,10.526034045827814,80.2,844.1879304753907
7328-OWMOM,37.86363073229844,20.1,761.0589777191987
7065-YUNRY,15.034955596151482,45.3,681.0834885056621
8272-ONJLV,43.846051872002015,95.7,4196.067164150593
4452-ROHMO,55.451429487600834,19.6,1086.8480179569765
8305-VHZBZ,39.56423879377861,20.2,799.1976236343278
8309-IEYJD,10.039922591444572,70.6,708.8185349559867
3546-GHEAE,63.490856941649206,19.45,1234.897167515077
6557-BZXLQ,6.921646495329293,69.65,482.0926783996853
2550-QHZGP,58.02571329015455,19.5,1131.5014091580138
2538-OIMXF,20.64956713068318,24.7,510.04430812787456
9961-JBNMK,18.913983269287566,96.8,1830.8735804670364
5986-WWXDV,30.227753622452227,19.35,584.9070325944506
3061-BCKYI,32.498496808652966,19.9,646.720086492194
7228-PAQPD,51.3108818521588,59.1,3032.4731174625854
3177-LASXD,11.08031917907068,71.35,790.5807734266929
4897-QSUYC,37.839632343188825,20.15,762.4685917152548
1084-UQCHV,25.159020230732423,69.75,1754.8416610935865
8957-THMOA,21.554205541864672,20.15,434.3172416685731
1057-FOGLZ,28.102901400028948,19.65,552.2220125105688
9300-RENDD,10.048953935481514,79.95,803.413867141747
0761-AETCS,40.65026146913703,19.3,784.5500463543447
8087-LGYHQ,12.705692793036205,94.05,1194.970407185055
0842-IWYCP,5.8869269641805495,44.95,264.61736703991573
3744-ZBHON,39.097417848531755,20.2,789.7678405403415
0673-IGUQO,43.32781746924992,20.45,886.0538672461608
5858-EAFCZ,20.095749809451956,44.45,893.2560790301395
8051-HJRLT,9.449379113068712,70.55,666.6536964269976
8974-OVACP,41.64852917762546,20.15,839.2178629291531
8160-HOWOX,14.16200393001219,66.85,946.7299627213148
1763-WQFUK,23.65411003231199,50.5,1194.5325566317556
1391-UBDAR,11.797109965932274,72.9,860.0093165164628
2023-VQFDL,28.686981012445887,19.0,545.0526392364718
1345-GKDZZ,40.12974571232239,19.55,784.5365286759028
4335-UPJSI,46.673844485477524,19.75,921.8084285881811
2737-YNGYW,12.250612766829867,80.55,986.7868583681458
5159-YFPKQ,12.440905731299916,75.8,943.0206544325335
5039-LZRQT,51.821730809424935,20.2,1046.7989623503836
3995-WFCSM,26.33959857062374,60.85,1602.7645730224544
1895-QTKDO,31.808489945069923,43.95,1397.9831330858233
2038-OEQZH,18.458425813265926,86.05,1588.347541231533
1178-PZGAB,49.18027296976305,20.25,995.9005276377018
7927-AUXBZ,6.082544436859514,85.15,517.9286587985877
7311-MQJCH,59.1305343060321,19.55,1156.0019456829275
6844-DZKRF,37.89160468868235,50.2,1902.158555371854
3689-MOZGR,8.723371480568531,31.2,272.16919019373813
3988-RQIXO,12.216598106241685,91.3,1115.375407099866
6922-NCEDI,12.801830375316577,21.2,271.3988039567114
2514-GINMM,9.974410606395542,79.5,792.9656432084456
8076-FEZKJ,55.14854176889692,19.5,1075.39656449349
1302-UHBDD,7.872631617670853,89.95,708.1432140094932
2482-CZGBB,5.588451368410704,70.0,391.1915957887493
3420-ZDBMA,9.2861127978886,71.45,663.4927594091405
1393-IMKZG,18.11067811477962,95.85,1735.9084973016265
0362-RAOQO,31.3791932386827,19.65,616.601147140115
5527-ACHSO,23.897017709788567,70.5,1684.739748540094
0829-DDVLK,53.0369153759447,20.1,1066.0419990564885
1399-UBQIU,18.87689746562438,69.35,1309.1128392410508
9030-QGZNL,62.39862157470199,20.85,1301.0112598325366
6204-IEUXJ,37.59116325366016,80.1,3011.0521766181787
4529-CKBCL,8.351385320663029,80.2,669.7811027171749
7205-BAIAD,31.20812701514682,20.6,642.8874165120246
0151-ONTOV,11.636964054708859,70.9,825.0607514788582
4140-MUHUG,14.437445094119052,86.85,1253.8921064242397
0093-EXYQL,1.3598338862339077,91.55,124.49279228471424
8064-RAVOH,23.584323571602926,49.85,1175.678530044406
6140-QNRQQ,10.149080475796403,71.55,726.1667080432326
2672-DZUOY,16.432330932739777,25.15,413.2731229584054
4706-DGAHW,21.217533941477793,45.2,959.0325341547963
7245-NIIWQ,7.143719186811562,69.85,498.9887851987875
8499-BRXTD,47.60811882268075,20.1,956.9231883358832
9367-OIUXP,40.73081180987451,20.7,843.1278044644023
1306-RPWXZ,22.542029340861156,20.45,460.9845000206106
7874-ECPQJ,46.85581930660118,20.05,939.4591770973536
3981-QSVQI,43.428885812750025,19.7,855.5490505111754
2789-HQBOU,9.99686368640007,80.35,803.2479972022456
3450-WXOAT,5.680473101393408,45.2,256.7573841829821
5103-MHMHY,20.23213629583486,45.95,929.6666627936119
4373-VVHQL,15.701181575770903,44.75,702.6278755157479
1846-XWOQN,9.385511896386102,70.15,658.3936595314851
0235-KGSLC,27.570692587327596,85.55,2358.6727508458757
9101-NTIXF,42.19964022371036,19.4,818.6730203399809
7649-PHJVR,54.19354739898716,19.5,1056.7741742802496
9822-OAOVB,16.56573684657318,55.45,918.5701081424829
3722-WPXTK,11.622732181934024,88.35,1026.868388273871
7623-HKYRK,40.16049430233479,19.7,791.1617377559953
2450-ZKEED,54.84946697031664,53.8,2950.901323003035
3893-JRNFS,0.610736833912495,39.9,24.36839967310855
9603-OAIHC,10.578756389302129,70.05,741.0418850706141
1133-KXCGE,47.11327827246488,20.1,946.9768932765442
0142-GVYSN,20.479797887595584,20.3,415.73989711819036
7854-FOKSF,22.840262470571115,35.9,819.965422693503
8263-JQAIK,18.026090732287674,24.45,440.73791840443363
9481-SFCQY,27.404537370033907,59.8,1638.7913347280276
9050-IKDZA,13.410466213878909,81.5,1092.9529964311312
1475-VWVDO,10.979320864834328,74.9,822.3511327760913
7140-ADSMJ,44.70729653616426,20.45,914.264214164559
7706-YLMQA,1.5862274719211018,19.7,31.248681196845705
1740-CSDJP,31.593913158479932,35.25,1113.6854388364177
4716-MRVEN,36.87359849214487,20.0,737.4719698428975
7878-JGDKK,18.02914086308591,44.55,803.1982254504773
4701-MLJPN,12.454088709465593,55.25,688.088401197974
2333-KWEWW,53.24634635505052,20.05,1067.589244418763
5186-SAMNZ,21.397107600130795,69.5,1487.0989782090903
0784-ZQJZX,0.0,19.9,0.0
5766-ZJYBB,43.09962373456972,19.4,836.1327004506525
4277-PVRAN,14.755527971738928,80.1,1181.917790536288
0722-SVSFK,20.366862196290207,100.4,2044.8329645075369
9825-YCXWZ,25.468268115125614,101.1,2574.8419064391996
4826-DXMUP,28.28586301510354,72.1,2039.4107233889652
9796-BPKIW,18.36792016877104,69.95,1284.8360158055343
0188-GWFLE,42.34034468045636,20.05,848.9239108431501
2882-DDZPG,41.5043323034879,19.45,807.2592633028396
9137-NOQKA,43.02546804010081,19.2,826.0889863699356
5843-TTHGI,11.75774792354969,50.0,587.8873961774846
4061-UKJWL,18.891319805022178,45.45,858.610485138258
5380-XPJNZ,28.64305079198921,20.05,574.2931683793837
4074-SJFFA,17.189968689151097,54.75,941.1507857310226
5186-PEIZU,22.9267461058495,19.25,441.33986253760287
4361-FEBGN,23.53154696085624,20.15,474.1606712612532
0380-ZCSBI,45.49933025165655,20.0,909.986605033131
9624-EGDEQ,33.796137709578,19.8,669.1635266496444
5849-ASHZJ,41.95256451330757,20.05,841.1489184918169
5780-INQIK,21.318062680683553,49.4,1053.1122964257675
3750-RNQKR,32.468217276481894,19.45,631.5068260275729
8325-QRPZR,9.741715508819231,75.15,732.0899204877653
2262-SLNVK,10.861895288027474,70.1,761.4188596907259
1790-NESIO,57.13464169557574,20.4,1165.546690589745
5539-TMZLF,10.527496428762054,69.75,734.2928759061533
5202-IVJNU,13.920469113268995,30.1,419.00612030939675
4588-YBNIB,37.70943794953255,19.6,739.104983810838
5028-GZLDO,24.670453072594025,70.7,1744.2010322323977
8562-GHPPI,52.49862225841927,19.8,1039.4727207167016
4986-MXSFP,36.93159913904976,20.0,738.6319827809951
4873-ILOLJ,3.9444377999173463,90.35,356.3799552225322
4727-MCYZG,22.88479895950793,55.55,1271.2505822006653
4328-VUFWD,24.256732457097907,59.3,1438.4242347059057
8348-HFYIV,25.55457499039957,49.25,1258.5628182771788
6849-WLEYG,44.549827845390936,19.75,879.859099946471
2150-OEGBV,41.50219337904116,20.1,834.1940869187274
1855-CFULU,40.654991270155726,20.05,815.1325749666223
1872-EBWSC,36.89518469767355,20.35,750.8170085976568
2608-BHKFN,17.526246150927975,70.05,1227.7135428725046
7026-YMSBE,36.365821183619374,19.7,716.4066773173016
5213-TWWJU,12.91398368267378,91.0,1175.172515123314
3976-HXHCE,0.0,19.3,0.0
8150-QUDFX,42.29709285083667,19.85,839.597293089108
2346-DJQTB,4.159271485903509,24.15,100.44640638456974
1942-OQFRW,19.169336116739856,44.0,843.4507891365537
7938-OUHIO,24.42363172090571,98.7,2410.6124508533935
5996-DAOQL,39.62203447132412,20.45,810.2706049385782
8225-BTJAU,8.004945458643435,79.25,634.3919275974922
1866-ZSLJM,36.13757226254316,20.5,740.8202313821348
4236-UJPWO,17.595558237531606,24.5,431.0911768195243
9392-XBGTD,43.82526366983273,20.6,902.8004315985543
9929-PLVPA,50.82829213623626,20.4,1036.8971595792195
2371-JUNGC,34.88900134090078,20.25,706.5022771532408
0415-MOSGF,18.41057771249749,44.4,817.4296504348885
1724-BQUHA,10.961452306254001,89.5,981.0499814097332
8295-FHIVV,34.36702857095996,19.4,666.7203542766232
2495-INZWQ,17.625342489387236,44.55,785.2090079022013
1179-INLAT,60.58768123412792,19.45,1178.430400003788
5624-BQSSA,41.82726635810959,20.95,876.2812302023959
2439-QKJUL,39.78487802457549,20.25,805.6437799976537
1194-SPVSP,52.580303369319246,19.65,1033.202961207123
9534-NSXEM,42.099571912559995,20.65,869.3561599943638
2408-WITXK,13.410376343785998,34.7,465.3400591293742
8929-KSWIH,45.67220549246075,99.3,4535.250005401352
9506-UXUSK,4.7886266389592755,70.15,335.92215872299323
1429-UYJSV,52.73146737511347,19.7,1038.8099072897353
5577-OTWWW,39.01964365036205,19.75,770.6379620946504
9375-MHRRS,25.366136790521423,50.05,1269.5751463655972
4860-YZGZM,34.90040118471914,20.0,698.0080236943829
7295-JOMMD,35.939664674227934,98.1,3525.6811045417603
7209-JCUDS,12.396175966340394,94.9,1176.3970992057034
7009-PCARS,15.24466826690462,19.1,291.1731638978783
1985-MBRYP,28.249659918554695,19.65,555.1058173995997
1015-JPFYW,58.46720639029272,19.45,1137.1871642911935
0772-GYEQQ,22.62774848199211,88.35,1999.161578384003
8559-WNQZS,69.47161081174198,20.45,1420.6944411001234
3999-QGRJH,7.217565864352021,69.7,503.06434074533587
2002-MZHWP,41.726795705765994,20.5,855.3993119682029
3097-FQTVJ,29.887124872734457,20.0,597.7424974546891
9743-DQKQW,18.690183453076656,25.1,469.1236046722241
6838-HVLXG,32.64195325414895,20.3,662.6316510592237
2004-OCQXK,10.180034925068918,81.95,834.2538621093979
4146-SVFUD,20.130571834736948,44.6,897.8235038292679
7244-KXYZN,44.37412201103653,20.45,907.450795125697
2672-HUYVI,8.270529439892307,91.1,753.4452319741891
6746-WAUWT,48.76679964897435,19.7,960.7059530847946
2187-PKZAY,15.386366450078631,79.95,1230.1399976837865
6652-YFFJO,11.815340662625319,64.9,766.8156090043833
5696-QURRL,16.525846473457715,45.05,744.48938362927
7409-KIUTL,10.585091096583524,71.0,751.5414678574302
0495-RVCBF,9.807736732771955,79.7,781.6766176019248
2668-TZSPS,43.32781746924992,20.45,886.0538672461608
9522-ZSINC,50.81063020023303,19.95,1013.6720724946489
2115-BFTIW,4.245365818362802,70.95,301.20870481284084
9747-DDZOS,28.37300651308929,73.5,2085.415978712063
0484-FFVBJ,31.19947431273747,64.85,2023.2859091810246
5542-TBBWB,9.299035153332794,69.9,650.0025572179624
5310-NOOVA,25.051554598887215,19.95,499.77851424779993
3345-JHUEO,36.16437122248261,20.2,730.5202986941487
2576-HXMPA,52.45716883746928,19.55,1025.5376507725246
8648-PFRMP,12.717161965187579,46.35,589.4404570864443
2815-CPTUL,9.089996305933763,70.25,638.5722404918469
3043-TYBNO,30.329528854240678,60.65,1839.485925009697
5906-BFOZT,39.402157630400495,19.5,768.3420737928096
8996-ZROXE,10.712528772538352,53.5,573.1202893308018
0397-ZXWQF,4.833553973624783,20.5,99.08785645930804
3308-MHOOC,40.80350314477276,19.2,783.427260379637
2309-OSFEU,13.900125407168026,33.9,471.2142513029961
2209-XADXF,31.228678394406018,25.25,788.524129458752
4568-TTZRT,36.510108590777186,20.4,744.8062152518545
0516-QREYC,22.462838729310484,20.3,455.99562620500285
8084-OIVBS,53.702424532906704,20.0,1074.0484906581341
4484-CGXFK,15.190864079740146,55.3,840.05478360963
6377-KSLXC,39.72128343092414,19.95,792.4396044469365
1796-JANOW,40.71113224479401,19.95,812.1870882836405
8735-NBLWT,37.804577511433216,20.4,771.2133812332376
1614-JBEBI,32.241974748092446,20.7,667.4088772855137
1761-AEZZR,9.982676900127712,79.55,794.1219474051595
5696-EXCYS,54.23472815131159,19.45,1054.8654625430104
8512-WIWYV,36.94247166744982,20.35,751.7792984326039
3677-IYRBF,22.207441961638636,30.4,675.1062356338145
5692-FPTAH,15.055587983138466,45.4,683.5236944344863
1728-BQDMA,16.915484463006667,44.45,751.8932843806464
0268-QKIWO,38.99641952904486,19.75,770.1792856986359
0876-WDUUZ,28.06741571696552,85.4,2396.9573022288555
7855-DIWPO,2.4856663256044946,68.65,170.64099325274856
5133-POWUA,16.68765165372633,45.8,764.2944457406659
1784-BXEFA,30.702742527994936,20.55,630.9413589502959
1777-JYQPJ,20.02536235223249,24.3,486.6163051592496
6376-GAHQE,10.851962633285655,77.85,844.8252910012882
8631-XVRZL,54.89487264507723,20.15,1106.131683798306
2386-LAHRK,17.18197354375719,53.5,919.2355845910098
6032-IGALN,15.625795022867255,25.1,392.2074550739681
0315-LVCRK,14.218068963593018,84.8,1205.6922481126878
2410-CIYFZ,43.7794711488051,20.4,893.101211435624
5505-OVWQW,48.05357062788286,20.15,968.2794481518396
9174-FKWZE,38.62626739268905,19.45,751.280900787802
4429-WYGFR,21.985174363176096,49.15,1080.5713199501051
2817-LVCPP,21.51788061265262,19.4,417.44688388546075
6569-KTMDU,41.41309032660236,19.1,790.9900252381051
0867-LDTTC,46.24936313789146,75.15,3475.6396398125435
2122-SZZZD,25.524753407420224,19.5,497.73269144469435
8679-JOEVF,19.174877951498452,59.4,1138.987750319008
6692-YQHXC,12.693808106775167,69.95,887.931877068923
5222-JCXZT,40.36745338530565,19.0,766.9816143208074
2739-CCZMB,51.01046909138331,20.35,1038.0630460096504
2468-SJFLM,16.80946177873105,74.3,1248.9430101597168
3884-HCSWG,3.2221611645723334,70.0,225.55128152006333
5077-DXTCG,14.306521175617807,45.3,648.0854092554866
1142-WACZW,40.74789061704436,29.85,1216.3245349187744
7901-HXJVA,11.138299636622353,76.45,851.523007219779
4892-VLANZ,43.18667706415167,19.8,855.096205870203
7968-QUXNS,38.670322618590205,18.95,732.8026136222844
3629-WEAAM,30.98287890105133,64.1,1986.00253755739
6029-CSMJE,9.297991195914904,25.65,238.49347417521727
4962-CHQPW,37.66240027011461,19.85,747.5986453617751
9467-ROOLM,23.115057603292044,19.05,440.34184734271344
3030-YZADT,15.194356474831803,44.95,682.9863235436897
1345-ZUKID,51.331973024368054,19.35,993.273678021522
4893-GYUJU,17.330602357452797,19.35,335.34715561671163
8908-SLFCJ,50.056468224761616,20.85,1043.6773624862797
3721-WKIIL,43.35020613616566,19.6,849.664040268847
6734-CKRSM,39.84931773343453,20.0,796.9863546686906
9907-SWKKF,21.01513871806686,25.05,526.429224887575
1231-YNDEK,13.579967024389324,19.15,260.05636851705555
4393-OBCRR,61.40149904419264,20.25,1243.3803556449009
5501-TVMGM,18.12993971894885,55.25,1001.6791694719241
6772-WFQRD,28.803976961355495,20.4,587.6011300116521
6972-SNKKW,37.32817878059187,20.0,746.5635756118375
3694-GLTJM,45.940586676991956,19.65,902.7325282028919
4359-INNWN,51.101786200363456,20.05,1024.5908133172873
3594-IVHJZ,37.03742618303217,20.45,757.4153654430078
5960-MVTUK,23.344616044692017,29.75,694.5023273295875
6817-WTYHE,31.364444596949827,44.9,1408.2635624030472
0750-EKNGL,38.21660723282171,20.75,792.9946000810504
3890-RTCMS,15.586294099900208,49.45,770.7422432400654
3148-BLQJT,43.25186832264697,20.1,869.3625532852042
3717-FDJFU,65.5947561744746,20.45,1341.4127637680056
8806-EAGWC,19.872045509031267,55.15,1095.9433098230743
7365-BVCJH,16.271608134800044,24.4,397.02723848912103
9620-ENEJV,20.10632846550049,70.55,1418.5014732410596
6818-DJXAA,17.76946169062991,91.1,1618.7979600163846
7112-OPOTK,2.1447926014778096,68.25,146.3820950508605
4210-QFJMF,8.136640738593842,79.15,644.0151144597027
2229-VWQJH,18.745036641106523,49.3,924.1303064065515
1336-EZFZY,39.00501554631312,20.05,782.0505617035781
2636-ALXXZ,9.298124602861398,69.6,647.1494723591533
6061-PQHMK,43.39174072484631,19.9,863.4956404244415
9885-CSMWE,12.779813902616304,78.45,1002.5764006602491
9122-UMROB,43.29528200943202,20.3,878.89422479147
4232-JGKIY,42.27105004074498,19.2,811.6041607823037
5016-ETTFF,21.25679404177724,29.5,627.0754242324286
4203-QGNZA,22.290054511945396,20.25,451.37360386689426
5043-TRZWM,16.405022266386315,75.55,1239.399432225486
1640-PLFMP,8.234716780376361,70.25,578.4888538214394
7593-XFKDI,20.526588945734147,46.3,950.381068187491
4573-JKNAE,59.20123487411718,19.35,1145.5438948141675
1513-XNPPH,16.24327612195237,89.4,1452.1488853025419
1125-SNVCK,2.1007894142915893,43.8,92.0145763459716
4616-EWBNJ,51.78290338414024,20.1,1040.836358021219
7663-RGWBC,16.332582293457516,44.15,721.0835082561493
3891-PUQOD,28.323219582149786,59.2,1676.7345992632675
3623-FQBOX,24.357354402223724,19.95,485.92922032436326
0689-NKYLF,8.962079820436534,83.2,745.6450410603196
3865-ZFZIB,51.61946705541224,19.65,1014.3225276388504
0396-HUJBP,40.56611671847235,19.3,782.9260526665164
3530-CRZSB,36.64900456003523,20.65,756.8019441647275
9617-INGJY,9.991167793942813,70.6,705.3764462523625
7234-KMNRQ,40.36745338530565,19.0,766.9816143208074
4299-OPXEJ,15.50112942360504,19.55,303.04708023147856
9618-LFJRU,49.81589324394339,20.45,1018.7350168386423
6447-EGDIV,35.087076025683004,20.95,735.074242738059
4918-QLLIW,32.91809183132641,53.4,1757.82610379283
4112-LUEIZ,7.586138380836771,89.5,678.959385084891
4510-HIMLV,9.283199155240375,69.8,647.9673010357782
4450-DLLMH,20.84847304376957,71.3,1486.4961280207704
0428-AXXLJ,42.719547193064855,19.5,833.0311702647647
0468-YRPXN,19.71112129110889,98.8,1947.4587835615582
8950-MTZNV,16.50432387068232,44.95,741.8693579871704
7274-RTAPZ,12.023670703799114,90.55,1088.7433822290097
8566-YPRGL,37.68574496537764,19.5,734.872026824864
0311-UNPFF,8.640865799732845,88.8,767.3088830162766
2831-EBWRN,14.021007730146472,45.9,643.5642548137231
8414-MYSHR,11.305913671317034,91.4,1033.360509558377
9402-ORRAH,6.306108809350105,91.5,577.0089560555347
1293-HHSHJ,31.423662660598207,21.1,663.0392821386222
8229-TNIQA,13.153500748059287,45.3,595.8535838870856
2828-SLQPF,16.566473353445716,45.0,745.4913009050572
5968-VXZLG,27.706718303960773,46.6,1291.1330729645722
0426-TIRNE,41.81611174210553,20.9,873.9567354100054
1335-NTIUC,11.830478988567739,24.95,295.17045076476506
4558-CGYCZ,40.52808112511077,19.75,800.4296022209378
8710-YGLWG,16.49356712741966,44.9,740.5611640211426
7587-RZNME,14.087113705957012,43.3,609.9720234679386
8393-JMVMB,43.11051361198308,19.45,838.4994897530709
9026-RNUJS,25.022217475437373,50.35,1259.8686498882716
2332-EFBJY,27.73173502765793,19.7,546.3151800448612
4311-QTTAI,52.03849518639328,19.35,1006.94488185671
9474-PHLYD,14.32152338911607,59.45,851.4145654829504
4318-RAJVY,53.30096908110628,19.8,1055.3591878059044
2219-MVUSO,12.447687515955964,45.15,562.0130913454118
0963-ZBDRN,5.746488396284688,96.2,552.812183722587
7594-RQHXR,10.872243173077896,79.6,865.4305565770005
1077-HUUJM,6.587128520313374,71.05,468.01548136826517
5171-EPLKN,44.30968201611894,19.85,879.547188019961
4452-QIIEB,16.080677729586252,43.9,705.9417523288365
9847-HNVGP,48.53976374918887,19.95,968.368286796318
8980-WQFWL,6.466939959181179,62.1,401.5969714651512
1730-ZMAME,2.0403918077948506,79.5,162.2111487196906
4634-JLRJT,37.886926341771364,20.35,770.9989510550473
9501-UKKNL,1.9532712769489684,51.7,100.98412501826168
0260-ZDLGK,28.714868381499155,72.9,2093.3139050112886
6357-JJPQT,7.891024404233256,80.5,635.2274645407771
6128-CZOMY,14.377088405415593,45.65,656.3140857072218
9540-JYROE,6.706282546910373,70.1,470.1104065384171
2260-USTRB,19.113389696986946,70.2,1341.7599567284838
6185-TASNN,21.477663420244163,46.3,994.4158163573047
1501-SGHBW,19.680751710500196,45.85,902.3624659264341
1925-LFCZZ,13.64620276981453,50.05,682.9924486292172
3243-ZHOHY,48.987759271452106,20.1,984.6539613561874
9986-BONCE,48.78991225803593,20.95,1022.1486618058527
3878-AVSOQ,9.561779850400702,71.25,681.27681434105
6319-QSUSR,44.43722038589375,19.7,875.4132416021068
4083-EUGRJ,36.47938793472341,20.25,738.7076056781491
0487-CRLZF,22.23878775588321,74.45,1655.677748425505
1991-VOPLL,34.704525376161776,19.05,661.1212084158818
9738-QLWTP,23.638329340039295,81.9,1935.9791729492183
1016-DJTSV,7.217565864352021,69.7,503.06434074533587
0612-RTZZA,20.225699908024787,25.25,510.6989226776259
3604-WLABM,26.346367510855575,54.25,1429.290437463915
2259-OUUSZ,58.84102823574728,35.5,2088.8565023690285
1142-IHLOO,14.163600210421006,87.55,1240.023198422359
6410-LEFEN,13.044760443080996,45.15,588.970934005107
4633-MKHYU,7.2293431666761405,88.4,639.0739359341709
6257-RJOHI,23.00789542909159,50.8,1168.8010877978527
7825-GKXMW,17.92408295262518,45.8,820.9229992302332
9753-OYLBX,41.726795705765994,20.5,855.3993119682029
6656-JWRQX,28.23193821955142,30.55,862.4857126072959
1240-KNSEZ,39.54110714721962,20.1,794.7762536591144
3716-BDVDB,9.172808909966223,69.1,633.841095678666
9488-HGMJH,9.545673306960728,71.15,679.1746557902559
5616-PRTNT,25.460365549749522,19.4,493.9310916651407
9483-GCPWE,56.583958571282274,20.1,1137.3375672827738
6698-OXETB,59.54082220275303,20.4,1214.6327729361617
5288-AHOUP,7.5325005067526725,78.5,591.3012897800847
0655-YDGFJ,18.533458179992547,48.95,907.2127779106352
6823-SIDFQ,40.71313547010507,18.25,743.0147223294176
2839-RFSQE,40.8668968122369,20.65,843.9014191726919
0968-GSIKN,8.854583371513295,70.8,626.9045027031412
3635-QQRQD,9.702407368592318,20.05,194.533267740276
2897-DOVND,8.710227967980815,69.8,607.9739121650608
2926-JEJJC,58.697235716208034,20.2,1185.6841614674022
4950-BDEUX,10.090678367982225,49.2,496.46137570472547
1816-FLZDK,29.70487447611847,29.15,865.8970909788534
7096-UCLNH,43.2410090022997,20.05,866.982230496109
9136-ALYBR,17.054443657680675,24.45,416.9811474302925
4615-PIVVU,29.269293306264103,66.5,1946.4080048665628
8617-ENBDS,26.188577325064177,73.6,1927.4792911247232
5960-WPXQM,9.900197490836343,79.05,782.6106116506129
8260-NGFNY,19.28165756376542,25.2,485.89777060688857
8873-TMKGR,37.258875452203554,19.1,711.644521137088
2386-OWURY,0.6739188168250948,95.3,64.22446324343153
0310-VQXAM,36.397374679716954,19.85,722.4878873923816
6598-RFFVI,66.01506439985911,19.3,1274.090742917281
3453-RTHJQ,6.81942371971652,69.1,471.2221790324115
6712-OAWRH,3.6244625343841563,91.25,330.73220626255426
6278-FEPBZ,34.95789290153773,20.25,707.8973312561391
1508-DFXCU,5.750469108052171,81.45,468.3757088508493
7698-YFGEZ,43.23014732470874,20.0,864.6029464941748
8644-XLFBW,10.85458513340024,71.65,777.7310248081272
9602-WCXPI,19.92764719622837,20.15,401.54209100400163
8573-JGCZW,50.373438192800656,19.65,989.8380604885328
9504-YAZWB,18.207080207300198,20.25,368.69337419782903
6402-EJMWF,16.90069506298458,55.3,934.6084369830471
6870-ECSHE,62.390741196866344,20.45,1275.8906574759167
0004-TLHLJ,12.312120446089729,73.9,909.865700966031
8439-LTUGF,42.8962578859627,20.0,857.925157719254
7291-CDTMJ,49.698217578533345,19.65,976.5699754181802
3675-EQOZA,49.04245735743618,20.65,1012.726744431057
9862-KJTYK,19.786571275749417,25.35,501.5895818402477
4570-QHXHL,9.769645065895062,43.75,427.421971632909
7359-PTSXY,19.570405290232216,45.75,895.3460420281239
9348-YVOMK,27.357940460346573,44.8,1225.6357326235263
6086-ESGRL,26.151153617971975,80.15,2096.014962480454
2592-HODOV,55.24370670908921,19.3,1066.2035394854217
3824-RHKVR,38.35140090789901,19.7,755.5225978856105
5759-RCVCB,32.31927008942415,35.2,1137.6383071477303
2139-FQHLM,16.95361867883684,89.95,1524.9780001613738
1093-YSWCA,60.20000787850606,19.55,1176.9101540247934
1755-FZQEC,28.11289522105597,19.9,559.4466148990138
3871-IKPYH,13.434454301696086,69.1,928.3207922471994
5275-SQEIZ,11.895528740758369,80.85,961.753498690314
5396-IZEPB,46.33903036859904,19.7,912.8788982614011
5712-VBOXD,46.92274437178367,20.15,945.4932990914409
8945-GRKHX,13.768556441703497,78.65,1082.8969641399801
1559-DTODC,17.183563493003223,25.15,432.16662184903106
6959-UWKHF,15.314067635725344,42.9,656.9735015726172
8720-RQSBJ,20.934827699452562,44.0,921.1324187759127
4505-EXZHB,14.659067259900958,74.4,1090.6346041366314
8788-DOXSU,9.877391488059807,61.35,605.9779677924691
7404-JLKQG,23.292317136419832,57.55,1340.4728512009613
3274-NSDWE,3.850985696868883,19.6,75.47931965863012
5261-QSHQM,12.882613503548875,24.45,314.97990016177
0432-CAJZV,14.719234224886714,90.7,1335.034544197225
1334-FJSVR,16.239546742221474,24.25,393.80900849887075
6986-IXNDM,6.7485104760316315,92.9,626.9366232233386
1395-WSWXR,46.70118160108089,20.75,969.0495182224284
5276-KQWHG,8.724820262542504,69.6,607.2474902729582
0582-AVCLN,32.823241368362005,20.3,666.3117997777488
3727-JEZTU,41.70444477052302,20.4,850.7706733186695
7754-IXRMC,18.62476198362725,45.35,844.6329559574957
5863-OOKCL,33.88287536598936,18.85,638.6922006488994
1686-STUHN,27.225737925201344,19.8,539.0696109189867
1329-VHWNP,26.560375178375274,25.05,665.3373982183007
2984-MIIZL,24.123356764733266,74.8,1804.4270860020483
4256-ZWTZI,22.151698208788464,51.0,1129.7366086482116
2525-GVKQU,11.436591221276583,20.6,235.59377915829762
3677-TNKIO,12.420397343984414,71.0,881.8482114228934
9667-EQRXU,8.68194892693357,40.3,349.88254175542284
1915-IOFGU,10.931519925607557,70.5,770.6721547553327
7239-HZZCX,43.175803617038596,19.75,852.7221214365122
2688-BHGOG,8.422696105946322,79.55,670.0254752280299
7665-TOALD,8.139584725593156,69.6,566.5150969012836
2777-PHDEI,11.305195505972383,78.05,882.3705092411445
5640-CAXOA,35.58344087039599,40.35,1435.7918391204782
3847-BAERP,30.77930386867782,20.9,643.2874508553664
0670-KDOMA,37.863282653143344,20.25,766.7314737261527
8687-BAFGU,19.642343171386337,74.0,1453.533394682589
5356-RHIPP,39.56423879377861,20.2,799.1976236343278
0746-JTRFU,15.717179789770492,25.05,393.7153537337508
3982-JGSFD,32.56815293529033,20.35,662.7619122331582
6016-NXBNJ,30.76637007496744,19.15,589.1759869356265
2876-VBBBL,37.863282653143344,20.25,766.7314737261527
6834-NXDCA,8.7295311176192,23.9,208.63579371109884
5597-GLBUC,13.911837083433289,85.45,1188.7664787793747
8450-UYIBU,6.735367427803924,39.85,268.40439199798635
9142-XMYJH,28.454086217795112,19.35,550.5865683143354
5214-CHIWJ,39.19347006003644,20.3,795.6274422187397
2465-BLLEU,39.46008643415998,19.75,779.3367070746597
1685-VAYJF,26.305304846837622,45.2,1188.9997790770606
4223-WOZCM,28.048256446135102,49.95,1401.0104094844485
5917-RYRMG,37.16264862740909,19.8,735.8204428227
9025-ZRPVR,32.70473267239983,18.95,619.7546841419767
1905-OEILC,41.50289391808337,19.5,809.3064314026258
3285-UCQVC,15.178680266907568,28.6,434.11025563355645
3470-BTGQO,11.013489073401876,45.65,502.76577620079564
5482-PLVPE,19.2802894376008,24.35,469.4750478055795
8620-RJPZN,40.967980667066094,20.7,848.0371998082682
7137-NAXML,45.349329805221394,20.15,913.7889955752111
2428-ZMCTB,45.462050494760526,19.75,897.8754972715204
4291-YZODP,57.999697923716724,20.05,1162.8939433705204
5797-APWZC,13.791143892890455,90.6,1249.4776366958752
3683-QKIUE,31.503926262207678,50.8,1600.39945412015
7926-IJOOU,53.60271827789339,19.3,1034.5324627633424
4029-HPFVY,8.825569037198564,70.3,620.4375033150591
3066-RRJIO,8.724504542880394,69.95,610.2790927744836
0307-BCOPK,48.912581586426256,19.05,931.7846792214202
2542-HYGIQ,52.52346075067544,19.95,1047.843041975975
6715-OFDBP,22.832440205867407,70.05,1599.4124364210118
6124-ACRHJ,41.5589509046271,19.75,820.7892803663852
1087-UDSIH,35.98859604484962,19.6,705.3764824790527
3572-UUHRS,24.39492669817871,18.85,459.8443682606687
5955-EPOAZ,33.86403445314234,20.95,709.451521793332
8189-XRIKE,3.7135723114603705,90.95,337.74940172732073
2228-BZDEE,17.235281906829083,20.1,346.4291663272646
2114-MGINA,5.848288667702391,89.8,525.1763223596747
5651-CPDND,14.889868996413506,46.0,684.9339738350213
7504-UWHNB,3.7897841302762045,69.75,264.3374430867653
2582-FFFZR,12.685304169078343,50.6,641.8763909553642
9019-QVLZD,11.573590003947837,79.55,920.6790848140504
5808-TOTXO,64.2856288648293,20.55,1321.0696731722423
7394-LWLYN,7.672122549093734,70.15,538.1993968189255
2700-LUEVA,53.83075015858186,20.75,1116.9880657905735
1455-ESIQH,11.75857101681718,89.1,1047.6886775984108
0958-YHXGP,6.061141310469829,69.9,423.67377760184104
9208-OLGAQ,8.471386563630011,84.95,719.6442885803694
9708-HPXWZ,47.45669064658822,45.4,2154.5337553551053
4468-YDOVK,34.968699263319536,48.65,1701.2272191604955
3754-DXMRT,16.50420718888669,44.15,728.6607473893473
6121-VZNQB,37.59090809054907,19.1,717.9863445294873
6671-NGWON,36.58468448682821,20.35,744.4983293069541
6996-KNSML,12.913498710483378,74.9,967.221053415205
1955-IBMMB,12.608682436064061,20.2,254.69538520849403
3806-YAZOV,39.582952721144586,18.8,744.1595111575183
1704-NRWYE,6.642048551989877,80.85,537.0096254283815
2592-SEIFQ,18.61082817057573,24.75,460.6179972217493
1930-BZLHI,43.680183002899646,20.35,888.8917241090079
5868-YTYKS,41.04135592153059,20.25,831.0874574109944
3525-DVKFN,53.47379242771324,19.4,1037.3915730976369
5778-BVOFB,29.983042106171283,59.5,1783.9910053171914
0023-HGHWL,18.090628775265056,25.1,454.0747822591529
1850-AKQEP,38.61629824406867,20.35,785.8416692667976
5372-FBKBN,27.33669608415764,20.75,567.236443746271
0515-YPMCW,11.058250675594996,70.45,779.0537600956675
4729-XKASR,21.544385095971577,24.75,533.2235311252965
5278-PNYOX,22.14915448962763,100.65,2229.312399381021
8630-FJLIB,3.034345727129173,69.8,211.79733175361628
9837-BMCLM,8.699681951967525,78.5,682.9250332294507
2672-OJQZP,18.489378989179624,44.75,827.3997097657882
0137-UDEUO,39.81608842211157,19.85,790.3493551789147
6161-UUUTA,10.177087044049248,79.9,813.149254819535
8410-BGQXN,40.45318461131864,19.4,784.7917814595816
8280-MQRQN,21.294598904069503,50.45,1074.3125147103065
0082-OQIQY,6.464004345949834,94.2,608.9092093884744
4603-JANFB,9.291115093938455,69.85,648.984389311601
3606-SBKRY,30.09055823961167,50.05,1506.032439892564
4806-KEXQR,9.414347873103766,79.9,752.206395060991
8242-JSVBO,23.59316961259674,44.65,1053.4350232024444
1139-WUOAH,14.602035843108691,53.35,779.0186122298487
4693-VWVBO,38.95147909995625,19.55,761.5014164041447
7434-SHXLS,41.81611174210553,20.9,873.9567354100054
0988-JRWWP,13.715182705617702,54.2,743.3629026444795
7465-ZZRVX,9.37050105068045,70.35,659.2147489153696
7853-WNZSY,50.91693131797523,19.75,1005.6093935300107
4702-IOQDC,8.212700938733619,70.1,575.7103358052266
5006-MXVRN,32.374279152675236,20.7,670.1475784603773
8327-WKMIE,32.15556607292704,20.15,647.9346563694797
3956-MGXOG,2.257666438636155,80.6,181.96791495407408
7666-WKRON,30.10828192236555,80.45,2422.2112806543087
0423-UDIJQ,24.86280850466707,49.2,1223.2501784296198
2607-FBDFF,42.261330962950204,49.0,2070.80521718456
3428-XZMAZ,9.212141204652013,69.35,638.861992542617
0378-TOVMS,19.393877471630873,85.8,1663.994687065929
6728-WYQBC,52.7940166806332,20.95,1106.0346494592654
6145-NNPNO,30.20040353452264,44.15,1333.3478160491745
1385-TQOZW,42.58504678963659,20.45,870.8642068480683
3750-CKVKH,8.396511097249718,67.75,568.8636268386684
5944-UGLLK,16.853376098146494,54.9,925.2503477882425
7787-BNTZM,48.05795098878955,20.15,968.3677124241094
4877-EVATK,43.23014732470874,20.0,864.6029464941748
1386-ZIKUV,34.267095467567195,18.95,649.3614591103983
7766-CLTIC,19.919418715703067,60.95,1214.088570722102
9084-OAYKL,13.412635006250417,20.8,278.98280813000866
8003-EWNDZ,30.06078712930579,21.2,637.2886871412827
9256-JTBNZ,42.49773834476519,20.3,862.7040883987333
3440-JPSCL,21.73879664635243,99.95,2172.7927248029255
2853-CWQFQ,29.187545113812476,59.55,1738.1183115275328
3007-FDPEA,47.6006471818062,20.7,985.3333966633884
6350-XFYGW,17.200935136741844,94.75,1629.7886042062896
8705-DWKTI,4.012216703928257,83.8,336.2237597891879
0325-XBFAC,13.3284918700884,94.7,1262.2081800973715
4480-QQRHC,21.31044834618863,74.05,1578.038700035268
6112-KTHFQ,28.254780312785034,19.3,545.3172600367511
9426-SXNHE,50.249639993877224,18.75,942.180749885198
9895-VFOXH,19.09891343185647,24.4,466.01348773729785
5701-ZIKJE,17.38309129411902,50.55,878.7152649177164
5032-MIYKT,8.839217863910976,70.7,624.9327029785061
9717-QEBGU,8.787807165143855,70.3,617.782843709613
3178-CIFOT,44.60506872286936,19.65,876.4896004043829
8455-HIRAQ,14.122002729252246,44.45,627.7230213152624
0883-EIBTI,40.61077535970742,19.5,791.9101195142946
4018-KJYUY,36.07716897178263,20.15,726.95495478142
8780-RSYYU,29.37953432240901,19.2,564.087058990253
8701-DGLVH,20.217040051179666,20.45,413.43846904662416
8082-GHXOP,14.26182218390359,44.0,627.520176091758
3011-WQKSZ,26.25988225907276,20.0,525.1976451814552
2832-SCUCO,39.89814485119089,19.9,793.9730825386987
9509-MPYOD,31.40401942604733,20.75,651.6334030904821
9128-CPXKI,11.43349591961206,95.8,1095.3289090988353
5365-LLFYV,14.472098380947141,45.85,663.5457107664264
6595-COKXZ,14.86012185950528,44.45,660.5324166550098
5871-DGTXZ,34.51906341983087,19.8,683.4774557126512
4211-MMAZN,43.28443212913924,20.25,876.5097506150696
8544-JNBOX,0.0,20.8,0.0
6139-ZZRBQ,7.749553495065385,20.05,155.37854757606098
8884-FEEWR,33.864530552446,20.6,697.6093293803876
3125-RAHBV,46.569030364356784,20.3,945.3513163964427
6633-MPWBS,21.106433370971786,49.2,1038.436521851812
1682-VCOIO,42.94042597082874,20.45,878.1317111034477
3646-ITDGM,15.584038064795976,19.7,307.0055498764807
8740-CRYFY,9.883750577089286,78.95,780.3221080611992
7594-LZNWR,8.64633364044944,69.15,597.8939712370787
2962-XPMCQ,15.100127845973224,45.15,681.7707722456911
8727-XDPUD,33.43563912676437,35.8,1196.9958807381645
1678-FYZOW,7.729790485247025,79.4,613.7453645286139
5895-QSXOD,8.78864679003688,70.05,615.6447076420834
9814-AOUDH,18.597643025055255,19.5,362.6540389885775
6175-IRFIT,12.288522102746963,78.75,967.7211155913234
1622-HSHSF,37.69759227201342,19.55,736.9879289178623
0511-JTEOY,11.673126560946201,71.1,829.9592984832749
0366-NQSHS,42.18880055564844,19.35,816.3532907517974
6729-FZWSY,3.55210756423867,19.45,69.08849212444213
5175-AOBHI,13.291439827077934,46.0,611.4062320455849
9565-JSNFM,21.554950308831682,70.45,1518.5462492571921
6654-QGBZZ,41.592559068375785,19.9,827.691925460678
0607-DAAHE,18.597558747236068,19.75,367.30178525791234
9560-ARGQJ,4.572715324712972,81.0,370.3899413017507
1600-DILPE,18.894917678092597,45.0,850.2712955141668
8510-BBWMU,25.049641666795253,19.75,494.73042291920626
5177-RVZNU,31.924121443577825,20.3,648.0596653046299
8993-IZEUX,19.30164630229365,69.15,1334.708841803606
8190-ZTQFB,21.963583268542724,51.35,1127.8300008396689
2055-PDADH,8.332406173815471,70.4,586.6013946366093
7515-LODFU,2.8913409701489714,20.3,58.69422169402412
6344-SFJVH,19.65999271342599,24.9,489.5338185643071
3721-CNEYS,7.787121941303233,70.95,552.4963017354644
2320-YKQBO,36.359005952833,19.3,701.728814889677
5233-GEEAX,19.65958308222345,29.4,577.9917426173694
2673-ZALNP,57.514087876838744,19.9,1144.530348749091
4432-ADRLB,19.4043851437345,44.65,866.4057966677454
3521-MNKLV,10.425233272008516,49.7,518.1340936188233
8993-PHFWD,17.08817902357281,25.25,431.47652034521343
6040-CGACY,30.258481686378637,19.6,593.0662410530214
5378-IKEEG,15.97373272085549,35.75,571.0609447705838
8180-AKMJV,27.849707919094097,44.55,1240.7044877956419
9975-SKRNR,42.99059630018445,18.9,812.5222700734861
1449-XQEMT,37.73002768417803,19.8,747.0545481467251
2612-RRIDN,8.608846729731326,81.0,697.3165851082374
3446-QDSZF,30.86189074552038,55.5,1712.8349363763812
1627-AFWVJ,41.64891221436093,19.4,807.9888969586019
9725-SCPZG,13.291748666012765,90.85,1207.5553663072596
5884-GCYMI,12.714715086309651,69.4,882.4012269898899
3217-FZDMN,26.473263328537072,94.45,2500.3997213803264
4486-EFAEB,29.275588951731336,20.4,597.2220146153193
9239-ZBZZV,20.67287476562892,47.95,991.2643450119067
9795-VOWON,53.06790382374969,24.35,1292.203458108305
1237-WIYYZ,24.881975968344292,19.55,486.44263018113094
4855-SNKMY,14.06587571794011,44.1,620.3051191611588
8008-HAWED,18.117125979312277,50.75,919.4441434500981
4816-JBHOV,16.623332005500554,44.7,743.0629406458748
5600-PDUJF,34.420587242408104,49.5,1703.8190684992012
8292-TYSPY,30.249484651656992,55.0,1663.7216558411346
7407-SUJIZ,24.60723795188495,20.6,506.90910180883003
9150-KPBJQ,65.10934690760504,19.65,1279.398666734439
9367-TCUYN,32.60111956815341,20.1,655.2825033198835
1261-FWTTE,18.31064783576583,34.65,634.4639475092861
4140-WJAWW,48.80910425454878,19.85,968.8607194527933
5231-FIQPA,29.66700083208315,19.85,588.8899665168506
6653-CBBOM,8.242063699251156,70.3,579.4170780573563
6101-IMRMM,20.139281998012862,94.5,1903.1621488122155
7298-IZWLY,37.66204547229506,19.4,730.6436821625242
3955-JBZZM,5.335479249680236,78.8,420.4357648748026
8943-URTMR,8.815052872470313,79.65,702.1189612922605
4815-TUMEQ,53.25729101512255,19.3,1027.8657165918653
4713-LZDRV,10.473241987834578,79.6,833.6700622316324
7252-NTGSS,18.579593112757596,45.15,838.8686290410054
2955-PSXOE,48.42971395748423,20.2,978.2802219411815
3255-GRXMG,19.82475678823018,45.65,905.0001473827076
6133-OZILE,18.670549629073427,35.2,657.2033469433846
4628-WQCQQ,22.22681684649149,85.15,1892.6134544787506
8050-WYBND,43.062154635248106,49.45,2129.423546713019
2821-WARNZ,20.826473343886818,19.45,405.0749065385986
7074-STDCN,7.117601416067573,40.6,288.9746174923435
3705-PSNGL,21.825141591228743,20.4,445.2328884610663
7269-JISCY,11.895541867436933,45.05,535.8941611280338
6861-OKBCE,44.496737509480255,20.1,894.3844239405532
9940-RHLFB,16.351410214199287,75.3,1231.2611891292063
8878-RYUKI,2.1630273413288332,59.45,128.59197544199915
7811-JIVPF,22.435371961114782,49.7,1115.0379864674048
1383-EZRWL,36.52029326702864,20.05,732.2318800039243
4759-TRPLW,12.231804497715128,70.4,861.1190366391451
6034-YMTOB,13.080737937104802,75.65,989.5578249419783
0620-DLSLK,5.081276578208742,81.9,416.156551755296
1156-ZFYDO,40.75256284776818,19.75,804.8631162434216
7577-SWIFR,11.785843929944212,89.25,1051.8865707475209
0303-WMMRN,35.9432590876333,19.25,691.907737436941
7622-NXQZR,19.680714121664096,30.1,592.3894950620893
3970-XGJDU,9.674741734472569,19.2,185.75504130187332
5562-YJQGT,51.64872375220982,20.35,1051.0515283574698
8294-UIMBA,32.45013980859949,94.4,3063.293197931792
4801-KFYKL,47.15197778954271,19.45,917.1059680066057
8062-YBDOE,10.510442000093022,69.65,732.052285306479
6000-APYLU,7.457787085328501,80.8,602.5891964945429
7721-DVEKZ,41.536534610301345,19.65,816.1929050924214
9507-HSMMZ,17.292737336198254,20.0,345.8547467239651
0947-IDHRQ,6.721726594629864,80.3,539.7546455487781
9048-JVYVF,26.211841805640834,69.35,1817.7912292211918
3776-EKTKM,17.77914481102769,36.45,648.0498283619594
3507-GASNP,11.510794692177921,19.95,229.6403541089495
6202-JVYEU,54.576226314781465,19.9,1086.0669036641511
0734-OXWBT,33.004448161937596,70.7,2333.414485048988
3976-NLDEZ,43.360331634387485,20.6,893.2228316683822
3589-PPVKW,11.82766555032208,44.4,525.1483504343003
7661-CPURM,43.428058694818155,87.7,3808.6407475355522
1981-INRFU,8.283684731862612,79.75,660.6238573660434
8485-GJCDN,7.766014930325599,69.05,536.2433309389826
2851-STERV,29.91131477259077,73.0,2183.5259783991264
6507-DTJZV,29.82221322375357,66.4,1980.1949580572373
0345-HKJVM,10.722034587571528,89.3,957.4776886701375
0997-YTLNY,16.96533829320817,48.8,827.9085087085587
3317-HRTNN,21.080307910444503,45.7,963.3700715073138
9708-KFDBY,53.79943610011411,20.55,1105.578411857345
8058-INTPH,8.831336738379212,79.65,703.4159712119043
0756-MPZRL,22.828925122673105,33.7,769.3347766340837
9564-KCLHR,29.471308962102164,51.25,1510.4045843077358
2082-CEFLT,15.880524193757486,45.6,724.1519032353414
1213-NGCUN,31.235854668749784,49.65,1550.8601843034266
9441-QHEVC,43.034235313454694,19.1,821.9538944869847
6705-LNMDD,16.838030536952427,50.0,841.9015268476213
3521-SYVOR,3.365642510618912,64.75,217.92535256257455
5649-VUKMC,43.26287237601449,95.5,4131.604311909384
6559-PDZLR,11.579342534171841,98.65,1142.3021409960522
8992-OBVDG,16.977218544353704,61.65,1046.6455232594058
4273-MBHYA,11.638447238983234,89.35,1039.8952608031518
6082-GLJIX,29.39984042035043,19.25,565.9469280917458
5143-EGQFK,18.839587298071187,29.65,558.5937633878107
2495-TTHBQ,59.62452112182583,20.4,1216.340230885247
0847-HGRML,9.750619956320925,20.0,195.0123991264185
6168-WFVVF,8.317169460272675,70.3,584.697013057169
9860-LISIZ,17.332068091189793,20.35,352.7075856557123
9637-EIHEQ,22.613621079509848,50.8,1148.7719508391
8313-KTIHG,23.366014346198302,61.3,1432.3366794219558
9689-PTNPG,9.508327153752171,80.25,763.0432540886118
6143-JQKEA,23.401031847236478,45.8,1071.7672586034307
8676-OOQEJ,26.791286245133687,30.5,817.1342304765775
8124-NZVGJ,52.644459645230796,49.25,2592.7396375276167
5376-DEQCP,8.286232410979,70.6,585.0080082151173
9095-HFAFX,18.131584348596647,81.0,1468.6583322363283
5627-TVBPP,33.47195475295301,20.1,672.7862905343555
3936-QQFLL,42.275452970409326,19.75,834.9401961655842
2589-AYCRP,19.592554126881307,19.75,386.9529440059058
4067-HLYQI,4.6591018722711395,70.4,328.00077180788827
5124-EOGYE,39.79669895050889,20.45,813.8424935379068
6833-JMZYP,20.1765354985491,94.0,1896.5943368636154
2300-RQGOI,32.82004479769166,20.05,658.0418981937178
5228-EXCET,6.164526760791023,80.85,498.4019886099541
5995-WWKKG,28.32808028570794,19.8,560.8959896570173
1597-FZREH,36.55471596266873,76.4,2792.780299547891
7109-MFBYV,7.55932909509221,45.45,343.5715073719409
6141-OOXUQ,43.154049672269664,19.65,847.9770760600989
8660-BUETV,17.09585036586172,44.75,765.0393038723118
9970-QBCDA,47.88189093033907,19.7,943.2732513276796
3458-IDMFK,45.46171844935848,20.75,943.3306578241884
0221-NAUXK,57.45204182730418,19.95,1146.1682344547182
6437-UKHMV,6.164410775206636,79.7,491.3035387839689
6060-DRTNL,13.601403313434231,84.85,1154.0790711448944
8990-ZXLSU,6.994817567923638,69.05,482.9921530651272
2275-RBYQS,15.055587983138466,45.4,683.5236944344863
5519-TEEUH,33.03552895583574,20.15,665.66590846009
0804-XBFBV,13.92818319952158,25.2,350.9902166279438
2696-NARTR,10.567594488605433,73.85,780.4168529835111
4631-OACRM,6.39157018797737,79.4,507.49067292540326
4987-GQWPO,22.983910966898645,25.1,576.896165269156
8048-DSDFQ,43.27357988717393,20.2,874.1263137209133
1809-DMJHQ,17.52515799569003,46.0,806.1572678017413
3863-QSTYI,2.4422616252328124,64.65,157.89221407130134
2619-WFQWU,8.755003635264353,70.15,614.1635050137944
5919-VCZYM,42.34034468045636,20.05,848.9239108431501
8174-LNWMW,40.29461610274742,20.9,842.157476547421
0778-NELLA,25.549961591281157,34.7,886.5836672174562
4614-NUVZD,10.038419325191756,81.1,814.1158072730514
9611-CTWIH,9.389136919778664,89.45,839.8582974742015
8746-BFOAJ,47.576096222223605,20.5,975.3099725555838
8457-XIGKN,34.50422925377855,19.6,676.2828933740595
6629-CZTTH,19.03823658761965,55.7,1060.4297779304145
8838-GPHZP,8.459254579343916,20.6,174.26064433448468
6918-UMQCG,9.50801115187743,80.2,762.5424943805699
5088-QZLRL,42.590968976832634,20.65,879.5035093715939
4397-FRLTA,39.02700561549979,20.15,786.3941631523207
5550-VFRLC,9.337784328462755,69.85,652.2442353431234
5546-BYZSM,12.752372278964208,20.45,260.78601310481804
4929-BSTRX,15.622346848287219,53.55,836.5766737257806
4163-HFTUK,17.283528981584592,19.1,330.1154035482657
8859-YSTWS,21.633937602645574,19.95,431.59705517277916
4667-OHGKG,39.35578062592574,19.3,759.5665660803668
1998-VHJHK,38.67318413596452,19.15,740.5914762037205
1660-HSOOQ,22.850849055480474,49.65,1134.5446556046054
7253-UVNDW,25.238495668132373,54.35,1371.7122395629945
7228-OMTPN,9.937426478028812,88.45,878.9653719816484
5063-IUOKK,57.550582906990165,19.75,1136.6240124130557
2308-STERM,40.58845030453969,19.4,787.41593590807
9432-VOFYX,3.9650181749692246,70.8,280.7232867878211
6586-PSJOX,52.24188748783395,55.2,2883.7521893284343
1493-AMTIE,49.79902969569895,20.2,1005.9403998531187
0816-TSPHQ,42.49143186544413,20.75,881.6972112079657
9932-WBWIK,34.90908022436165,20.35,710.3997825657597
9115-YQHGA,5.3901250497417825,51.1,275.4353900418051
8963-MQVYN,22.974280039032354,20.55,472.1214548021149
5028-HTLJB,44.86716693738801,20.05,899.5866970946297
5567-GZKQY,13.67799321833355,20.3,277.6632623321711
5143-WMWOG,42.43676381282704,19.95,846.6134380658993
6490-FGZAT,39.02838336502731,20.65,805.9361164878139
5393-RXQSZ,14.139091550398023,79.6,1125.4716874116825
2320-TZRRH,45.203818976768694,19.5,881.4744700469895
0231-LXVAP,16.38378422699901,75.9,1243.5292228292249
5510-BOIUJ,44.444056771926014,19.25,855.5480928595758
7638-QVMVY,6.0738404421520045,79.0,479.83339493000835
4396-KLSEH,36.08400171158196,19.85,716.267433974902
3244-DCJWY,8.234716780376361,70.25,578.4888538214394
0875-CABNR,24.097414928952166,84.6,2038.641302989353
6345-HOVES,9.690379737152973,25.05,242.744012415682
6260-XLACS,60.938711377706625,19.7,1200.4926141408205
4983-CCWMC,8.715541936459422,69.6,606.6017187775757
5057-LCOUI,5.874982790121009,50.75,298.15537659864117
5619-XZZKR,60.95681910191208,19.95,1216.088541083146
6719-OXYBR,11.329378982865693,85.3,966.3960272384436
3785-NRHYR,43.154049672269664,19.65,847.9770760600989
4537-DKTAL,17.156467248420313,45.55,781.4770831655452
5602-BVFMK,52.70182654256845,19.3,1017.145252271571
8204-TIFGJ,30.10199465752179,20.3,611.0704915476923
8903-XEBGX,18.86373882019675,55.3,1043.1647567568803
9840-DVNDC,19.0402786399668,80.5,1532.7424305173274
8042-JVNFH,10.115713660483738,71.35,721.7561696755147
7167-PCEYD,4.659934995079263,19.8,92.26671290256941
4936-YPJNK,30.56038946929792,19.9,608.1517504390285
8749-CLJXC,43.2410090022997,20.05,866.982230496109
5049-GLYVG,43.360331634387485,20.6,893.2228316683822
2384-OVPSA,32.91547219779616,20.2,664.8925383954825
0932-YIXYU,24.478343235359617,20.25,495.68645051603227
7636-XUHWW,50.008931221013974,19.9,995.1777312981781
6349-JDHQP,18.56576275300362,19.85,368.5303906471219
5847-MXBEO,43.8681409618511,20.3,890.5232615255773
9985-MWVIX,8.755003635264353,70.15,614.1635050137944
9633-XQABV,7.19932975578716,70.25,505.75291534404795
1539-LNKHM,32.662359571986514,20.4,666.3121352685248
3090-QFUVD,52.58131936471261,20.3,1067.400783103666
1818-ESQMW,9.39137635842107,89.2,837.7107711711594
4871-JTKJF,9.306048308972349,69.65,648.1662647199241
1415-YFWLT,11.848567987345561,89.3,1058.0771212699585
6711-VTNRE,5.853362012134254,87.55,512.4618441623539
2805-AUFQN,46.23514109292588,19.8,915.4557936399325
8066-POXGX,10.71245855436616,35.1,376.0072952582522
7854-EKTJL,37.50250240295002,19.6,735.0490470978204
8464-EETCQ,14.656084209926394,18.8,275.5343831466162
0787-LHDYT,37.92659746426124,20.6,781.2879077637816
0374-IOEGQ,16.285185582456005,44.6,726.3192769775378
4361-JEIVL,16.998979652997495,44.4,754.7546965930887
9112-WSNPU,1.9850522038820424,70.55,140.04543298387807
9867-NNXLC,22.359669446511163,20.05,448.31137240254884
9846-GKXAS,16.595124922492122,90.8,1506.8373429622845
2862-JVEOY,58.96462108121971,19.15,1129.1724937053573
7136-RVDTZ,0.7410343688647756,45.25,33.53180519113109
6927-WTFIV,15.565335326601943,71.3,1109.8084087867185
9873-MNDKV,9.705762168350548,44.65,433.3622808168519
8241-JUIQO,9.556089239664102,19.45,185.8659357114668
4512-ZUIYL,21.138031716361265,70.0,1479.6622201452885
9631-RXVJM,35.84585531657008,19.25,690.0327148439741
9584-EXCDZ,12.817853045865048,70.5,903.6586397334859
7526-IVLYU,37.695682183082155,19.65,740.7201548975643
9214-EKVXR,14.767957345128728,44.0,649.790123185664
4550-EVXNY,9.115884459608486,69.65,634.9213526117311
8909-BOLNL,62.01910767198955,21.2,1314.8050826461786
6131-JLWZM,28.46627530469357,20.3,577.8653886852795
4905-JEFDW,46.33253152364883,41.6,1927.4333113837915
0082-LDZUE,16.364724133198003,44.3,724.9572791006715
4786-UKSNZ,43.27357988717393,20.2,874.1263137209133
0856-NAOES,24.575004873201063,60.9,1496.6177967779447
9500-WBGRP,2.7401296989172508,19.1,52.33647724931949
5144-PQCDZ,36.9233748784367,19.95,736.621328824812
9355-NPPFS,3.032877606699858,78.8,238.9907554079488
8035-PWSEV,19.698622576968695,89.25,1758.102064994456
2202-CUYXZ,15.277994329207262,84.85,1296.337818833236
2862-PFNIK,17.73288899760828,24.7,438.00235824092454
2049-BAFNW,35.22843587194386,35.9,1264.7008478027844
5167-GBFRE,28.41980177728368,25.2,716.1790047875487
0780-XNZFN,14.637452453525373,20.65,302.26339316529896
2675-IJRGJ,18.567864851556482,19.65,364.85854433308486
3721-CNZHX,50.41638525753662,19.8,998.244428099225
5271-DBYSJ,18.777255812897785,79.15,1486.2197975908598
5656-JAMLX,9.732117531892394,19.85,193.18253300806404
9503-XJUME,18.173706262281602,19.65,357.11332805383347
4367-NHWMM,15.583823547045919,24.9,388.03720632144336
2724-FJDYW,29.842508696711036,54.85,1636.8616020146003
0956-ACVZC,12.567816254221459,94.1,1182.6315095222392
4482-FTFFX,32.16760125201694,56.15,1806.2108103007508
8859-DZTGQ,37.826701150793745,20.35,769.7733684186528
5025-GOOKI,33.277298395343095,18.9,628.9409396719844
4698-KVLLG,20.570986653126738,19.6,403.1913384012841
2887-JPYLU,8.361043711140292,45.2,377.91917574354125
4770-QAZXN,41.69803375474551,19.45,811.0267565298001
2027-OAQQC,10.010253479603314,49.05,491.00293317454253
7353-YOWFP,57.54076319797084,20.25,1165.2004547589095
0519-XUZJU,11.609883176491284,70.75,821.3992347367583
3363-EWLGO,38.14509523154199,19.95,760.9946498692626
6338-AVWCY,23.293532014178385,40.15,935.2353103692622
2959-FENLU,23.178672057264905,85.3,1977.1407264846962
4079-ULGFR,31.014402560769263,20.0,620.2880512153853
6599-SFQVE,13.410923047781196,55.0,737.6007676279658
4003-FUSHP,26.235257323548684,61.55,1614.7800882644215
7568-PODML,20.70503147451761,45.3,937.9379257956477
5349-IECLD,20.63019987171536,94.95,1958.8374778193734
3945-GFWQL,9.766545640973323,44.55,435.0996083053615
3063-QFSZL,16.554962797464242,55.4,917.144938979519
7493-GVFIO,14.6626028040234,20.55,301.3164876226809
0690-SRQID,36.8551851427523,19.65,724.2043880550826
9605-WGJVW,9.393480898365986,70.2,659.4223590652923
8573-CGOCC,40.25490727775991,19.75,795.0344187357582
6286-SUUWT,43.219283290985075,19.95,862.2247016551522
4819-HJPIW,11.594766827349108,25.15,291.60838570783005
3308-DGHKL,2.846601602836698,19.3,54.939410934748274
7609-NRNCA,48.01112269224314,19.55,938.6174486333534
9190-MFJLN,21.22151613921769,95.9,2035.1433977509766
3896-RCYYE,1.6216409790365591,53.4,86.59562828055226
9638-JIQYA,29.68623043325663,24.9,739.18713778809
3258-SANFR,31.57753405392788,44.7,1411.5157722105764
3039-MJSLN,51.82250035612621,20.2,1046.8145071937495
0178-CIIKR,39.8382434121215,19.95,794.7729560718238
3069-SSVSN,52.352652640372895,25.85,1353.3160707536395
5222-IMUKT,3.6964095016908978,91.05,336.55808512895624
3627-FCRDW,7.272898504876948,71.0,516.3757938462633
6776-TLWOI,41.41503195438542,19.85,822.0883842945507
3845-FXCYS,37.727234619004896,19.65,741.3401602634461
5857-XRECV,65.73537576988296,20.5,1347.5752032826008
0644-OQMDK,9.036873797908592,70.65,638.4551338222421
2868-MZAGQ,10.97036391743426,79.25,869.4013404566651
4847-QNOKA,26.28151280632913,44.9,1180.0399250041778
2220-IAHLS,52.432263220650256,19.4,1017.1859064806149
8650-RHRKE,20.543993679418875,29.65,609.1294125947696
1260-TTRXI,19.584621205131626,54.3,1063.4449314386472
7542-CYDDM,29.54779083900122,20.05,592.4332063219745
2867-UIMSS,14.319848400914058,80.5,1152.7477962735816
1585-MQSSU,18.776084049804624,51.5,966.9683285649381
2856-NNASM,1.4566087902392408,89.55,130.43931716592402
3058-WQDRE,20.57223248765956,25.15,517.3916470646378
3417-TSCIC,27.081327177133787,24.85,672.9709803517746
6537-OTKMY,45.92282215991199,50.75,2330.5832246155333
6725-TPKJO,27.039674432607736,20.05,542.1454723737851
1496-GGSUK,17.392766616845787,25.7,446.9941020529367
0042-JVWOJ,41.771214465451806,19.6,818.7158035228555
2842-JTCCU,31.64684810221109,46.05,1457.3373551068207
6394-HHHZM,41.59755605561396,20.7,861.0694103512088
7153-OANIO,12.14840439337589,69.95,849.7808873166435
8878-HMWBV,20.404555910681722,49.15,1002.8839230100066
6128-DAFVY,3.292225696992982,44.85,147.65632251013525
3751-KTZEL,21.74012631998388,35.05,761.9914275154349
0458-HEUZG,56.88401135028642,35.4,2013.6940018001392
8409-WQJUX,39.36960891839946,54.2,2133.832803377251
2578-JQPHZ,27.02403438261469,100.1,2705.1058416997303
3278-FSIXX,14.349905190888942,45.25,649.3332098877246
0328-GRPMV,8.212700938733619,70.1,575.7103358052266
9746-UGFAC,46.04573887688002,20.85,960.0536555829485
2946-KIQSP,10.151491442288362,33.45,339.5673887445457
4342-HENTK,8.888381767700015,70.65,627.964171888006
4195-SMMNX,42.40515246204054,20.35,862.9448526025251
0489-WMEMG,35.67573312797492,49.45,1764.16500317836
7435-ZNUYY,59.06856392887629,20.6,1216.8124169348516
2717-HVIZY,37.05844701745137,20.05,743.0218626999
7977-HXJKU,49.736156028154056,19.6,974.8286581518196
6615-ZGEDR,43.16492781937117,19.7,850.3490780416121
2754-XBHTB,13.7402070325632,77.65,1066.9270760785325
3043-SUDUA,25.319946406565943,19.9,503.86693349066223
5442-BHQNG,10.298760762190385,70.35,724.5178196200935
0754-UKWQP,17.0794327441475,95.85,1637.0636285265377
0547-HURJB,44.80614378101322,21.05,943.1693265903283
8752-STIVR,7.221220488928861,79.0,570.47641862538
7798-JVXYM,17.55496579621126,69.65,1222.7033677061142
2081-KJSQF,39.57580175412572,20.25,801.4099855210459
7623-TRNQN,26.62208274576957,49.9,1328.4419290139015
0902-RFHOF,29.02557818242138,20.1,583.4141214666698
1025-FALIX,7.480473730343009,69.05,516.5267110801848
3407-QGWLG,39.2372758612856,20.05,786.7073810187763
8073-IJDCM,37.87510532605369,20.3,768.86463811889
5309-TAIKL,41.867296224135906,62.8,2629.266202875735
1302-TPUBN,5.811298542045362,19.35,112.44862678857777
0927-CNGRH,44.50754914206577,19.55,870.1225857273859
1963-VAUKV,41.70444477052302,20.4,850.7706733186695
7994-XIRTR,15.795431610889898,65.25,1030.651912610566
4450-YOOHP,13.01484934611165,50.65,659.202119380555
6728-CZFEI,40.18994069513328,56.15,2256.665170031734
3926-YZVVX,25.430303132181,50.05,1272.7866717656589
6000-UKLWI,29.973803558477876,20.15,603.9721417033292
2079-FBMZK,6.3350279018753,69.25,438.7006822048645
3266-FTKHB,53.586879276185385,19.15,1026.1887381389502
6608-QQLVK,22.197286457202054,50.5,1120.9629660887038
7727-SHVZV,44.097257199428725,19.5,859.8965153888602
7601-WFVZV,43.13228633425344,19.55,843.2361978346548
9174-IHETN,20.180388807285283,70.35,1419.6903525925195
7945-PRBVF,36.34072951538725,21.45,779.5086481050565
9223-UCPVT,19.544046399373546,94.4,1844.9579801008629
7196-LIWRH,64.35928362639493,19.55,1258.223994896021
4351-QLCSU,29.098592607355897,55.0,1600.4225934045744
0939-EREMR,26.308016917735014,53.45,1406.1635042529365
0488-GSLFR,8.125011317443835,69.5,564.6882865623465
9318-NKNFC,39.25132257247448,18.85,739.887430491144
3985-HOYPM,40.072951855656626,19.4,777.4152659997385
9728-FTTVZ,8.081390764992877,69.2,559.2322409375071
4310-KEDTB,9.938150240204177,29.8,296.15687715808446
7254-IQWOZ,9.25947606738513,69.65,644.9225080933743
2676-ISHSF,43.29528200943202,20.3,878.89422479147
6110-OHIHY,11.646240228148828,79.25,922.9645380807947
7016-BPGEU,11.925434498368064,25.1,299.32840590903845
6876-ADESB,27.42667664020413,48.95,1342.5358215379922
1963-SVUCV,19.466995014603967,45.3,881.8548741615597
0220-EBGCE,16.08875778618205,85.85,1381.2198559437288
1763-KUAAW,50.18662870055963,20.35,1021.2978940563886
3439-GVUSX,20.79323354505333,24.4,507.3548984993012
5712-PTIWW,21.773639121370717,79.85,1738.6250838414517
1635-HDGFT,51.618519501292774,20.5,1058.179649776502
5909-ECHUI,16.73853161380314,56.25,941.5424032764266
9317-WZPGV,21.49656135382609,79.75,1714.3507679676306
2856-HYAPG,10.611653012635516,68.65,728.4899793174283
8969-PRHFK,47.57866398553505,19.65,934.9207473157637
4488-PSYCG,39.36535994190309,20.25,797.1485388235375
9801-NOSHQ,43.28679617091686,19.8,857.0785641841538
6339-YPSAH,9.884613071360391,73.8,729.4844446663968
2159-TURXX,49.99988056145331,20.05,1002.4976052571388
2342-CKIAO,40.78906737872749,20.3,828.0180677881681
9617-UDPEU,42.11950463245259,19.25,810.8004641747124
1031-IIDEO,8.323153851989149,70.85,589.6954504134312
5832-XKAES,20.49695909792027,69.8,1430.687745034835
3205-MXZRA,40.14516216781523,59.45,2386.6298908766157
8317-BVKSO,28.48540149722497,20.05,571.1323000193606
9210-IAHGH,35.65645528689167,70.75,2522.694211547586
7242-QZLXF,17.866107354374996,25.3,452.0125160656874
1000-AJSLD,39.54110714721962,20.1,794.7762536591144
9696-RMYBA,8.579712290520172,80.1,687.2349544706657
9770-LXDBK,39.9378359553746,20.4,814.7318534896418
2791-SFVEW,44.20447115110049,20.15,890.7200936946748
6457-USBER,11.243113729747012,80.8,908.4435893635585
1226-IENZN,6.0269938669067695,78.75,474.6257670189081
4990-ALDGW,14.382417353283802,20.75,298.4351600806389
8006-PYCSW,40.74454592980643,20.1,818.9653731891093
5850-BDWCY,37.371484745887855,20.2,754.9039918669347
0827-ITJPH,35.253299291409824,18.55,653.9487018556523
8799-OXZMD,8.191865157050376,29.75,243.7079884222487
0674-EYYZV,15.10695181216033,54.65,825.594916534562
0872-NXJYS,6.264862582424223,79.55,498.3698184318469
2346-CZYIL,44.313459491381195,20.35,901.7789006496074
3798-EPWRR,18.49738394897578,43.95,812.9600245574857
3978-YNKDD,52.31000825021587,20.85,1090.663672017001
9388-ZEYVT,23.436659640230243,44.15,1034.7285231161652
7895-VONWT,10.94324065640421,48.25,528.0113616715031
3662-FXJFO,17.090063124564836,20.5,350.34629405357913
2737-WFVYW,17.478965885092464,45.25,790.923206300434
7878-RTCZG,41.592559068375785,19.9,827.691925460678
2068-WWXQZ,25.46627614794921,20.05,510.5988367663817
0685-MLYYM,11.718803362380548,70.75,829.1053378884238
0164-XAIRP,47.00076986441438,19.55,918.8650508493012
8182-PNAGI,32.062878313245676,50.25,1611.1596352405952
3590-TCXTB,43.30612952694903,20.35,881.2797358734128
6994-KERXL,16.254987894940324,55.9,908.6538233271641
2180-DXNEG,10.381444678888984,96.0,996.6186891733425
6230-BSUXY,16.667045874533084,85.0,1416.698899335312
1241-FPMOF,19.235338870979525,19.65,377.9744088147477
7956-XQWGU,28.86288782127897,19.4,559.9400237328119
2369-FEVNO,39.4948209963362,19.9,785.9469378270903
9863-JZAIC,5.489668913688411,55.0,301.93179025286264
7660-HDPJV,8.081390764992877,69.2,559.2322409375071
9916-AYHTC,23.53000514425161,19.85,467.0706021133945
7931-PXHFC,26.632590572486293,62.3,1659.210392665896
0970-QXPXW,41.536534610301345,19.65,816.1929050924214
5893-KCLGT,0.0,19.75,0.0
4919-MOAVT,12.061940243142422,69.65,840.1141379348697
1760-CAZHT,25.691856881268816,20.8,534.3906231303914
7839-QRKXN,37.85145832490098,20.2,764.5994581629998
5204-QZXPU,13.291152943107074,39.65,526.9942141941955
1047-RNXZV,28.011458208099214,19.55,547.6240079683397
8725-JEDFD,2.3361829723077987,69.05,161.3134342378535
7562-UXTPG,4.382197703833208,70.15,307.4111689238996
7758-XKCBS,16.037637126353214,29.7,476.31782265269044
2446-PLQVO,9.362543923789632,70.3,658.1868378424111
7976-CICYS,48.31449885786144,20.7,1000.1101263577317
7815-PDTHL,35.633256508361974,20.2,719.7917814689118
6229-LSCKB,8.71850244567912,79.7,694.8646449206259
1724-IQWNM,40.82619544470769,19.3,787.9455720828585
5546-QUERU,51.09996146503862,19.95,1019.4442312275204
6127-IYJOZ,18.378624711137302,45.85,842.6599430056453
9700-ZCLOT,42.32953521727003,20.0,846.5907043454006
5480-HPRRX,18.80243703306449,25.3,475.7016569365316
5146-YYFRZ,4.8325557153050624,19.95,96.40948652033599
1195-OIYEJ,6.811670741993954,91.1,620.5432045956492
4501-EQDRN,21.822384714553763,69.7,1521.0202146043973
2990-HWIML,8.025527927432755,89.5,718.2847495052316
7952-OBOYL,22.98700566921233,89.85,2065.3824593787276
7470-DYNOE,12.26026690998438,61.1,749.1023082000457
3085-QUOZK,18.3094499196954,43.95,804.7003239706129
3926-CUQZX,28.146380615407878,45.1,1269.4017657548955
7921-LMDFQ,15.350728060521252,94.0,1442.9684376889977
4459-BBGHE,7.088669191760297,44.5,315.4457790333332
1041-RXHRA,4.163464468938605,70.25,292.48337894293695
1750-CSKKM,16.83857164465681,55.35,932.0149405317544
7242-EDTYC,27.472955877203024,19.55,537.0962873993192
2595-KIWPV,44.3555130075385,19.7,873.8036062485083
6457-GIRWB,9.212141204652013,69.35,638.861992542617
0357-NVCRI,32.62513673078137,20.05,654.1339914521665
0463-ZSDNT,24.52167088294358,56.75,1391.6048226070482
6502-MJQAE,9.251576615520353,69.6,643.9097324402165
7746-AWNQW,13.97018211788504,35.75,499.4340107143902
3454-JFUBC,3.8490450382553574,20.0,76.98090076510715
9039-ZVJDC,37.56960830727929,19.1,717.5795186690344
9588-YRFHY,22.453446178157858,19.9,446.82357894534135
9364-YKUVW,28.456645474534906,19.8,563.4415803957911
5392-AKEMH,8.797811024672919,45.05,396.341386661515
3914-FDRHP,16.105908410761277,86.25,1389.1346004281602
1024-KPRBB,16.60641788537473,89.1,1479.6318335868882
4745-LSPLO,43.3386578918348,20.5,888.4424867826134
5351-QESIO,22.26461599657932,24.2,538.8037071172196
6447-GORXK,15.60857368651728,25.0,390.214342162932
0928-XUTSN,5.213611163071731,80.5,419.6956986272743
0052-YNYOT,3.638827015766161,20.55,74.77789517399461
4501-VCPFK,18.55093532343391,35.75,663.1959378127624
4807-IZYOZ,20.50412054302573,20.65,423.41008921348134
9710-NJERN,31.84362504220163,20.15,641.6490446003628
1699-HPSBG,45.96153923460483,59.8,2748.5000462293688
8775-CEBBJ,20.508008897737525,44.2,906.4539932799987
2235-DWLJU,16.443456092025297,44.4,730.0894504859232
0871-OPBXW,36.94336418242822,20.05,740.7144518576858
9767-FFLEM,4.585743694726508,69.5,318.7091867834923
8456-QDAVC,10.837191157000268,78.7,852.886944055921
2569-WGERO,0.0,21.15,0.0
4183-MYFRB,14.425602012639597,90.05,1299.0254612381957
5948-UJZLF,32.54555386766755,49.25,1602.8685279826268
5122-CYFXA,37.15159961976532,75.3,2797.5154513683287
3410-YOQBQ,39.81960933968028,79.2,3153.713059702678
9919-YLNNG,14.34795443210406,103.8,1489.3176700524014
5712-AHQNN,4.35291897257908,91.65,398.94502383687274
6440-DKQGE,37.747615131645404,64.5,2434.7211759911283
6317-YPKDH,43.01231940452039,29.95,1288.2189661653856
1918-ZBFQJ,17.0558172315297,79.25,1351.6735155987287
4827-USJHP,16.511099481829866,51.8,855.2749531587871
8544-GOQSH,29.686942485261948,80.05,2376.439745945219
7674-YTAFD,31.143971774431883,79.95,2489.960543365829
0094-OIFMO,17.518271460061495,95.0,1664.235788705842
4522-AKYLR,25.475182197688,54.8,1396.0399844333024
9947-OTFQU,13.502994847183437,74.4,1004.6228166304478
4130-MZLCC,38.88800042683266,50.55,1965.7884215763909
8229-MYEJZ,24.182105053530623,51.2,1238.123778740768
3488-PGMQJ,17.878063830919267,74.5,1331.9157554034853
7982-VCELR,11.565584154791315,94.8,1096.4173778742168
6035-BXTTY,23.544071428765463,54.65,1286.6835035820325
5229-DTFYB,29.539710792584284,98.8,2918.523426307327
6862-CQUMB,12.067032533252139,96.1,1159.6418264455306
6905-NIQIN,33.75298791097676,50.65,1709.588837690973
6599-CEBNN,10.57151151171112,73.95,781.7632762910374
6778-YSNIH,27.42590448203063,59.0,1618.1283644398072
8205-OTCHB,44.375178314571954,43.75,1941.414051262523
6235-VDHOM,29.776889548175628,28.45,847.1525076455966
0308-IVGOK,56.445928298255936,40.4,2280.4155032495396
4908-XAXAY,17.401856848863908,89.85,1563.556837870422
0823-HSCDJ,3.6352702390371077,49.15,178.67353224867384
0946-FKYTX,13.078420098315252,30.1,393.6604449592891
1456-TWCGB,30.82992803820708,49.25,1518.3739558816987
2189-WWOEW,24.10935012143473,85.9,2070.9931754312433
3138-BKYAV,18.799308253799637,85.35,1604.5209594617988
2207-NHRJK,32.99600476299077,50.8,1676.197041959931
9944-HKVVB,21.626425792536985,95.1,2056.6730928702673
5073-WXOYN,1.10686195954461,50.8,56.22858754486619
0297-RBCSG,47.664236076055104,65.35,3114.8578275702007
1907-UBQFC,16.224079128361993,72.85,1181.9241645011712
5149-TGWDZ,41.686708620029115,104.55,4358.345386224044
9625-QSTYE,17.41942461909625,81.15,1413.5863078396608
5146-CBVOE,23.14290051360983,75.1,1738.0318285720982
0454-OKRCT,37.562945674149674,80.6,3027.5734213364635
0811-GSDTP,23.644907765720465,30.15,712.8939691364719
8584-KMVXD,18.414415524814153,75.6,1392.12981367595
0556-FJEGU,13.559017394534486,70.1,950.4871193568674
4065-JJAVA,31.078450899942148,49.5,1538.3833195471364
8242-SOQUO,19.42163072213453,84.7,1645.0121221647948
3097-NNSPB,39.31320147337956,49.05,1928.3125322692672
8791-GFXLZ,30.84977210303068,49.05,1513.1813216536548
8807-ARQET,6.386331095182504,40.35,257.688459690614
5868-CZJDR,32.33964277278767,31.35,1013.8478009268935
1282-IHQAC,1.2393388861051706,44.05,54.592877932932765
8967-SZQAS,21.12468255400878,50.45,1065.7402348497428
6789-HJBWG,19.036673652186764,49.4,940.4116784180261
7595-EUIVN,23.68213948035789,75.8,1795.106172611128
4187-CINZD,20.053034509654545,95.25,1910.0515370445953
9992-UJOEL,29.11866005029811,50.3,1464.6686005299948
9793-WECQC,14.052251866487387,95.3,1339.1796028762478
5419-CONWX,40.854489343836036,99.8,4077.2780365148365
2692-BUCFV,21.14024740824604,101.45,2144.678099566561
5651-WYIPH,27.538371643129985,49.85,1372.7878264100298
5899-OUVKV,7.403987767543069,94.5,699.67684403282
3070-BDOQC,10.274643079706037,99.65,1023.8681828927066
5208-HFSBT,46.52804391846446,55.05,2561.3688177114686
2984-AFWNC,25.262274998641363,95.4,2410.0210348703863
3186-BAXNB,33.043379866744516,91.7,3030.077933780472
6968-GMKPR,1.2149264672768338,81.55,99.0772534064258
2003-CKLOR,0.2708167482812793,99.5,26.94626645398729
2782-JEEBU,22.688083234261512,36.0,816.7709964334144
9906-NHHVC,6.505583778627296,53.5,348.04873215656033
7351-KYHQH,31.208016999000776,64.95,2026.9607040851006
2761-OCIAX,22.26453382471846,74.7,1663.1606767064688
8017-LXHFA,10.836107822029296,94.75,1026.7212161372759
5035-BVCXS,15.401495760384503,75.9,1168.9735282131837
2851-MMUTZ,17.077951301901383,56.15,958.9269656017626
8158-WPEZG,29.479552059350144,35.65,1050.9460309158326
2081-VEYEH,37.828597896189756,107.95,4083.597142893684
6407-UTSLV,33.051306933124884,83.8,2769.699520995865
9060-HJJRW,17.398772431383737,56.4,981.2907651300427
5318-IXUZF,32.113370814330644,87.15,2798.6802664689158
1803-BGNBD,26.361985778664184,54.3,1431.4558277814651
7530-HDYDS,16.231889965120686,84.25,1367.5367295614178
8496-EJAUI,20.39247046394593,73.85,1505.9839437624069
4115-UMJFQ,1.6816895891250039,35.75,60.12040281121889
6702-OHFWR,39.525578621715354,43.3,1711.4575543202748
4143-HHPMK,1.3057020436675275,85.35,111.44166942702347
0523-VNGTF,6.769264771069819,50.5,341.8478709390259
0923-PNFUB,22.586666178922073,83.75,1891.6332924847236
9894-QMIMJ,43.280122575274135,55.8,2415.0308397002964
8069-YQQAJ,20.744598979404365,31.1,645.1570282594759
1636-NTNCO,44.20814423634817,50.95,2252.404948841939
8563-OYMQY,29.148039935918177,90.95,2651.0142321717585
2361-FJWNO,28.299472313849996,36.0,1018.7810032985999
5054-IEXZT,22.979760392712464,75.35,1731.524945590884
5447-WZAFP,11.271763535035555,100.3,1130.5578825640662
0602-DDUML,14.159786602914052,69.75,987.6451155532551
3365-SAIGS,10.63116747832714,83.55,888.2340428142325
5989-PGKJB,12.565531334304058,86.25,1083.777077583725
3933-DQPWX,21.435290366578155,39.7,850.9810275531528
6296-DDOOR,40.747841509592284,58.2,2371.524375858271
0380-NEAVX,27.76520104728244,99.85,2772.3553245711514
8337-MSSXB,13.637146711905983,86.3,1176.8857612374863
1153-GNOLC,27.794091595973903,39.1,1086.7489814025796
2135-DQWAQ,18.719059251872643,85.3,1596.7357541847364
9314-QDMDW,47.45456009936754,61.25,2906.591806086262
5156-UMKOW,32.22796346171315,29.65,955.5591166397949
1089-HDMKP,31.407342449948402,54.55,1713.2705306446853
7548-SEPYI,20.375555278120718,96.25,1961.1471955191191
4307-KWMXE,33.534754927938714,35.75,1198.867488673809
8481-YYXWG,26.845975354747587,89.35,2398.687897946697
9018-PCIOK,15.528727408586358,64.75,1005.4850997059666
6769-DCQLI,16.430274070388958,105.0,1725.1787773908407
4391-LNRXK,29.808134863311544,94.95,2830.2824052714313
2011-TRQYE,32.40655618038421,33.5,1085.619632042871
5893-PYOLZ,15.540438444056372,81.8,1271.207864723811
8414-OOEEL,5.723978723244244,79.5,455.05630849791737
6599-GZWCM,39.63660270066677,74.65,2958.8723916047747
5533-NHFRF,36.184157516302086,44.4,1606.5765937238125
9163-GHAYE,20.140029819671266,48.85,983.8404566909414
4360-QRAVE,13.985114218102066,36.65,512.5544360934407
1845-ZLLIG,29.965576930540525,50.15,1502.7736830666072
9093-FPDLG,27.924300707804495,94.2,2630.4691266751834
1564-HJUVY,45.34376108024899,63.75,2890.664768865873
7517-LDMPS,14.498672679089184,84.6,1226.587708650945
5226-NOZFC,8.176800757524582,85.75,701.1606649577329
9619-GSATL,22.098196055508883,55.45,1225.3449712779675
1428-GTBJJ,14.489010909213855,74.55,1080.1557632818929
8802-UNOJF,28.595695767024623,83.8,2396.3193052766633
6313-GIDIT,4.996293792497686,54.45,272.04819700149903
5649-RXQTV,2.9280335075618256,99.0,289.8753172486207
6898-MDLZW,28.406000856380523,53.75,1526.8225460304532
0258-NOKBL,32.017464080857714,90.4,2894.3787529095375
2960-NKRSO,18.427844052861452,85.95,1583.8731963434418
4177-JPDFU,32.19861471111619,34.0,1094.7529001779506
4770-UEZOX,20.66274075034093,74.75,1544.5398710879845
6022-UGGSO,5.397983715099673,74.4,401.6099884034157
1406-PUQVY,30.54288673297195,49.9,1524.0900479753002
1322-AGOQM,10.139046209180542,30.3,307.21310013817043
7005-CCBKV,19.853223436678537,84.4,1675.6120580556685
2141-RRYGO,39.154360134295075,68.65,2687.946823219357
9931-DCEZH,39.09497970546736,54.4,2126.766895977424
1898-JSNDC,26.232463699165535,58.6,1537.2223727711005
9391-DXGGG,22.98218046757387,89.15,2048.8613886842104
1432-FPAXX,10.358355318190496,30.6,316.9656727366292
5649-ANRML,49.720680840184926,95.1,4728.436747901586
2919-HBCJO,29.29800821571377,76.65,2245.6923297344606
0581-BXBUB,22.25302099684705,72.75,1618.9072775206228
2603-HVKCG,11.251942775703506,101.4,1140.9469974563356
8393-DLHGA,11.00777633649343,95.9,1055.64575066972
7636-OWBPG,34.11501939335253,29.35,1001.2758191948969
0570-BFQHT,23.419171489263892,80.55,1886.4142634602065
6869-FGJJC,2.009565228761927,79.6,159.96139220944937
3665-JATSN,17.248033436001474,39.7,684.7469274092585
3629-ZNKXA,20.700901066880114,101.8,2107.3517286083957
5482-VXSXJ,11.573263707320914,93.2,1078.6281775223092
4183-WCSEP,9.978970822616365,78.45,782.8502610342539
2874-YXVVA,13.407408478109293,105.1,1409.1186310492867
7284-BUYEC,40.57586732992471,50.95,2067.340440459664
2402-TAIRZ,24.003632302815763,80.05,1921.4907658404018
7657-DYEPJ,30.885883906503373,70.15,2166.6447560412116
1120-BMWUB,24.00907697518483,53.9,1294.0892489624623
2108-YKQTY,41.094198250226015,50.7,2083.475851286459
4465-VDKIQ,16.80651455220756,77.8,1307.5468321617482
0975-VOOVL,30.727440198225494,29.2,897.2412537881844
4317-VTEOA,29.301122826083184,50.75,1487.0319834237216
2227-JRSJX,25.643501855919553,99.15,2542.553209014424
7541-YLXCL,28.697948639785487,65.4,1876.845841041971
9026-LHEVG,27.701145564889813,40.75,1128.8216817692598
8148-BPLZQ,8.52168618806697,49.8,424.3799721657351
5693-PIPCS,29.753686435070488,99.65,2964.954853254774
0396-UKGAI,29.40404156586807,55.3,1626.0434985925042
6038-GCYEC,28.787852723935426,54.15,1558.8622250011033
9040-KZVWO,36.567578485842496,75.5,2760.8521756811083
2645-QTLMB,20.06121399922437,94.25,1890.769419426897
6339-RZCBJ,23.52161141590942,78.9,1855.8551407152534
0650-BWOZN,10.639805505988821,73.55,782.5576949654778
3932-CMDTD,57.65384339124314,105.65,6091.128554284838
8805-JNRAZ,30.918008804700296,49.2,1521.1660331912547
0479-HMSWA,43.95930584854027,105.45,4635.508801728572
4503-BDXBD,17.69995206864228,74.95,1326.6114075447388
5816-SCGFC,25.38034227353657,51.3,1302.011558632426
5206-XZZQI,2.356995380436144,80.6,189.97382766315317
7950-XWOVN,31.50535081009467,34.7,1093.235673110285
7421-ZLUPA,23.224780040143756,29.25,679.3248161742049
6689-KXGBO,31.31264259066549,50.55,1582.8540829581405
5404-GGUKR,26.104170701331203,51.35,1340.4491655133572
9522-BNTHX,14.69255389725825,56.25,826.4561567207766
3329-WDIOK,29.968983630610023,50.6,1516.430571708867
9974-JFBHQ,1.6491007083965308,99.15,163.50833523751604
7184-LRUUR,44.46139589240536,65.25,2901.1060819794498
4826-TZEVA,9.628935463343446,74.8,720.2443726580897
4628-CTTLA,1.507860526799041,39.3,59.258918703202305
4439-YRNVD,32.22157720574319,36.25,1168.0321737081906
7733-UDMTP,3.070250240849044,55.0,168.86376324669743
3663-MITLP,19.070855703065575,101.25,1930.9241399353896
6917-IAYHD,43.01763910494642,33.6,1445.3926739261997
4395-PZMSN,22.410232412961314,85.55,1917.1953829288402
5176-LDKUH,12.942242869200971,75.15,972.6095516204531
6195-MELTI,9.895646348098726,54.65,540.7970729235954
1226-UDFZR,27.33749182043288,49.6,1355.939594293471
2187-LZGPL,37.79037047470829,40.1,1515.3938560358024
6288-LBEAR,13.470652495605828,79.1,1065.528612402421
4369-NYSCF,13.042343287157847,75.75,987.9575040022069
4013-TLDHQ,14.679244232269253,78.25,1148.6508611750692
4366-CTOUZ,19.93180216981458,100.2,1997.1665774154212
1307-ATKGB,13.925214982601585,89.55,1247.0030016919718
1792-UXAFY,16.865313605736166,89.15,1503.5427079513793
6874-SGLHU,32.94729805587543,97.0,3195.8879114199167
5951-AOFIH,21.241680428749063,66.4,1410.447580468938
3397-AVTKU,26.579333547983104,60.0,1594.7600128789863
0225-ZORZP,25.62361176346165,84.3,2160.070471659817
2013-SGDXK,24.350946750282734,84.3,2052.7848110488344
3633-CDBUW,49.775624118952884,80.85,4024.3592100173405
9274-UARKJ,21.177162102055174,83.2,1761.9398868909905
9688-YGXVR,8.970273652979518,88.15,790.7296225101446
5572-ZDXHY,9.928800992048885,84.3,836.997923629721
3709-OIJEA,36.15375253516127,85.2,3080.29971599574
8065-BVEPF,0.9612913907018625,99.1,95.26397681855457
6723-CEGQI,6.293918448537189,45.25,284.79980979630784
6305-YLBMM,1.8131808776478229,104.05,188.66147031925595
6008-NAIXK,12.977656592506984,55.45,719.6110580545122
7581-EBBOU,9.836005737115883,70.15,689.9958024586792
4274-OWWYO,21.400593766865573,74.35,1591.1341465664552
8627-EHGIP,21.359150708863176,53.95,1152.3261807431684
7501-VTYLJ,32.85037311585226,51.55,1693.4367341221837
9972-NKTFD,25.733798241927552,54.65,1406.3520739213407
5174-RNGBH,34.05696778573844,66.25,2256.2741158051717
8631-WUXGY,4.537769879297318,99.8,452.86943395387226
8350-NYMVI,20.66413016498036,41.1,849.2957497806929
0440-UEDAI,15.332210514590056,94.45,1448.1272831030308
3765-JXVKY,19.947662839472528,74.7,1490.090414108598
3669-LVWZB,30.755911939713055,51.0,1568.5515089253659
4430-UZIPO,37.19960247354394,36.85,1370.8053511500943
5673-TIYIB,52.70988177874745,40.4,2129.479223861397
2606-RMDHZ,38.09901942603452,30.5,1162.020092494053
8020-BWHYL,23.456853326384543,75.3,1766.3010554767561
9840-EFJQB,23.36804099004305,74.35,1737.4138476097005
0696-UKTOX,23.687262742200428,54.15,1282.6652774901531
1902-XBTFB,15.04875654601372,89.4,1345.3588352136267
7025-IWFHT,20.971919850608458,89.55,1878.0354226219874
6261-LHRTG,24.706512436053103,54.75,1352.6815558739074
7753-USQYQ,11.797868937892854,64.2,757.4231858127213
5424-RLQLC,23.64465867568201,59.65,1410.4038900044318
9526-JAWYF,14.546591348734164,89.8,1306.283903116328
2379-ENZGV,18.698032542920316,84.85,1586.5280612667887
8718-PTMEZ,19.28792394031684,31.05,598.890038346838
6933-FHBZC,35.710217586608394,56.05,2001.5576957294004
6538-POCHL,15.83066572604805,79.0,1250.6225923577958
6693-FRIRW,31.913560623724297,101.3,3232.8436911832714
0329-GTIAJ,29.159061603766524,97.9,2854.672131008743
5364-EVNIB,18.57309989726007,79.8,1482.1333718013536
6339-DKLMK,19.40541989129877,31.65,614.181539559606
1707-HABPF,19.787577365404044,91.3,1806.605813461389
9752-ZNQUT,27.188710146383922,48.6,1321.3713131142586
5399-ZIMKF,18.42048013866718,74.65,1375.088842351505
5196-SGOAK,20.1539008605199,75.7,1525.6502951413565
9761-XUJWD,45.75655178735609,65.6,3001.629797250559
3570-YUEKJ,4.706054484017532,49.55,233.1849996830687
8132-YPVBX,19.402210620707002,85.95,1667.620002849767
2969-QWUBZ,34.63101869191814,51.4,1780.0343607645925
4844-JJWUY,24.109790307283035,86.0,2073.441966426341
3538-WZPHD,27.999880654644368,29.6,828.7964673774734
1628-BIZYP,23.828169008039815,85.0,2025.3943656833842
0068-FIGTF,39.4866467568147,78.2,3087.85577638291
2931-FSOHN,22.312348368462562,59.9,1336.5096672709074
2908-ZTPNF,18.044110445347187,34.85,628.8372490203495
8756-RDDLT,0.08342417321759425,44.95,3.749916586130862
6907-CQGPN,19.02282018118813,34.3,652.4827322147528
0212-ISBBF,16.341457246171633,50.35,822.7923723447417
1472-TNCWL,6.262895646178491,94.7,593.0962176931031
2080-GKCWQ,24.245542740071546,74.95,1817.2034283683624
4884-ZTHVF,17.848573630688286,87.1,1554.6107632329495
3055-OYMSE,3.251250154166534,73.8,239.94226137749018
5081-NWSUP,53.71414411013839,64.9,3486.047952747982
8319-QBEHW,38.96305057597028,39.95,1556.5738705100127
4226-KKDON,32.4575711915767,66.65,2163.297119918587
0080-EMYVY,50.5938078842591,51.45,2603.051415645131
6218-KNUBD,29.446875205513056,59.45,1750.6167309677512
4009-ALQFH,12.964934317935812,99.5,1290.0109646346134
7562-GSUHK,29.038486036334383,93.2,2706.3868985863646
0439-IFYUN,10.8207517277771,74.7,808.3101540649494
1042-HFUCW,41.6040495065287,54.75,2277.8217104824466
1977-STDKI,21.178346074729117,73.0,1546.0192634552254
4636-OLWOE,13.710165121782993,61.0,836.3200724287625
3249-VHRIP,9.388600592485137,43.6,409.342985832352
3736-BLEPA,36.68131418471161,91.25,3347.1699193549343
6603-QWSPR,25.000922286236797,104.4,2610.096286683122
9894-EZEWG,32.844387156887,74.3,2440.3379657567043
7851-FLGGQ,40.77532913413403,44.65,1820.6184458390844
8761-NSOBC,7.667105457977,100.55,770.9274537995873
8413-VONUO,27.762308911232658,95.65,2655.464847359404
0742-NXBGR,26.52345658159463,82.3,2182.880476665238
1353-LJWEM,34.287943909672606,60.9,2088.1357840990618
4923-ADWXJ,27.450904858948455,65.8,1806.2695397188083
0520-FDVVT,30.392819239699982,102.35,3110.705049183293
4576-CSAJH,44.54616080293306,55.15,2456.720768281758
8344-WFMFH,24.13563078161353,50.1,1209.1951021588377
9979-RGMZT,47.287485961577545,94.05,4447.388054686368
1442-BQPVU,22.17516694405398,29.15,646.4061164191735
9412-ARGBX,22.32267907159383,95.5,2131.8158513372105
6906-MPARY,26.274685144520912,89.6,2354.2117889490737
1596-OQSPS,23.414476598971362,51.1,1196.4797542074366
3635-JBPSG,53.79370848496867,38.8,2087.195889216784
6897-UUBNU,14.697601146906633,89.65,1317.6399428201798
2363-BJLSL,4.208880698358226,80.4,338.3940081480014
6211-WHMYA,0.8879221985753053,43.85,38.935388407527135
9398-MMQTO,36.2506732250652,74.45,2698.8626216061043
1450-SKCVI,0.4118413281349316,73.85,30.414482082764696
9013-AQORL,12.615974694547113,45.55,574.6576473366209
2843-CQMEG,13.883363235208803,49.7,690.0031527898775
0786-VSSUD,21.340100111702494,39.0,832.2639043563972
5568-DMXZS,30.72489754670192,65.45,2010.944544431641
6633-SYEUS,28.53400474219198,83.2,2374.0291945503727
6304-IJFSQ,28.184077373485074,49.9,1406.3854609369052
1471-GIQKQ,31.17883462102199,49.95,1557.3827893200485
0550-DCXLH,33.470574359113655,73.35,2455.0666292409865
7750-EYXWZ,54.02670459126972,60.65,3276.7196334605082
5575-GNVDE,32.74650705271275,56.95,1864.9135766519912
7795-CFOCW,25.355201615879746,42.3,1072.5250283517132
6713-OKOMC,26.58605974053929,29.75,790.9352772810439
5129-JLPIS,22.974758400646902,105.5,2423.8370112682483
7410-OIEDU,22.16809909867024,79.85,1770.1227130288185
5630-AHZIL,50.08528213842621,64.5,3230.5006979284904
9750-BOOHV,32.34710338521742,30.15,975.2651670643053
4549-ZDQYY,18.656287545584526,57.95,1081.1318632666232
9560-BBZXK,35.07587325824834,31.05,1089.105864668611
4622-YNKIJ,37.12840465905748,88.95,3302.571594423163
7850-VWJUU,17.591068414831483,75.0,1319.3301311123612
2070-FNEXE,33.75782367240158,76.45,2580.785619755101
7825-ECJRF,25.642750045723293,106.6,2733.5171548741027
6778-JFCMK,39.90789650610431,50.6,2019.339563208878
8937-RDTHP,24.822881392948172,84.6,2100.0157658434155
0221-WMXNQ,24.94926934807401,75.35,1879.9274453773767
0322-YINQP,30.570515647907257,48.55,1484.1985347058971
6390-DSAZX,21.776761933951548,73.6,1602.7696783388337
7277-OZCGZ,16.914036324380724,89.05,1506.1949346861034
0623-IIHUG,18.475036135977966,41.9,774.1040140974768
6122-EFVKN,46.9048973110202,35.75,1676.850078868972
2181-UAESM,39.67973280081592,53.45,2120.881718203611
5760-WRAHC,30.71856059462781,69.75,2142.61960147529
3482-ABPKK,38.1459654081476,54.3,2071.3259216624147
0750-EBAIU,15.573941716493124,91.25,1421.1221816299976
2817-NTQDO,41.96504752590576,45.55,1911.5079148050072
3627-FHKBK,24.63281177899508,75.3,1854.8507269583295
9411-TPQQV,29.19659737152272,54.55,1592.6743866165643
4957-TREIR,50.32146746762647,64.4,3240.702504915145
0067-DKWBL,30.878355397269914,49.25,1520.7590033155432
6923-JHPMP,25.756754736955507,80.45,2072.1309185880705
9871-ELEYA,37.58489870686735,67.65,2542.6183975195763
6092-QZVPP,26.9630484839623,79.2,2135.473439929814
6549-NNDYT,31.864979185923513,30.85,983.0346078857405
7905-TVXTA,34.76904532843926,64.35,2237.388066885066
0207-MDKNV,31.443515169580248,105.1,3304.713444322884
7876-AEHIG,19.864487963532156,60.15,1194.8489510064592
4315-MURBD,35.17785054302993,98.9,3479.0894187056606
2719-BDAQO,17.75931969853718,93.85,1666.7121537077142
3956-CJUST,19.12655215594042,75.4,1442.1420325579077
4198-VFOEA,51.889534598805014,33.6,1743.4883625198486
8467-WYNSR,26.934781717974655,55.1,1484.1064726604036
0851-DFJKB,34.96238686422382,58.95,2061.032705645994
8388-FYNPZ,38.635850240000565,56.75,2192.584501120032
9889-TMAHG,45.87537134019361,100.3,4601.299745421419
2483-XSSMZ,24.357511715294095,47.85,1165.5069355768226
0929-HYQEW,29.226880236477434,50.15,1465.7280438593432
3354-OADJP,59.71010591000122,54.25,3239.273245617566
1624-WOIWJ,15.223686064949934,84.7,1289.4462097012595
7143-BQIBA,45.14135214322369,62.25,2810.049170915675
3800-LYTRK,51.18977538688719,55.7,2851.2704890496166
8883-GRDWQ,46.405244771226535,54.0,2505.883217646233
9763-PDTKK,46.78580608185818,94.4,4416.580094127413
1430-SFQSA,37.8878186169965,35.6,1348.8063427650754
9359-UGBTK,4.633612859362439,72.35,335.24189037487247
3164-YAXFY,5.990891799291927,53.75,322.0104342119411
0384-RVBPI,37.476881768312126,64.4,2413.511185879301
1004-NOZNR,13.95742904200809,94.8,1323.164273182367
1907-YLNYW,33.87363124154923,66.7,2259.371203811334
0121-SNYRK,18.316350276621147,35.4,648.3987997923886
6250-CGGUN,15.052981438091015,84.4,1270.4716333748818
9432-RUVSL,23.49680761692825,102.5,2408.422780735146
0895-UADGO,62.63470047530674,44.55,2790.375906174915
0222-CNVPT,11.024483053871396,48.8,537.9947730289241
4283-IVYCI,38.84513896266254,64.95,2522.991775624932
8695-WDYEA,35.395701576183875,51.25,1814.0297057794235
6416-YJTTB,32.5995320107035,79.5,2591.662794850928
7338-ERIVA,30.68966876392233,45.05,1382.569577814701
4116-TZAQJ,27.5734907861392,74.25,2047.3316908708355
8345-MVDYC,26.672375945792403,81.65,2177.79949597395
8286-AFUYI,33.68256297039948,47.95,1615.0788944306553
6959-GQEGV,10.82175953582082,75.95,821.9126367455914
2801-NISEI,24.932670687490948,54.95,1370.0502542776276
3511-APPBJ,43.84678799183029,99.95,4382.486459783438
3948-XHGNA,24.755568119521712,49.55,1226.6384003223006
5110-CHOPY,11.607311437802359,53.6,622.1518930662064
0017-DINOC,17.715077936979192,45.2,800.7215227514595
8543-MSDMF,39.387313644027266,77.4,3048.5780760477105
6356-ELRKD,23.52111045424305,95.6,2248.6181594256354
4223-BKEOR,45.12941251844132,64.85,2926.6424018209195
8220-OCUFY,45.12549983003572,60.25,2718.8113647596524
9537-VHDTA,35.1568751287368,51.2,1800.0320065913243
9150-HEPMB,13.375416869175268,52.7,704.8844690055366
0015-UOCOJ,24.727094744044855,48.2,1191.8459666629622
8963-JLGJT,41.58057072162088,55.9,2324.3539033386073
7377-DMMRI,28.59971033738455,47.8,1367.0661541269815
3113-IWHLC,34.535938240075545,55.8,1927.1053537962152
9796-MVYXX,57.03033295759039,39.7,2264.1042184163384
5141-ZUVBH,45.92320057073047,93.0,4270.857653077934
1821-BUCWY,40.52931983846753,55.65,2255.456649010718
8314-DPQHL,58.79877632122538,50.8,2986.977837118249
6360-SVNWV,15.685465444537307,73.55,1153.665983445719
1212-GLHMD,23.499981009904722,86.05,2022.1733659023014
8433-WXGNA,20.812280927324174,75.7,1575.48966619844
0022-TCJCI,24.97612126428946,62.7,1566.0028032709492
7175-NTIXE,32.28071555974435,76.15,2458.1764898745323
1849-RJYIG,23.696778846675194,60.0,1421.8067308005116
6463-MVYRY,14.80563332401283,69.85,1034.1734876822961
7799-DSEWS,31.714868029406695,68.35,2167.7112298099473
5639-NTUPK,35.61705286609037,52.1,1855.6484543233082
7629-WIXZF,53.46646427625218,59.1,3159.868038726504
5445-GLVOT,14.61749816462044,49.8,727.9514085980978
5472-CVMDX,3.9007520418831483,38.9,151.73925442925446
5133-VRSAB,29.731871485532665,29.35,872.6304281003837
6351-SCJKT,48.40884335266304,41.35,2001.7056726326168
1023-BQXZE,14.686988235764419,74.35,1091.9775753290844
1215-VFYVK,47.522664536492,48.25,2292.968563885739
3170-GWYKC,6.895362041825461,104.95,723.6682462895822
8869-TORSS,22.125247962154685,60.35,1335.2587145160353
1658-TJVOA,17.51513992386125,74.1,1297.8718683581185
4139-JPIAM,13.382532982564273,44.45,594.853591074982
4402-FTBXC,5.2036292947198115,89.8,467.2859106658391
3987-KQDDU,19.533206153321633,75.6,1476.7103851911154
3489-VSFRD,14.748835416363292,60.25,888.6173338358883
9513-DXHDA,41.45177844045579,81.7,3386.610298585238
5199-FPUSP,36.46668664569649,34.05,1241.6906802859655
4702-HDRKD,4.638473997363228,49.35,228.9086917698753
0516-WJVXC,37.506238508028915,54.2,2032.8381271351673
2452-SNHFZ,8.896966867949178,75.45,671.2761501867656
9909-DFRJA,41.946859875707034,95.85,4020.606519086519
0587-DMGBH,22.57060251786948,49.85,1125.1445355157937
4931-TRZWN,23.201238412037334,71.95,1669.3291037460863
7075-BNDVQ,38.073776850955966,35.0,1332.5821897834587
3866-MDTUB,31.33412289130009,70.75,2216.8891945594814
7029-IJEJK,16.507015664062873,44.1,727.9593907851727
5447-VYTKW,23.307607637496037,53.45,1245.7916282241633
8879-ZKJOF,28.899067066679983,79.85,2307.5905052743965
4837-PZTIC,24.39973391683002,41.9,1022.3488511151778
0603-OLQDC,27.332559595275594,69.85,1909.1792877300002
1837-YQUCE,1.9704510210233355,58.35,114.97581707671162
2947-DOMLJ,36.81399915248726,50.6,1862.7883571158554
1877-HKBQX,52.66111934010483,54.6,2875.297115969724
5201-FRKKS,20.82355521533332,74.3,1547.1901524992657
7730-IUTDZ,3.4922173342519165,75.2,262.61474353574414
6738-ISCBM,23.47729190655321,54.0,1267.7737629538733
8722-NGNBH,46.30798133092867,40.0,1852.3192532371468
9987-LUTYD,52.10061130272732,55.15,2873.348713345412
5186-EJEGL,39.81153183290119,69.5,2766.9014623866324
9209-NWPGU,24.03721172562649,65.4,1572.0336468559726
1097-FSPVW,18.25337655374175,54.55,995.7216910066123
0191-EQUUH,46.31112689913291,35.05,1623.2049978146083
2391-SOORI,32.96977064855819,49.35,1627.0581815063467
0412-UCCNP,16.50023033872848,59.2,976.813636052726
8885-QSQBX,44.75262675936319,49.55,2217.492655926446
4201-JMNGR,37.290458930059266,55.8,2080.807608297307
3620-MWJNE,38.93250162840911,54.45,2119.8747136668762
6174-NRBTZ,22.18988574314548,30.75,682.3389866017236
5999-LCXAO,33.9932874405118,29.9,1016.3992944713028
0991-BRRFB,21.406512164513504,49.4,1057.481700926967
0701-TJSEF,48.748530858725026,68.25,3327.087231107983
6629-LADHQ,32.59811416825473,50.95,1660.8739168725788
3815-SLMEF,40.78581552509007,34.25,1396.914181734335
5154-VEKBL,43.83566216913045,58.5,2564.3862368941313
4324-AHJKS,47.98692121845235,55.8,2677.6702039896413
5382-TEMLV,11.84302408898979,50.9,602.8099261295803
7634-WSWDB,27.066439956280036,38.5,1042.0579383167815
0618-XWMSS,17.422914736110393,74.9,1304.9763137346686
5862-BRIXZ,25.656388262696517,60.75,1558.6255869588133
1629-DQQVB,33.670361395880605,50.1,1686.8851059336184
0374-AACSZ,32.39601139996124,50.15,1624.659971708056
6537-QLGEX,18.993154755684067,38.9,738.8337199961102
1453-RZFON,34.833807924767775,49.9,1738.207015445912
0641-EVBOJ,30.279300137442508,82.3,2491.9864013115184
0829-XXPLX,25.584047672725298,89.4,2287.213861941642
6624-JDRDS,40.80948731915839,29.45,1201.8394015492147
9780-FKVVF,40.41986499129761,59.15,2390.8350142352533
5049-MUBWG,43.1844198632763,75.0,3238.831489745722
8316-BBQAY,6.921290765113507,59.95,414.93138136855475
8706-HRADD,25.667246240792544,43.55,1117.8085737865151
5108-ADXWO,14.231193682081082,73.5,1045.9927356329595
9362-MWODR,20.012739304207535,64.1,1282.816589399703
5485-WUYWF,53.0303741309592,66.4,3521.2168422956915
7596-LDUXP,50.78868705947471,85.15,4324.656703114272
9134-WYRVP,15.13682566249831,86.35,1307.064895956729
6873-UDNLD,15.291298320542573,67.45,1031.3980717205966
3969-GYXEL,16.807893581789372,76.4,1284.1230696487082
1544-JJMYL,42.83844789234255,69.35,2970.8463613339554
3018-TFTSU,35.70505843533186,81.7,2917.1032741666127
7797-EJMDP,47.3476199537426,66.05,3127.3102979446985
4860-IJUDE,26.25105636394907,73.75,1936.0154068412437
7639-SUPCW,25.821576731575213,48.8,1260.0929445008703
0311-QYWSS,23.949881699560844,49.45,1184.3216500432839
3540-RZJYU,15.528219566096347,86.2,1338.5325265975052
1791-PQHBB,45.68125268377208,61.2,2795.6926642468516
6119-SPUDB,25.403020125918808,38.25,971.6655198163944
8144-DGHXP,17.601187173195257,80.6,1418.6556861595375
9732-KPKBW,38.88688147640117,53.95,2097.9472556518435
9058-MJLZC,10.319698989782255,94.6,976.2435244334013
5092-STPKP,33.267817145381414,56.35,1874.6414961422427
6075-QMNRR,7.993701862644893,49.75,397.68666766658345
0909-SDHNU,30.409457496155394,29.8,906.2018333854307
9692-TUSXH,12.927931612629227,96.05,1241.7278313930371
6094-ZIVKX,3.535632884841207,54.45,192.51521057960375
1376-HHBDV,11.572275457690594,48.8,564.727042335301
6686-YPGHK,5.911643772749244,85.5,505.44554257006035
5317-FLPJF,5.914230333515991,61.35,362.838030961206
4625-EWPTF,25.191266562657887,30.45,767.0740668329327
7105-BENQF,51.208459749656,64.85,3320.8686147651915
0128-MKWSG,26.458172821670036,45.8,1211.7843152324876
3021-VLNRJ,20.478652148932454,70.8,1449.8885721444176
2282-YGNOR,40.58062851104109,58.0,2353.6764536403834
8745-PVESG,13.87459333522775,41.1,570.2457860778605
9110-HSGTV,2.959293588527057,82.45,243.99375637405586
9495-REDIY,42.29547984607623,40.65,1719.3112557429988
7246-ZGQDF,42.643914684662725,54.5,2324.0933503141187
2207-OBZNX,26.19955914869049,51.0,1336.177516583215
1221-GHZEP,9.63390346926289,65.1,627.1671158490141
7794-JASDG,31.126264665336215,50.75,1579.657931765813
3703-TTEPD,35.02179060521579,65.35,2288.6740160508516
8837-VVWLQ,19.412021607233818,84.95,1649.051235534513
0623-GDISB,40.79857655946582,48.45,1976.6910343061193
9152-AMKAK,64.93922671207123,80.25,5211.372943643716
1794-HBQTJ,42.36540172692889,48.6,2058.958523928744
2458-EOMRE,42.95527060571506,64.05,2751.2850822960495
7312-XSBAT,34.132937829118106,49.75,1698.1136569986259
4369-HTUIF,33.20915449092331,85.15,2827.75950490212
0336-KXKFK,0.0,61.2,0.0
1580-BMCMR,14.737770981701367,87.3,1286.6074067025293
2237-ZFSMY,26.987451474235492,95.55,2578.650988363201
3500-RMZLT,29.667467448538382,96.3,2856.9771152942462
2338-BQEZT,7.3085715481476,50.55,369.44829175886116
2122-YWVYA,10.037840635761553,75.4,756.8531839364211
3229-USWAR,35.61589829481961,79.95,2847.4910686708276
4316-XCSLJ,20.79225534699258,50.3,1045.8504439537267
2709-UQGNP,24.158666542389145,51.65,1247.7951269143994
6156-UZDLF,41.829795199731535,87.15,3645.4666516566035
6625-IUTTT,4.909686232427028,65.55,321.82993253559164
1356-MKYSK,55.012235892379934,78.65,4326.712352935682
4712-AUQZO,28.32062787010203,33.6,951.5730964354283
5995-OIGLP,34.556967803790364,56.65,1957.6522260847241
6888-SBYAI,31.113637157028073,50.7,1577.4614038613233
4673-KKSLS,18.634216408554604,87.6,1632.3573573893832
8063-RJYNF,14.931919248498875,94.25,1407.333389171019
2325-NBPZG,18.080119620416124,74.55,1347.872917702022
1397-XKKWR,57.9777208778591,35.3,2046.613546988426
9526-BIHHD,35.76405811433187,29.7,1062.1925259956565
8757-TFHHJ,44.2585564325878,49.8,2204.0761103428727
5493-SDRDQ,37.001732038380396,55.1,2038.79543531476
0870-VEMYL,49.12963556583329,53.85,2645.6308752201226
0118-JPNOY,19.606014962159833,85.8,1682.1960837533136
4343-EJVQB,21.439284374555616,74.35,1594.01079324821
6769-DYBQN,5.795419937368204,85.0,492.6106946762974
6956-SMUCM,42.493394464625595,99.0,4206.8460519979335
2812-ENYMO,43.450849105480614,54.55,2370.2438187039675
5872-OEQNH,9.78021836483665,44.45,434.7307063169891
3587-PMCOY,51.19728213297854,98.9,5063.411202951578
8778-LMWTJ,14.136499744228576,74.85,1058.1170058555088
0848-SOMKO,1.9761127736800967,48.4,95.64385824611668
2335-GSODA,48.17765278293483,40.1,1931.9238765956866
0807-ZABDG,37.96570611271961,55.1,2091.9104068108504
9610-WCESF,4.8462370290872006,43.9,212.7498055769281
8668-KNZTI,16.634543875516844,53.75,894.1067333090303
7560-QJAVJ,1.9748751225498826,79.6,157.20005975497065
8782-NUUOL,10.865768599480866,79.0,858.3957193589885
9236-NDUCW,49.66975466285114,35.1,1743.408388666075
9828-QHFBK,15.307708877781254,51.15,782.9893090985111
9626-WEQRM,27.07850916289147,29.15,789.3385420982863
2810-FTLEM,17.635653458777085,50.15,884.4280209576708
0305-SQECB,53.5413348346612,36.05,1930.165120789536
4011-ARPHK,17.279688844279697,50.35,870.0323333094827
2144-ESWKO,26.098308034495123,35.2,918.6604428142284
9928-BZVLZ,59.05069767220892,49.85,2943.677278959615
5295-PCJOO,28.907481834830072,49.4,1428.0296026406056
9820-RMCQV,37.08985445498007,48.55,1800.7124337892824
1116-DXXDF,31.373641689610597,100.45,3151.4823077213846
7009-LGECI,38.55263137545878,50.55,1948.8355160294414
8217-QYOHV,36.57144779048376,55.75,2038.8582143194697
2758-RNWXS,29.430223600150473,89.2,2625.1759451334224
2750-BJLSB,20.505240261199965,103.7,2126.3934150864366
3186-AJIEK,5.879327711014106,105.65,621.1509726686404
3668-QPYBK,33.08256158069539,53.85,1781.4959411204468
6388-TABGU,7.665912781480158,56.15,430.4410026801109
6865-JZNKO,18.759978202373432,55.3,1037.4267945912507
9420-LOJKX,28.233587955314366,99.1,2797.9485663716537
0191-ZHSKZ,15.505531146790826,74.75,1159.0384532226142
2639-UGMAZ,0.6200189537642298,56.45,35.00006993999077
8992-VONJD,24.08050409720056,56.0,1348.5082294432314
3316-UWXUY,8.253068367509355,93.5,771.6618923621247
7605-BDWDC,40.093408326441484,49.85,1998.656405073108
3197-ARFOY,23.34473439650975,105.0,2451.197111633524
0314-TKOSI,31.84941207961379,55.15,1756.4950761907005
3727-OWVYD,30.533914504602045,61.2,1868.6755676816451
8626-PTQGE,2.8825240866579955,60.05,173.0955714038126
1708-PBBOA,25.196847140046884,54.75,1379.527380917567
8111-BKVDS,42.847288015522466,40.7,1743.8846222317645
1154-HYWWO,28.448695379563777,70.6,2008.4778937972026
4568-KNYWR,19.04683207451933,63.25,1204.7121287133475
0215-BQKGS,19.65202195385462,84.3,1656.6654507099445
8208-EUMTE,54.974396652655706,54.85,3015.3456563981654
7133-VBDCG,17.205965412993592,79.85,1373.8963382275383
7596-ZYWBB,6.385758945723172,59.6,380.5912331651011
8224-IVVPA,14.02016423391926,56.7,794.9433120632222
5125-CNDSP,7.258087897222399,40.6,294.6783686272294
6916-HIJSE,6.7731827871320425,84.85,574.7045594881538
9851-KIELU,34.720860781999136,110.1,3822.766772098105
4079-WWQQQ,0.0,65.55,0.0
4824-GUCBY,15.2099883155431,81.7,1242.6560453798713
3429-IFLEM,0.9724977320275291,77.35,75.22269957232938
0343-QLUZP,11.534834429633497,39.6,456.7794434134865
4525-VZCZG,12.335090278029938,105.85,1305.669305929469
4598-ZADCK,14.936935228923415,53.6,800.6197282702951
1866-NXPSP,30.887510441218193,75.55,2333.5514138340345
0562-KBDVM,1.9257789769423839,44.6,85.88974237163032
5223-UZAVK,5.285254015403789,100.3,530.110977745
5514-YQENT,29.688569416298886,111.15,3299.8844906216214
7881-EVUAD,33.40507870952558,42.6,1423.0563530257898
5766-XQXMQ,24.72515951073431,68.85,1702.3272323140573
3658-QQJYD,7.600787104788351,74.3,564.7384818857745
5091-HFAZW,25.157923015011328,91.15,2293.1446828182825
2773-MADBQ,34.88166584199173,53.1,1852.2164562097612
4510-PYUSH,14.853767749015798,57.15,848.8928268562529
4524-QCSSM,24.849701525318196,44.65,1109.5391731054574
2039-JONDJ,39.367012808666416,55.45,2182.900860240553
2272-UOINI,36.839638038678956,78.5,2891.911586036298
4587-NUKOX,23.031886440938884,79.1,1821.8222174782657
2430-RRYUW,3.2164081487349505,54.8,176.25916655067527
8100-HZZLJ,6.230831323732612,63.95,398.4616631527005
6179-GJPSO,13.532587133016838,108.15,1463.549298435771
3806-DXQOM,29.749987768388138,33.65,1001.0870884062608
7707-PYBBH,11.214920048042938,61.9,694.2035509738579
7951-VRDVK,33.53134761191523,85.85,2878.6661924829223
8097-VBQTZ,4.208665530425282,69.9,294.18572057672725
4957-TIALW,54.1060196055363,65.6,3549.3548861231807
2506-CLAKW,44.9746580555672,98.15,4414.262688153921
6177-PEVRA,23.032951629165765,55.5,1278.3288154187
4967-WPNCF,0.0,63.7,0.0
9755-JHNMN,22.506937644235773,67.4,1516.9675972214911
9308-ANMVE,4.544108554126355,55.3,251.28920304318743
6114-TCFID,39.239098679641,39.5,1549.9443978458196
0567-GGCAC,35.97859484083856,61.4,2209.0857232274875
2585-KTFRE,53.24741123248628,70.45,3751.2801213286584
0320-DWVTU,17.972526890782824,99.5,1788.266425632891
6620-HVDUJ,32.14071217351999,60.45,1942.9060508892833
6061-GWWAV,25.525268715369805,70.2,1791.8738638189604
7963-SHNDT,18.932727065308367,39.1,740.2696282535571
6384-VMJHP,0.0,73.0,0.0
2792-LSHWX,32.81854541746025,83.4,2737.066687816185
8250-ZNGGW,50.282997724442154,59.9,3011.951563694085
8780-YRMTT,5.632824885499695,47.4,266.9958995726855
7274-CGTOD,9.666662422745343,43.7,422.4331478739715
6402-SSEJG,40.49404727031269,61.05,2472.1615858525897
4404-HIBDJ,41.93047612076292,74.3,3115.4343757726847
6584-VQMYT,36.50925851207368,56.2,2051.820328378541
5353-WILCI,15.099302980442427,56.05,846.3159320537981
1575-KRZZE,32.78691058340024,55.2,1809.8374642036936
1699-UOTXU,11.168706820087955,61.4,685.7585987534004
5993-JSUWV,5.663306479744792,61.15,346.311191236394
6505-OZNPG,64.74533068166123,63.4,4104.853965217322
6164-HAQTX,0.9725825217573479,53.95,52.47082704880892
6203-HBZPA,19.663579032378834,63.9,1256.5027001690075
2606-PKWJB,26.828359883937868,40.25,1079.8414853284992
5311-IHLEI,41.715690719563554,50.95,2125.4144421617634
8740-XLHDR,43.3893842307255,43.25,1876.5908679788777
7351-MHQVU,50.34284950032724,50.95,2564.968182041673
5762-TJXGK,19.29744596314258,58.75,1133.7249503346266
4250-FDVOU,31.361449658941613,56.25,1764.0815433154658
5680-LQOGP,3.8762952999657934,82.45,319.60054748217965
5056-FIMPT,24.551385661903158,106.0,2602.446880161735
9938-EKRGF,38.18860741929695,84.45,3225.0278965596276
4825-XJGDM,9.610341528401179,43.7,419.9719247911315
6137-MFAJN,3.7427799868996408,44.8,167.6765434131039
0384-LPITE,29.12846236641639,62.05,1807.4210898361368
3658-KIBGF,31.9642497546158,54.9,1754.8373115284073
7580-UGXNC,36.71084615049813,54.85,2013.5899113548223
6693-DJWTY,32.015804903380264,55.6,1780.0787526279428
9391-LMANN,13.31855989083748,95.95,1277.9158215258562
5206-HPJKM,31.398822492479567,55.5,1742.634648332616
2165-VOEGB,21.478117289777835,105.2,2259.497938884628
2045-BMBTJ,23.40989334427595,59.45,1391.7181593172054
4795-WRNVT,8.456019346194768,65.1,550.4868594372793
0133-BMFZO,31.762199228510354,86.25,2739.489683459018
3656-TKRVZ,33.66489244826445,55.35,1863.3517970114376
2364-UFROM,35.82633246501323,70.4,2522.1738055369315
8328-SKJNO,45.41361939630173,40.65,1846.0636284596653
0840-DCNZE,22.726487261644834,86.95,1976.0680674000184
1729-VLAZJ,55.14401809194881,40.25,2219.5467282009395
4006-HKYHO,8.736136897980824,86.7,757.4230690549375
5574-NXZIU,8.692768993247993,109.2,949.2503740626809
0019-GFNTW,15.592308479091066,45.05,702.4334969830525
4676-WLUHT,17.287330904443067,46.2,798.6746877852697
3160-TYXLT,6.239409055351396,46.3,288.8846392627696
4632-XJMEX,16.735557050647667,62.85,1051.829760633206
2969-VAPYH,4.091519720200559,60.5,247.5369430721338
8474-UMLNT,42.12680473706852,67.8,2856.1973611732456
6480-YAGIY,24.33585950292012,112.2,2730.4834362276374
8582-KRHPJ,3.4701603523579383,35.0,121.45561233252783
8908-NMQTX,0.0,65.6,0.0
8680-CGLTP,35.22937018053433,58.75,2069.725498106392
0853-NWIFK,15.996646376609375,100.3,1604.4636315739203
9039-RBEEE,18.84244846843559,48.95,922.3378525299223
3891-NLXJB,33.483965162461786,40.55,1357.7747873378253
3639-XJHKQ,24.4291568194669,60.6,1480.4069032596942
6893-ODYYE,18.617267865079334,90.1,1677.415834643648
6578-KRMAW,19.47063201585054,93.4,1818.5570302804406
4329-YPDDQ,34.337792882838045,108.2,3715.3491899230767
5760-FXFVO,22.271032839466226,78.95,1758.2980426758586
0373-AIVNJ,55.49925549687482,39.55,2194.995554901399
9518-IMLHK,27.545977837072854,72.45,1995.7060942959283
4654-GGUII,45.742090624413194,40.2,1838.8320431014106
5730-RIITO,11.520429392575227,33.45,385.3583631816414
0931-MHTEM,12.733974835639998,100.05,1274.0341823057818
1193-RTSLK,12.711624072869807,83.9,1066.505259713777
5923-GXUOC,27.745970088562096,104.4,2896.679277245883
4973-RLZVI,39.26479323922506,74.65,2931.1168153081508
8404-VIOMB,5.8070391865762225,62.5,362.9399491610139
4393-RYCRE,19.72899285091987,106.05,2092.2596918400523
6635-MYYYZ,39.39754925012967,85.35,3362.5808284985674
4994-OBRSZ,57.46228097774804,76.1,4372.879582406626
9842-EFSYY,40.001408671571625,57.2,2288.080576013897
0930-EHUZA,30.609225180683232,76.35,2337.0143425451647
7379-FNIUJ,32.034625489172214,100.2,3209.869474015056
5236-XMZJY,15.201370811406488,59.65,906.761768900397
1502-XFCVR,8.171439100002605,106.45,869.8496921952773
0254-FNMCI,0.0,109.9,0.0
8109-YUOHE,45.41203580318614,56.1,2547.615208558743
0361-HJRDX,3.9021575134515727,64.35,251.10383599060867
1676-MQAOA,0.0,75.1,0.0
7349-ALMUX,34.43428955062627,65.6,2258.889394521083
5115-GZDEL,0.0,67.2,0.0
9591-YVTEB,2.2195819202324225,44.85,99.54824912242415
6682-QJDGB,7.695508218931423,55.25,425.1768290959611
9839-ETQOE,9.074301231853216,40.45,367.0554848284626
5338-YHWYT,34.34028687549786,61.45,2110.210628499344
4565-EVZMJ,18.66654776460967,58.9,1099.4596633355095
6283-GITPX,0.9715040801276196,76.9,74.70866376181395
8910-ICHIU,20.572620893694218,95.65,1967.771188481852
7879-CGSFV,9.355247070945584,100.9,943.9444294584094
2676-OXPPQ,39.595198891217876,55.7,2205.452578240836
5753-QQWPW,35.69465204637892,59.9,2138.109657578097
0248-PGHBZ,4.661763265789609,92.45,430.9800139222493
6646-JPPHA,19.979913544133282,78.85,1575.4161829549091
7880-XSOJX,42.997157793452246,42.4,1823.0794904423751
2460-FPSYH,8.663594426094523,55.8,483.42856897607436
9670-BPNXF,23.29602958368323,62.55,1457.166650459386
4797-AXPXK,40.75127560905144,60.0,2445.0765365430866
9386-LDCZR,25.108377090485913,90.65,2276.074383252548
6064-ZATLR,43.62186589944857,52.85,2305.4156127858573
0289-IVARM,14.037689542203971,60.55,849.9821017804504
6261-RCVNS,27.70890185585612,73.9,2047.6878471477673
7395-XWZOY,38.87303847148892,55.0,2138.0171159318907
7049-GKVZY,51.46598901979842,79.85,4109.559223230904
9714-EDSUC,34.15310081665075,94.9,3241.1292675001564
7325-ENZFI,28.657621135960365,40.3,1154.9021317792026
5614-DNZCE,13.567608730977687,64.9,880.537806640452
6458-CYIDZ,26.64237011471337,80.7,2150.039268257369
7054-DMVAS,17.050437126269355,65.3,1113.3935443453888
7055-VKGDA,14.547887624077788,105.4,1533.347355577799
6734-FQAJX,4.52461145659022,105.05,475.3104335148026
2680-XKKNJ,59.286706715193574,58.2,3450.486330824266
2999-AANRQ,50.183782501721666,71.05,3565.557746747324
2834-JKOOW,51.6534885101098,45.9,2370.89512261404
5195-KPUNQ,12.813215095686047,96.75,1239.678560507625
5203-XEHAX,29.318908616145336,64.35,1886.6717694489523
1518-VOWAV,28.419509896335867,74.65,2121.5164137614724
2188-SXWVT,28.786400399534806,55.0,1583.2520219744142
6169-PGNCD,14.564413844867559,74.3,1082.1359486736596
4747-LCAQL,23.950403328626944,79.0,1892.0818629615285
6810-VCAEX,22.004007901876008,39.65,872.4589133093837
8292-FRFZQ,29.363931222892024,41.15,1208.3257698220068
7359-SSBJK,7.663481564078954,70.2,537.9764057983426
7957-RYHQD,9.183308359648976,79.2,727.3180220841989
0076-LVEPS,24.032127585243334,45.0,1081.44574133595
9867-XOBQA,49.97058886268593,53.15,2655.9367980517573
6563-VNPMN,9.777003346313537,85.7,837.8891867790701
2710-WYVXG,67.4883065585508,71.1,4798.418596312962
8738-JOKAR,23.596640514481713,67.7,1597.492562830412
2133-TSRRM,17.775890686127696,105.35,1872.6900837835526
2371-KFUOG,10.124067082125471,99.15,1003.8012511927406
6598-KELSS,17.67728805556906,43.05,761.007250792248
2108-XWMPY,33.15860997477728,35.45,1175.4727236058545
5482-NUPNA,37.547959316786844,60.4,2267.8967427339253
9305-CDSKC,16.889518822133084,99.65,1683.040550625562
8168-UQWWF,24.936966239559354,97.85,2440.0821465408826
3714-NTNFO,0.5096224481266841,84.5,43.06309686670481
1658-BYGOY,9.308681949520025,95.45,888.5136920816865
5954-BDFSG,0.0,107.5,0.0
5698-BQJOH,14.064537408285322,94.4,1327.6923313421344
7123-WQUHX,28.13732980764207,95.0,2673.046331725997
8597-CWYHH,15.915807015489602,94.35,1501.6563919114437
0404-SWRVG,13.687800557674331,74.4,1018.3723614909703
4412-YLTKF,6.2096447605303045,78.05,484.66277355939025
2876-GZYZC,8.76089186051877,85.95,752.9986554115883
7799-LGRDP,28.234190938851512,25.7,725.6187071284838
3874-EQOEP,17.544856770944403,95.0,1666.7613932397182
9167-APMXZ,11.295032318456016,84.15,950.4769695980739
7554-NEWDD,61.15696793211376,25.7,1571.7340758553235
2656-FMOKZ,7.756784668862968,74.45,577.492618596848
9367-WXLCH,25.793600368859117,84.5,2179.5592311685955
4811-JBUVU,15.665180378018233,89.9,1408.2997159838392
1984-GPTEH,21.181263610761825,25.15,532.7087798106598
0303-UNCIP,22.529340116918778,65.0,1464.4071075997206
6292-TOSSS,21.43282929711089,24.9,533.6774494980612
2080-SRCDE,46.265241082117235,25.4,1175.1371234857777
6202-DYYFX,34.974074904149845,76.0,2658.029692715388
7534-BFESC,5.231019180906686,76.1,398.0805596669988
8098-LLAZX,15.97631387419031,95.45,1524.939159291465
2739-CACDQ,21.37001098315983,82.65,1766.23140775816
0122-OAHPZ,9.851028652787132,73.85,727.4984660083296
2868-SNELZ,22.609357431226165,80.6,1822.3142089568287
0021-IKXGC,14.866730821651943,72.1,1071.891292241105
0259-GBZSH,15.467321265649286,85.65,1324.7760664028615
5686-CMAWK,42.967591425071284,86.75,3727.4385561249337
8782-LKFPK,2.8136979467429852,90.4,254.35829438556587
3597-MVHJT,10.68867120882386,95.6,1021.8369675635611
4360-PNRQB,14.083978101908794,75.6,1064.7487445043048
8592-PLTMQ,5.499082072765818,24.7,135.8273271973157
1452-VOQCH,15.346371272429,75.1,1152.5124825594178
8372-JUXUI,16.374062189135167,74.35,1217.4115237621995
8981-FJGLA,15.049424570910405,78.0,1173.8551165310116
9412-GHEEC,14.689496206468638,104.8,1539.4592024379133
6825-UYPFK,12.875396599608338,75.6,973.3799829303903
9282-IZGQK,15.934286501973647,85.0,1354.4143526677599
5348-CAGXB,13.764887580344826,89.55,1232.645682819879
2782-LFZVW,15.90130778619612,58.95,937.3820939962613
1342-JPNKI,19.9956171337935,86.05,1720.6228543629304
0939-YAPAF,4.653858246150959,100.25,466.54928917663364
2865-TCHJW,19.095200703743522,89.2,1703.2919027739222
5192-EBGOV,16.338753750162642,85.7,1400.2311963889385
5172-MIGPM,34.069205161741166,65.55,2233.236398352133
7138-GIRSH,21.28814421226316,69.5,1479.5260227522895
9396-ZSFLL,14.556259368403362,48.85,711.0732701465042
7134-MJPDY,3.8097177284964996,102.85,391.82946837586496
1140-UKVZG,30.878816569840453,24.8,765.7946509320433
3276-HDUEG,14.675449127610483,75.05,1101.3924570271668
9092-GDZKO,33.70115700532689,24.85,837.4737515823733
2324-AALNO,21.065928257110734,24.55,517.1685387120685
7251-LJBQN,26.301294275048765,103.75,2728.7592810363094
5313-FPXWG,17.98759203327994,24.6,442.49476401868657
5076-YVXCM,2.9441820614869267,83.4,245.5447839280097
2276-YDAVZ,24.054595282123252,75.1,1806.500105687456
9450-TRJUU,3.2703000737598913,83.15,271.92545113313497
1766-GKNMI,4.051527975013188,84.9,343.97472507861966
9661-JALZV,13.454003655122257,24.7,332.3138902815197
9944-AEXBM,8.769279414221003,85.65,751.088781828029
4950-HKQTE,48.545170936831816,26.25,1274.310737091835
6439-GTPCA,3.637819494910467,87.25,317.39975093093824
6683-VLCTZ,12.364430323376965,98.55,1218.5146083687998
0236-HFWSV,9.209582568136502,93.35,859.7145327355424
2040-OBMLJ,32.974682629673,81.7,2694.031570844284
3009-JWMPU,3.670526583743346,96.75,355.1234469771687
1450-GALXR,17.03209348872305,98.5,1677.6612086392204
3196-NVXLZ,4.139031000195193,84.6,350.16202261651335
4335-BSMJS,9.551948654075943,25.8,246.44027527515934
0727-BMPLR,8.06345169550671,100.0,806.345169550671
8713-IGZSO,45.37352515185199,24.85,1127.5321000235222
2382-BCKQJ,3.762656511220307,100.15,376.8300495987138
4124-MMETB,15.345063377210007,94.65,1452.4102486529273
0323-XWWTN,67.37778118120191,26.4,1778.7734231837303
4713-ZBURT,25.510461814658047,99.7,2543.3930429214074
6259-WJQLC,12.984577381446517,81.1,1053.0492256353125
9734-YWGEX,31.282803189221497,98.3,3075.099553500473
0781-LKXBR,19.30598545302587,100.5,1940.2515380290997
6103-BOCOU,5.974686958072154,80.7,482.15723751642287
4750-ZRXIU,14.97277416924334,84.6,1266.6966947179865
6680-WKXRZ,26.019054766336012,74.4,1935.8176746153995
7028-DVOIQ,5.970097401674322,99.05,591.3381476358416
5382-SOYZL,6.6371741041286985,95.1,631.1952573026392
3158-MOERK,16.14947127116359,96.0,1550.3492420317048
5879-SESNB,10.500875601307381,75.25,790.1908889983805
8603-IJWDN,17.59802040423302,86.6,1523.9885670065794
8361-LBRDI,13.54174777325984,24.35,329.7415582788771
1374-DMZUI,15.761135026819629,94.3,1486.275033029091
9524-EGPJC,11.90771874828795,90.1,1072.8854592207442
9361-YNQWJ,6.139242544947177,24.4,149.7975180967111
4822-RVYBB,20.03248288878342,100.6,2015.267778611612
1767-CJKBA,5.529975012578783,25.1,138.80237281572747
7013-PSXHK,24.68416058665158,80.75,1993.245967372115
0376-YMCJC,9.76413579262902,90.6,884.6307028121892
0655-RBDUG,29.644318037980234,98.05,2906.625383623962
4546-FOKWR,14.957465522488224,74.75,1118.0705478059947
9578-FOMUK,31.402710699890196,24.8,778.7872253572768
9397-TZSHA,2.826586153727884,24.6,69.53401938170595
1271-UODNO,31.550992734478125,53.85,1699.0209587516472
8461-EFQYM,27.180403456290627,24.25,659.1247838150477
6900-RBKER,18.380445867151472,89.45,1644.1308828166993
3452-ABWRL,3.876136888261767,86.05,333.54157923492505
0411-EZJZE,19.8930641886502,60.25,1198.5571173661745
7851-WZEKY,15.991929062658002,95.15,1521.632050311909
4189-NAKJS,35.97544701757844,51.55,1854.5342937561684
5673-FSSMF,22.806582985043388,60.15,1371.8159665503597
8089-UZWLX,0.86275059306842,104.05,89.7691992087691
1579-KLYDT,17.08453933845258,90.45,1545.2965831630358
9087-EYCPR,11.235036744425447,25.0,280.8759186106362
6358-LYNGM,15.310651341686992,74.9,1146.7677854923559
9866-QEVEE,15.419857372178145,86.0,1326.1077340073205
1618-CFHME,13.419206031752108,75.9,1018.5177378099851
5835-BEQEU,14.133681419231443,76.95,1087.5867852098597
5565-FILXA,9.226178550882182,96.15,887.0970676673218
7321-PKUYW,17.82428279590185,90.15,1606.859094050552
6198-ZFIOJ,14.144235764855418,75.6,1069.3042238230696
3372-KWFBM,8.804076663566946,86.6,762.4330390648975
7831-QGOXH,5.915584822794878,85.2,504.00782690212367
9277-JOOMO,43.02809610162972,24.6,1058.4911641000913
4656-CAURT,2.826574679456043,23.95,67.69646357297222
9415-DPEWS,10.663896271977507,88.35,942.1552356292126
0196-JTUQI,19.48015446694826,75.2,1464.9076159145093
7943-RQCHR,11.279511670040735,94.75,1068.7337307363596
3793-MMFUH,10.464560757112965,95.05,994.6564999635873
3334-CTHOL,31.86319905341786,49.95,1591.5667927182221
9518-RWHZL,4.293054094759628,100.05,429.5200621807008
1970-KKFWL,36.21359341090556,23.3,843.7767264740995
6960-HVYXR,17.20467243637188,76.0,1307.5551051642628
9337-SRRNI,5.712041639812209,25.3,144.5146534872489
7024-OHCCK,17.178945902221294,93.85,1612.2440729234684
5302-BDJNT,10.10908496788667,95.5,965.4176144331769
5357-TZHPP,24.53717752624249,84.4,2070.9377832148666
7767-UXAGJ,22.166932931152882,50.45,1118.321766376663
6510-UPNKS,45.271355594599044,24.8,1122.7296187460563
1571-SAVHK,18.10781075565523,99.95,1809.8756850277402
9546-CQJSU,19.576122687270257,91.4,1789.2576136165017
1666-JZPZT,9.65410686460249,49.0,473.051236365522
3211-AAPKX,13.131718594467035,98.55,1294.1308674847262
8445-DNBAE,23.42818629676659,50.05,1172.5807241531677
2951-QOQTK,37.590043363619145,80.8,3037.275503780427
8970-ANWXO,37.343335744170936,73.75,2754.0710111326066
5394-SVGJV,13.18493137116302,98.8,1302.6712194709062
7079-QRCBC,8.33180292530546,98.75,822.7655388739142
9809-IMGCQ,7.798762339159989,96.7,754.140318196771
0529-ONKER,10.92607760567088,75.65,826.5577708690022
0481-SUMCB,19.439615092478316,102.15,1985.75668169666
5240-IJOQT,16.662580998431277,74.7,1244.6948005828165
1921-KYSAY,23.100382865067555,68.6,1584.6862645436343
6518-KZXCB,48.64125647980373,25.25,1228.1917261150443
1157-BQCUW,15.319577367265284,74.95,1148.202323676533
2660-EMUBI,13.352638055154674,95.35,1273.174038558998
6485-QXWWE,9.624952656240875,26.0,250.24876906226277
3068-OMWZA,22.971153819527057,88.8,2039.8384591740025
4939-KYYPY,18.894710558635655,59.45,1123.2905427108897
6352-TWCAU,1.963043854694786,86.45,169.70514123836426
1371-OJCEK,21.05998974575001,24.35,512.8107503090127
9490-DFPMD,1.295329600447093,84.65,109.64965067784644
3049-NDXFL,19.945746819636938,85.8,1711.3450771248492
4163-KIUHY,15.836426309461629,25.6,405.41251352221775
4829-AUOAX,4.638127026005719,96.05,445.4921008478493
1219-NNDDO,9.229049613351261,76.85,709.2524627860444
4403-BWPAY,53.66945794148745,24.8,1331.002556948889
5405-ZMYXQ,20.067387745459953,74.6,1497.0271258113123
4422-QVIJA,6.394946979328881,50.15,320.70659101334337
8593-WHYHV,15.76740053196505,85.3,1344.9592653766188
0107-YHINA,25.19041422967969,99.75,2512.743819410549
3280-MRDOF,40.963754663771105,69.1,2830.595447266583
6435-SRWBJ,23.083054254711175,82.75,1910.1227395773499
5935-FCCNB,8.508753273014388,94.2,801.5245583179554
3877-JRJIP,22.99862300558094,59.85,1376.4675868840193
9436-ZBZCT,14.232845738291797,89.95,1280.2444741593472
5356-KZCKT,13.494205697204482,24.45,329.93332929664956
2155-AMQRX,19.437470039969025,54.9,1067.1171051942995
8623-ULFNQ,14.524237886915424,66.05,959.3259124307638
3506-OVLKD,33.7354324908743,26.2,883.8683312609066
2070-XYMFH,8.277206345153113,79.35,656.7963234878995
4911-BANWH,9.285370459059708,86.55,803.6488132316177
1839-UMACK,24.926463324254257,25.05,624.4079062725691
3030-YDNRM,10.574267346510348,74.85,791.4839108862996
9350-ZXYJC,66.96194585639674,25.3,1694.1372301668375
6474-FVJLC,16.663714089346424,86.0,1433.0794116837924
4547-LYTDD,7.8377175603613605,72.65,569.4101807602528
1022-RKXDR,24.73506072582812,24.85,614.6662590368288
5356-CSVSQ,31.11451209906684,64.6,2009.9974815997177
7442-YGZFK,34.87887872218667,49.8,1736.968160364896
5834-ASPWA,15.40898255956315,75.45,1162.6077341190396
9497-QCMMS,19.377813030681253,93.55,1812.7944090202311
4514-GFCFI,7.537501745361828,84.75,638.8032729194149
3858-VOBET,4.629847985408326,74.95,347.0071065063541
8565-CLBZW,8.507555631311437,89.85,764.4038734733325
0224-HJAPT,21.6646863554047,47.15,1021.4899616573316
9430-FRQOC,26.95064424029727,87.1,2347.401113329892
3074-GQWYX,22.752920023588683,75.9,1726.9466297903812
8861-HGGKB,13.023146692801294,86.45,1125.851031592672
2038-LLMLM,3.4571239718698736,103.85,359.02232447868636
9734-UYXQI,19.600951118144792,49.4,968.2869852363527
7996-MHXLW,5.665682337278463,25.15,142.49191078255333
5153-RTHKF,3.1202956848305403,85.35,266.31723670028657
7901-TBKJX,0.8468646784957293,101.05,85.57567576199345
3486-KHMLI,29.829270261188547,24.7,736.7829754513571
6784-XYJAE,25.055410359434077,55.8,1398.0918980564215
5555-RNPGT,47.476794709314916,24.8,1177.4245087910099
2911-WDXMV,21.42266372941188,80.55,1725.595563404127
0925-VYDLG,15.486163138955687,75.25,1165.3337762064155
3521-HTQTV,37.288006834918534,26.1,973.2169783913738
4349-GFQHK,31.548935587852466,54.35,1714.6846491997815
4123-FCVCB,47.71107536642272,75.85,3618.885066543163
9787-XVQIU,15.382133366558957,75.3,1158.2746425018895
2014-MKGMH,13.908867013442926,101.1,1406.1864550590797
5628-FCGYG,6.323767390391138,84.1,531.8288375318947
2560-WBWXF,3.72452372923621,24.15,89.94724806105447
0248-IPDFW,20.588417762258846,50.1,1031.4797298891683
8007-YYPWD,56.099438643378726,25.05,1405.290938016637
4695-WJZUE,21.80230638980638,88.55,1930.5942308173549
7036-TYDEC,2.4496908691726356,104.0,254.7678503939541
2054-PJOCK,9.787637453399999,80.55,788.3941968713699
5334-AFQJB,0.0,25.1,0.0
2754-SDJRD,32.45804710474992,100.15,3250.673417540705
9578-VRMNM,28.60178090354973,65.2,1864.8361149114426
7488-MXJIV,12.744444230600948,85.65,1091.5616483509712
5414-OFQCB,13.655469803029105,90.45,1235.1372436839827
8949-JTMAY,14.393229842914288,98.6,1419.1724625113486
4094-NSEDU,6.9329423799416805,94.25,653.4298193095034
8739-XNIKG,11.818675391754137,84.0,992.7687329073475
7268-IGMFD,30.37494126673585,93.9,2852.2069849464965
2712-SYWAY,41.20435989172401,25.7,1058.9520492173071
7318-EIVKO,17.458886379760564,59.25,1034.4390180008133
3771-PZOBW,19.763069406466485,90.7,1792.5103951665103
8982-NHAVY,35.145934392844346,100.5,3532.166406480857
2519-FAKOD,10.426117422060969,99.25,1034.7921541395513
2205-YMZZJ,13.199889927015075,84.8,1119.3506658108784
5908-QMGOE,18.186775700206635,74.2,1349.4587569553323
1197-BVMVG,13.057700633037022,74.45,972.1458121296064
5406-KGRMX,0.8914019280575237,24.55,21.883917333812207
2609-IAICY,14.419284783090385,77.15,1112.4478210154232
9921-ZVRHG,10.831217318610697,80.45,871.3714332822307
7641-TQFHN,30.526033446021234,100.55,3069.392662997435
1596-BBVTG,8.88754005494255,75.35,669.676143139921
9067-YGSCA,1.4997893552719908,26.05,39.06951270483536
3707-GNWHM,15.836981377307236,74.25,1175.8958672650622
8245-UMPYT,9.262896768821385,96.4,892.9432485143816
8931-GJJIQ,10.31508423113867,83.3,859.2465164538512
0203-HHYIJ,43.371143349361674,25.3,1097.2899267388505
3230-WYKIR,49.121218720876485,82.0,4027.939935111872
3269-ATYWD,7.174224748707271,95.65,686.2145972138505
4910-GMJOT,16.7027712863951,94.6,1580.0821636929766
7748-UMTRK,9.145609280310662,101.3,926.4502200954701
7576-OYWBN,15.340754455846069,76.05,1166.6643763670934
6481-ESCNL,16.140929568514984,100.55,1622.9704681141816
4213-HKBJO,38.27257401694901,25.7,983.6051522355895
9953-ZMKSM,8.403750345610524,25.25,212.1946962266657
3550-SAHFP,2.4944511410849772,83.35,207.91250260943283
9462-MJUAW,23.890326575885176,50.4,1204.0724594246128
4283-FUTGF,10.662641222086883,79.85,851.4119015836376
4749-VFKVB,21.318971662350943,50.1,1068.0804802837822
6838-YAUVY,16.797368601506136,95.1,1597.4297540032335
0484-JPBRU,17.606062044136603,25.25,444.5530666144492
3426-NIYYL,15.712645090158555,51.55,809.9868543976735
3387-VATUS,25.762709440271973,94.85,2443.5929904097966
1143-NMNQJ,15.256187609175901,85.7,1307.4552781063749
7693-QPEFS,1.7273617480967813,72.95,126.0110395236602
5074-FBGHB,5.40681076970859,104.65,565.822747050004
6857-VWJDT,20.841138503045464,95.65,1993.4548978162989
3572-UOLYZ,7.809139707675845,84.8,662.2150472109116
2691-NZETQ,10.832504284575593,85.35,924.5542406885269
0581-MDMPW,15.696830747600982,88.95,1396.2330949991074
0709-TVGUR,10.032823993663147,74.55,747.9470287275876
6023-YEBUP,22.374104488338293,100.95,2258.6658480977508
6484-LATFU,3.6125228585089797,24.55,88.68743617639545
3251-YMVWZ,16.55858714146158,24.05,398.234020752151
7610-TVOPG,30.539795425723824,26.35,804.7236094678228
0233-FTHAV,6.179891069094257,79.2,489.44737267226515
2740-TVLFN,22.104493306697456,50.15,1108.5403393308775
2452-KDRRH,0.2693603101132951,101.4,27.313135445488122
0148-DCDOS,12.623598468725874,94.7,1195.4547749883402
8234-GSZYK,28.36989660218689,26.45,750.3837651278433
0564-JJHGS,12.635396555469924,95.5,1206.6803710473778
4526-EXKKN,30.633413454948336,24.6,753.5819709917291
7410-YTJIK,13.418374072317981,75.45,1012.4163237563916
4626-GYCZP,13.57239514648553,93.85,1273.7692844976668
1591-NFNLQ,4.501675039669555,80.0,360.13400317356445
4830-FAXFM,37.06219908392332,24.1,893.198997922552
5598-IKHQQ,0.0,25.45,0.0
7613-LLQFO,9.180864435698954,84.45,775.3240015947766
2640-PMGFL,8.177413847684875,79.5,650.1044008909475
9685-WKZGT,8.774958675233867,74.95,657.6831527087784
8896-BQTTI,43.22988613598791,25.0,1080.7471533996977
2065-MMKGR,33.89982698161377,71.0,2406.8877156945778
4176-RELJR,4.782987413148245,25.1,120.05298407002095
7120-RFMVS,19.21585395461396,84.5,1623.7396591648794
0617-FHSGK,3.8357237984004313,75.2,288.44642963971245
2858-MOFSQ,41.04796582043129,55.85,2292.5288910710874
1666-JXLKU,4.079165255630711,100.05,408.1204838258526
5652-MSDEY,9.097712277272077,75.75,689.1517050033598
5277-ZLOOR,15.502706675799248,85.55,1326.2565561146255
3853-LYGAM,28.377884663228667,95.65,2714.344668037822
6979-ZNSFF,10.487667384645334,87.05,912.9514458333763
6860-YRJZP,11.113902047639312,74.05,822.984446627691
4521-WFJAI,15.426562220638882,25.95,400.31928962557896
4803-AXVYP,5.163747323260075,99.55,514.0510460305404
5150-ITWWB,18.007619387506214,94.85,1708.0226989049643
6429-SHBCB,16.341992363195008,69.6,1137.4026684783723
3696-DFHHB,3.7539772027356983,25.5,95.7264186697603
8149-RSOUN,16.563356853606077,93.85,1554.4710407109303
4013-UBXWQ,26.509859860840283,74.65,1978.9610386117272
5519-NPHVG,9.646510852799121,94.2,908.7013223336772
2662-NNTDK,5.730087403181324,24.8,142.10616759889683
4132-KALRO,22.604095727872394,100.85,2279.6230541559307
7586-ZATGZ,1.54528641844659,84.9,131.1948169261155
3318-OSATS,3.5782539124410557,95.45,341.5443359424988
5144-TVGLP,4.07516612158044,94.75,386.1219900197467
8058-JMEQO,11.732414658207071,84.45,990.8024178855873
0697-ZMSWS,15.110936540180298,85.65,1294.2517146664425
8276-MQBYC,1.5522758887857517,97.8,151.8125819232465
9817-APLHW,35.73092494855953,25.0,893.2731237139883
0840-DFEZH,10.07981796233565,75.35,759.5142834619911
6015-VVHHE,24.610924347859743,83.15,2046.398359524538
6347-DCUIK,9.95972640722948,74.15,738.513713096066
2545-EBUPK,16.353078870512483,84.05,1374.476279066574
9124-LHCJQ,16.67509241567351,85.45,1424.8866469193015
2516-VQRRV,15.303078691366466,75.45,1154.6172872635998
7526-BEZQB,11.0848433183223,96.05,1064.6992007248568
8434-PNQZX,29.052807650563473,78.45,2279.1927601867046
5950-AAAGJ,17.568540949707245,84.3,1481.0280020603207
3834-XUIFC,13.634725490033077,85.2,1161.6786117508182
7801-KICAO,5.2864050573086345,74.15,391.9869349994353
7339-POGZN,21.660544998627763,50.7,1098.1896314304277
6221-AVQYL,26.078344814089505,73.25,1910.2387576320561
0003-MKNFE,22.138317700937698,59.9,1326.085230286168
4988-IQIGL,16.783714252461714,75.35,1264.65286892299
3199-XGZCY,9.50865093819006,75.25,715.525983098802
3785-KTYSH,18.098022722412445,24.6,445.21135897134616
6814-ZPWFQ,18.648897133381674,25.0,466.22242833454186
5019-GQVCR,1.46049261940647,84.85,123.92279875663897
4706-AXVKM,21.659431819802595,84.8,1836.71981831926
1703-MGIAB,23.02668582688069,69.0,1588.8413220547677
6212-ATMLK,0.5369739032372999,95.7,51.3884025398096
6134-KWTBV,9.618039105407926,23.4,225.06211506654543
6331-EWIEB,6.090900885302343,85.25,519.2493004720247
5998-VVEJY,7.872934778908561,80.5,633.7712497021391
3208-YPIOE,2.3158994034838982,75.25,174.27143011216333
2612-RANWT,24.651069619457363,100.15,2468.804622388655
0491-KAPQG,5.085318794312765,73.7,374.7879951408508
8219-VYBVI,31.922123665615235,25.0,798.0530916403809
5699-BNCAS,0.8937413531739795,24.65,22.030724355738595
8816-VXNZD,14.06692703419749,75.1,1056.4262202682314
2842-BCQGE,4.261925457856166,75.35,321.1360832494621
5899-MQZZL,7.638224718560119,75.0,572.866853892009
5312-UXESG,9.087726829604131,98.05,891.0516156426851
4993-JCRGJ,12.103018157004271,84.3,1020.28443063546
2103-ZRXFN,26.517312590927105,50.75,1345.7536139895506
1965-DDBWU,24.981804926136235,89.05,2224.6297286724316
9057-SIHCH,15.499747035405461,96.6,1497.2755636201675
8601-QACRS,18.245249722029595,50.6,923.2096359346975
5789-LDFXO,41.72250650926498,24.6,1026.3736601279186
4424-TKOPW,18.600107792749135,93.85,1745.6201163495061
8443-ZRDBZ,13.281937646328604,76.05,1010.0913580032903
7479-NITWS,29.080155618424815,89.35,2598.311904506257
0430-IHCDJ,12.375917480237115,49.0,606.4199565316186
6674-KVJHG,53.74722415932475,25.2,1354.4300488149836
1814-DKOLC,41.340971883603814,25.45,1052.127734437717
1866-RZZQS,4.0537904206834385,98.4,398.8929773952504
9631-XEYKE,35.27835316718161,50.4,1778.0289996259532
8800-JOOCF,8.98767760360769,84.05,755.4143025832263
4958-XCBDQ,6.210969737893038,101.4,629.7923314223541
8614-VGMMV,11.18989147035696,49.1,549.4236711945267
2800-QQUSO,3.9997265917103166,100.3,401.17257714854475
9306-CPCBC,12.423095966454763,74.25,922.4148755092662
1833-VGRUM,15.238314916864102,74.2,1130.6829668313164
9169-BSVIN,35.682361877127406,74.75,2667.2565503152737
7714-YXSMB,15.405240486197945,100.5,1548.2266688628936
7128-GGCNO,3.831225030437067,72.8,278.91318221581844
5701-SVCWR,46.00755027547822,24.0,1104.1812066114774
5299-SJCZT,33.832793864620704,101.55,3435.7202169522325
4090-KPJIP,12.538888749942501,74.95,939.7897118081905
2332-TODQS,21.27198844390206,25.05,532.8633105197466
9025-AOMKI,23.12760009368937,93.55,2163.5869887646404
6339-TBELP,0.8745059333585361,86.4,75.55731264217752
1304-NECVQ,19.614923575046113,78.55,1540.7522468198722
5655-JSMZM,1.019081241810717,96.2,98.03561546219098
8515-OCTJS,46.210469314153855,24.75,1143.7091155253079
2860-RANUS,16.001480506845642,85.8,1372.927027487356
1200-TUZHR,15.399875303352056,85.2,1312.0693758455952
9365-CSLBQ,0.9092679712612566,24.35,22.1406751002116
7625-XCQRH,8.222873185372842,76.5,629.0497986810225
0420-HLGXF,4.139525739337616,99.75,412.9176924989272
2565-JSLRY,43.044045657669095,24.05,1035.2092980669418
9667-TKTVZ,28.12482126937177,54.35,1528.5840359903557
8161-QYMTT,13.61673516765459,94.1,1281.3347792762968
0440-QEXBZ,2.1664535251917076,50.15,108.64764428836413
1196-AMORA,13.754797633118084,73.6,1012.3531057974909
4282-YMKNA,8.921153627547463,74.75,666.8562336591729
2476-YGEFM,8.688252169586017,76.0,660.3071648885373
8626-XHBIE,15.081530876403574,24.8,374.02196573480865
4822-YCXMX,5.116938494072568,84.8,433.9163842973538
4229-CZMLL,11.770978175743384,74.9,881.6462653631795
9741-YLNTD,31.339566281196632,87.95,2756.314854431244
7858-GTZSP,9.312477224558355,86.55,805.9949037855256
8224-DWCKX,20.002199864260955,73.3,1466.161250050328
4902-OHLSK,10.613024495950576,98.65,1046.9748665255245
7572-KPVKK,8.740962824615657,104.05,909.4971819012591
2357-COQEK,12.69728646015544,103.3,1311.6296913340568
5934-RMPOV,5.951359052144284,84.75,504.37767966922803
9027-YFHQJ,46.180882799144044,25.05,1156.8311141185584
5939-XAIXZ,14.670653976136258,56.1,823.0236880612441
3814-MLAXC,12.512194786084574,79.85,999.0987536688532
2692-PFYTJ,41.93205278578303,25.75,1079.750359233913
5442-UTCVD,26.488919320421314,91.85,2433.0072395806974
2091-RFFBA,2.7144692946891937,73.9,200.59928087753144
1131-ALZWV,44.026691533113336,24.6,1083.0566117145881
6899-PPEEA,2.699989912934552,96.55,260.684026093831
5599-HVLTW,21.74112437873673,80.35,1746.899343831496
3707-LRWZD,21.637403438856907,84.05,1818.623759035923
5743-KHMNA,0.943177893963329,25.55,24.098195190763057
7130-VTEWQ,10.763986281900426,75.75,815.3719608539573
7481-ATQQS,4.985632733441725,90.85,452.9447338331807
2277-VWCNI,23.60258169608355,48.75,1150.625857684073
0228-MAUWC,24.517854845791028,59.55,1460.0382560668556
8042-RNLKO,4.7684292992038975,25.45,121.35652566473918
8652-YHIYU,45.108812361004524,79.5,3586.1505826998596
4749-OJKQU,11.983978577438569,75.65,906.5879793832278
1608-GMEWB,4.717219138845941,93.9,442.94687713763386
6087-MVHJH,11.235645140506742,88.45,993.7928126778214
7083-YNSKY,38.8726171014606,25.4,987.3644743770991
5075-JSDKI,12.165908459443024,24.45,297.4564618333819
6711-FLDFB,10.01088904000337,74.9,749.8155890962524
7251-XFOIL,0.2943890079156814,89.2,26.259499506078782
8606-OEGQZ,53.23388399137258,25.3,1346.8172649817263
1264-BYWMS,0.31137350324021346,96.8,30.140955113652662
8808-ELEHO,17.137720261310815,81.25,1392.4397712315038
9058-CBREO,26.53777854868804,50.55,1341.4847056361803
8063-GBATB,4.633703152546473,85.25,395.0231937545868
8746-OQQRW,43.56909413794915,25.25,1100.119626983216
1069-XAIEM,17.359212037378615,85.05,1476.400983779051
2432-TFSMK,42.928348221954394,89.6,3846.3800006871134
3932-IJWDZ,9.746463825686174,103.65,1010.220975532372
1240-HCBOH,4.4565546306124615,26.1,116.31607585898526
0813-TAXXS,15.977871144825098,77.8,1243.0783750673925
0929-PECLO,0.6477957407720476,89.6,58.04249837317546
2462-XIIJB,18.947001665448145,92.5,1752.5976540539534
7817-BOQPW,13.359941676018474,75.55,1009.3435936231957
7402-EYFXX,5.988188422475508,93.6,560.4944363437075
1230-QAJDW,30.035220513000233,65.25,1959.7981384732652
0722-TROQR,13.134766201795319,74.9,983.7939885144694
7571-YXDAD,28.439936555233157,74.9,2130.1512479869634
7486-KSRVI,17.497546012148295,100.0,1749.7546012148296
3006-XIMLN,27.950166760549855,94.2,2632.9057088437967
9965-YOKZB,12.876345736704709,83.85,1079.6815900226898
0504-HHAPI,18.548967846589534,88.3,1637.8738608538558
9360-OMDZZ,5.841959835878017,94.1,549.7284205561214
0463-TXOAK,19.533509058046132,25.6,500.057831885981
0362-ZBZWJ,2.475189922845857,84.9,210.14362444961327
8979-CAMGB,4.456977625743757,102.1,455.0574155884376
1541-ETJZO,40.711430991956504,62.05,2526.144293050901
7813-ZGGAW,18.523962946119617,96.6,1789.4148205951549
0637-KVDLV,14.79676532844994,76.5,1131.9525476264205
8785-EPNCG,45.50351629162361,23.15,1053.4064021510865
7608-RGIRO,9.287033297199539,24.4,226.60361245166874
9102-OXKFY,12.151771404537033,54.15,658.0184215556803
4948-WBBKL,5.9174507657764925,74.9,443.2170623566593
9300-AGZNL,19.467271860178556,94.0,1829.9235548567842
7270-BDIOA,9.077152707438053,90.0,816.9437436694247
0921-OHLVP,7.889546986399447,83.05,655.2268772204741
3070-DVEYC,15.836837744578455,73.75,1167.966783662661
8696-JKZNU,1.8115149337727081,76.25,138.128013700169
5380-AFSSK,14.251268462700667,93.9,1338.1941086475927
3688-FTHLT,22.721655549529007,63.05,1432.6003823978037
4501-UYKBC,22.162952578502697,69.1,1531.4600231745362
8875-AKBYH,6.900993959010474,84.35,582.0988404425335
3703-KBKZP,16.38564913790629,74.45,1219.9115783171235
4735-ASGMA,8.434662816066483,98.35,829.5490879601385
7480-QNVZJ,0.8778183508458602,95.7,84.00721617594883
3943-KDREE,8.927609868056134,74.95,669.1243596108072
4398-HSCJH,27.313047000815974,63.6,1737.109789251896
2694-CIUMO,24.568246420821453,79.55,1954.4040027763465
7912-SYRQT,19.547612375531823,75.1,1468.0256894024399
0708-SJDIS,10.921944541839359,65.0,709.9263952195583
3320-VEOYC,11.211892212546024,95.6,1071.8568955193998
9500-LTVBP,12.505982821080508,80.05,1001.1039248274947
8149-AIQCG,5.358278709745512,73.15,391.9580876178842
7354-OIJLX,10.18878054809022,75.85,772.8190045726432
6551-ZCOTS,35.29372571025918,24.9,878.8137701854536
1602-IJQQE,14.787787462538942,75.35,1114.2597853023092
2676-SSLTO,21.769708116359052,66.15,1440.0661918971514
8258-GSTJK,15.515227473322534,77.0,1194.6725154458352
8541-QVFKM,9.248572591719173,73.5,679.7700854913592
3295-YVUSR,16.12305950843777,72.6,1170.534120312582
3797-FKOGQ,14.841932993551962,86.2,1279.3746240441792
8092-NLTGF,0.0,24.75,0.0
5928-QLDHB,10.251143050134736,76.25,781.6496575727737
3823-KYNQY,56.325214035995344,24.95,1405.3140901980837
5018-HEKFO,33.625750627099514,24.5,823.8308903639381
9233-PSYHO,19.306513675457925,100.15,1933.5473445971113
4060-LDNLU,17.082785131928162,96.2,1643.3639296914891
5366-IJEQJ,9.572548836229364,88.7,849.0850817735446
6233-HXJMX,5.980125091517546,89.3,534.0251706725168
4971-PUYQO,4.617447059990736,94.55,436.5796195221241
3338-CVVEH,13.630746441024556,94.55,1288.7870759988716
8486-AYEQH,2.3601337681501486,76.05,179.4881730678188
6029-WTIPC,5.494857123001551,101.1,555.5300551354568
9530-EHPOH,23.22700308243744,53.75,1248.4514156810126
7901-IIDQV,41.307773334658386,54.6,2255.404424072348
2982-IHMFT,15.926832730373278,74.45,1185.7526967762906
9050-QLROH,22.229288544178047,90.7,2016.1964709569488
2786-GCDPI,3.3573569678423953,104.95,352.3546137750594
8065-YKXKD,8.437745657492163,74.75,630.7214878975392
9229-RQABD,47.62908938573466,23.75,1131.190872911198
2362-IBOOY,2.4659512210018666,84.75,208.9893659799082
3137-LUPIX,27.41597611577793,64.4,1765.588861856099
0843-WTBXE,2.1750748989746183,85.45,185.86015011738112
7450-NWRTR,17.110509663837718,99.45,1701.640186068661
6407-GSJNL,20.39976281136402,24.95,508.9740821435323
1310-QRITU,9.94915961750907,50.3,500.4427287607062
4998-IKFSE,8.244949056477338,100.45,828.2051327231487
6331-LWDTQ,30.726825939948583,72.15,2216.9404915672903
7000-WCEVQ,12.59484432277844,61.6,775.8424102831519
5959-BELXA,11.268645758288141,96.15,1083.480289659405
2481-SBOYW,10.5529925590306,25.0,263.824813975765
7503-ZGUZJ,16.752126492201548,84.65,1418.067507564861
3002-WQZWT,2.6073437794081764,74.2,193.4649084320867
4912-PIGUY,14.771428640010834,84.6,1249.6628629449165
8473-VUVJN,16.467778198758868,73.65,1212.8518643385908
6923-EFPNL,36.055916099194505,51.75,1865.8936581333157
9644-KVCNC,2.6008636083154597,92.15,239.66958150626962
9279-CJEOJ,14.983147603395937,95.4,1429.3922813639724
6804-GDMOI,9.502248311536567,106.6,1012.939670009798
7601-DHFWZ,23.39973397819191,24.0,561.5936154766059
5982-XMDEX,6.6771158629064455,26.5,176.9435703670208
6284-AHOOQ,20.068032592500977,90.5,1816.1569496213383
1320-HTRDR,12.630267139982266,75.5,953.5851690686611
4391-RESHN,16.141735384279812,104.05,1679.5475667343144
1222-LRYKO,43.04760441349907,26.35,1134.3043762957006
7452-FOLON,30.075713508020637,25.45,765.4269087791253
5666-MBJPT,6.638055419912004,25.1,166.6151910397913
5229-PRWKT,12.619968711108795,86.55,1092.2582919464662
0795-XCCTE,0.0,25.4,0.0
7824-PANSQ,2.1713426811685173,80.65,175.11878723624093
3349-ANQNH,5.498185417202425,99.5,547.0694490116413
4548-SDBKE,12.016248421349296,85.2,1023.78436549896
7129-CAKJW,21.302493454943928,80.05,1705.2646010682613
2642-DTVCO,13.085485622802011,85.05,1112.920552219311
6754-WKSHP,38.752893044868244,25.35,982.38583868741
4581-SSPWD,12.680257102628962,75.8,961.1634883792753
3370-HXOPH,15.64289334535456,76.1,1190.4241835814819
9391-YZEJW,4.397971711798672,94.0,413.4093409090751
7876-BEUTG,11.721596711799764,48.8,572.0139195358284
7969-AULMZ,6.383312072863233,97.35,621.4154302932357
2968-SSGAA,15.769161715181612,100.6,1586.37766854727
9943-VSZUV,0.006537363568953001,75.7,0.4948784221697422
6080-LNESI,20.05547255218791,24.75,496.3729456666508
5816-QVHRX,13.289711377890935,100.3,1332.9580512024606
4430-YHXGG,40.33677647489212,25.45,1026.5709612860044
3640-PHQXK,5.429941518902145,89.9,488.15174254930287
2957-JIRMN,2.9733543538649254,84.45,251.09977518389297
9033-EOXWV,49.25910231482659,74.05,3647.636526412909
1324-NLTJE,33.26907049751755,55.0,1829.7988773634654
1689-YQBYY,8.69422257235406,76.6,665.9774490423209
0057-QBUQH,27.635949825102536,25.1,693.6623406100737
3920-HIHMQ,7.821834311489315,49.5,387.1807984187211
4458-KVRBJ,12.261699873787176,25.0,306.5424968446794
8364-TRMMK,19.77166063993894,50.65,1001.4346114129073
7356-AYNJP,60.491408623393724,23.9,1445.74466609911
9812-GHVRI,6.30734270661282,83.85,528.8706859494849
1228-ZLNBX,7.6477600085809865,75.3,575.8763286461483
6328-ZPBGN,21.308436251370008,95.15,2027.4977093178563
3413-CSSTH,10.458903806745353,55.7,582.5609420357162
8495-PRWFH,6.348804402905123,55.65,353.3109650216701
8111-RKSPX,22.766243915758118,72.2,1643.7228107177361
2097-YVPKN,6.49110357259374,25.75,167.14591699428883
9681-OXGVC,19.219856793652937,100.5,1931.5956077621202
5995-LFTLE,13.498839344204297,25.3,341.5206354083687
6521-YYTYI,19.08923602651157,93.3,1781.0257212735296
3428-MMGUB,9.610204558767837,89.55,860.5938182376598
7823-JSOAG,16.7157875713534,74.5,1245.3261740658281
4685-ERGHK,4.759174881239922,86.9,413.5722971797492
2985-FMWYF,5.294036615604032,93.5,494.992423558977
3223-WZWJM,4.746338509175862,83.95,398.4551178453136
9541-PWTWO,19.175348787386906,80.95,1552.24448433897
9250-WYPLL,14.135295475144968,75.55,1067.9215731472023
3162-KKZXO,8.072516847090878,100.15,808.4625622361515
8873-GLDMH,10.992547876432097,73.85,811.7996606745103
0691-NIKRI,25.999668725287158,105.95,2754.6649014441746
8651-ENBZX,6.544941712440573,106.0,693.7638215187008
3323-CPBWR,24.10682686082088,96.9,2335.9515228135433
6856-RAURS,13.859228502654673,74.9,1038.056214848835
9717-IOAAF,44.2086437316971,25.85,1142.7934404643702
2720-WGKHP,18.62969842893218,94.0,1751.1916523196248
1535-VTJOQ,47.20799166582984,25.15,1187.2809903956204
2101-RANCD,0.09729061998751498,73.1,7.1119443210873445
5748-RNCJT,2.655956489847974,106.5,282.85936616880923
3551-HUAZH,16.606812486281743,74.4,1235.5468489793618
2809-ZMYOQ,5.720769005546284,101.35,579.7999387121158
3685-YLCMQ,7.921165720517489,104.65,828.9499926521552
3094-JOJAI,8.72440927970508,74.15,646.9149480901317
9494-MRNYX,12.204712110623454,75.05,915.9636439022902
5419-JPRRN,24.181853340763038,101.45,2453.2490214204104
5889-LFOLL,8.5671657868485,84.6,724.7822255673831
2754-VDLTR,16.12454527173643,95.2,1535.0567098693082
3190-XFANI,16.798785821720557,100.6,1689.957853665088
7235-NXZCP,16.543157589218193,74.85,1238.2553455529817
3315-TOTBP,7.927384504012544,76.0,602.4812223049533
6969-MVBAI,15.734960931656985,90.1,1417.7199799422942
4662-EKDPQ,38.760591605137805,62.05,2405.0947090988006
9248-OJYKK,16.989641308288633,76.45,1298.858078018666
4415-IJZTP,13.964685093072415,74.5,1040.3690394338948
1705-GUHPV,8.348319276951415,24.2,202.02932650222422
2832-KJCRD,7.066081596042458,103.65,732.3993574298008
6258-NGCNG,40.49627797230786,23.5,951.6625323492347
1389-CXMLU,25.259583243461613,91.05,2299.8850543171798
2272-QAGFO,7.663607342104209,74.3,569.4060255183427
7315-WYOAW,20.104716841138764,100.75,2025.5502217447304
1173-XZPYF,12.98725258794861,89.2,1158.462930845016
8676-TRMJS,17.497945345700607,75.0,1312.3459009275455
5666-CYCYZ,9.006749818540275,89.55,806.5544462502816
2740-JFBOK,34.24191377498212,24.0,821.805930599571
5515-AKOAJ,0.923785821416074,100.1,92.470960723749
9003-CPATH,3.429518715868465,79.9,274.01854539789036
9546-KDTRB,36.628010199485914,24.7,904.7118519273021
8441-SHIPE,4.674655770624012,25.6,119.67118772797471
4597-ELFTS,12.311349848055062,24.9,306.55261121657105
8784-CGILN,21.952610619464767,99.85,2191.968170353557
5022-KVDQT,6.546765933228731,81.3,532.2520703714958
9451-LPGOO,13.286198461699165,86.8,1153.2420264754874
2025-JKFWI,17.282467920419442,99.0,1710.964324121525
4078-SAYYN,15.178047612181421,100.75,1529.1882969272783
6618-RYATB,19.847238439716524,79.55,1578.8478178794494
1273-MTETI,20.26168148570658,88.85,1800.2504000050294
0295-PPHDO,18.256140620458044,95.45,1742.5486222227203
3452-SRFEG,2.116348657045604,74.6,157.87960981560204
7603-USHJS,19.85373425861409,73.75,1464.2129015727892
7234-FECYN,22.065106928149007,101.35,2236.2985871679016
2215-ZAFGX,10.856584593822127,85.5,928.2379827717918
5136-GFPMB,3.901521761394739,89.4,348.79604546868967
1564-NTYXF,9.297911794600179,82.0,762.4287671572147
8685-WHQPW,11.80345946687381,74.4,878.1773843354116
8083-YTZES,12.990367434221481,74.35,965.833818734367
3585-ISXZP,25.46055966916542,95.65,2435.3025323556726
1980-KXVPM,25.677040060986535,75.05,1927.0618565770394
7703-ZEKEF,7.982995530668117,81.0,646.6226379841175
2823-LKABH,26.208273776250003,95.05,2491.0964224325626
6894-LFHLY,16.858461771120083,75.75,1277.0284791623462
1452-KIOVK,22.48723692879185,89.1,2003.6128103553538
0280-XJGEX,8.608353555109629,103.7,892.6862636648685
5380-WJKOV,10.973667490454801,106.35,1167.0495376098681
8012-SOUDQ,3.2542337436537716,90.25,293.6945953647529
1215-FIGMP,1.8446628753300436,89.9,165.83519249217093
4445-ZJNMU,33.88016114296677,99.3,3364.3000014966
9848-JQJTX,0.0,100.9,0.0
4648-YPBTM,18.596123996239964,73.9,1374.2535633221335
6168-YBYNP,3.1610910044033833,111.35,351.9874833403167
1251-KRREG,32.646108085028544,54.4,1775.9482798255528
7301-ABVAD,0.0,86.6,0.0
6614-FHDBO,0.0,109.2,0.0
3282-ZISZV,38.00694659144964,83.7,3181.181429704335
3606-TWKGI,26.317289710535118,106.9,2813.3182700562043
2240-HSJQD,5.39629414004539,81.85,441.6866753627151
2379-GYFLQ,21.298162206897253,94.9,2021.1955934345494
6680-NENYN,26.966015480388737,104.6,2820.6452192486618
7156-MXBJE,27.05242155902714,85.1,2302.1610746732094
5167-ZFFMM,40.624163944824815,90.85,3690.705294387334
6583-SZVGP,23.07869877519878,108.1,2494.807337598988
0334-GDDSO,25.65980571397682,81.35,2087.4251948320143
5973-EJGDP,5.015034152680845,87.35,438.06323323667175
7663-ZTEGJ,39.93784612200993,100.55,4015.7504275680985
7752-XUSCI,1.18805900805003,105.9,125.81544895249817
8313-NDOIA,15.193417880694096,104.15,1582.3944722742901
3811-VBYBZ,23.561086547993717,99.8,2351.396437489773
2359-KMGLI,9.794391650224796,80.25,785.9999299305399
9094-AZPHK,16.337884830543416,100.15,1636.2391657789233
3649-JPUGY,0.0,88.6,0.0
5609-CEBID,18.365919444339077,94.1,1728.2330197123072
8677-HDZEE,5.3002547954541575,105.45,558.9118681806409
0356-OBMAC,15.444379796447592,99.9,1542.8935416651145
2560-PPCHE,5.206860370610397,105.05,546.9806819326222
5301-GAUUY,13.238952027301991,80.35,1063.749795393715
7025-WCBNE,24.44468192975743,59.6,1456.9030430135429
2001-MCUUW,24.991289569109483,108.65,2715.3036116837457
4059-IIEBK,29.507133827179544,78.55,2317.7853621249533
2469-DTSGX,0.0,111.65,0.0
5644-PDMZC,30.377781301841324,89.5,2718.8114265147983
5760-IFJOZ,37.74786794108576,107.95,4074.8823442402077
8329-UTMVM,39.94624967643331,104.65,4180.375028638746
2753-JMMCV,6.81060152814109,74.2,505.3466333880689
6647-ZEDXT,38.65721182405068,110.45,4269.689045966397
1307-TVUFB,8.641368767128489,79.35,685.6926116716455
5175-WLYXL,11.171633745414937,78.85,880.8833208259678
7314-OXENN,25.14150698218359,82.0,2061.6035725390543
2239-JALAW,10.955417390686605,103.25,1131.1468455883921
7975-TZMLR,17.598226029298537,103.1,1814.377103620679
9342-VNIMQ,17.5109737970958,54.65,956.9747180112855
0678-RLHVP,17.690753025206146,105.55,1867.2589818105087
0835-JKADZ,0.9170958511907661,111.25,102.02691344497272
7508-SMHXL,29.892819481614335,89.0,2660.460933863676
7074-IEVOJ,23.761040327899472,79.4,1886.6266020352182
3842-IYKUE,18.66954925605197,85.3,1592.5125515412328
9845-PEEKO,12.047239421677219,79.2,954.1413621968358
4159-NAAIX,8.373283414845448,97.45,815.9764687766889
0135-NMXAP,26.50912363908472,89.75,2379.1938466078536
6994-ORCWG,45.7082100573799,54.25,2479.6703956128595
3992-YWPKO,47.12292915568109,109.9,5178.809914209352
5370-IIVVL,30.444082103846554,104.5,3181.406579851965
7979-CORPM,20.161037115135013,90.55,1825.5819107754753
8390-FESFV,9.775626618797332,84.5,826.0404492883746
3249-ZPQRG,26.03862415483772,78.45,2042.7300649470192
8060-HIWJJ,7.838641451494068,86.55,678.4344176268115
2952-QAYZF,27.95891084560196,85.3,2384.895095129847
9851-QXEEQ,7.316191442049821,104.7,766.0052439826162
5035-PGZXH,10.355906056231458,106.8,1106.0107668055196
3254-YRILK,14.204949762140641,88.2,1252.8765690208047
1656-DRSMG,3.5142074112309243,109.85,386.03568412371703
6326-MTTXK,26.338988487016206,100.85,2656.286988915584
5193-QLVZB,8.499883834500643,104.75,890.3628316639424
0637-YLETY,31.170371728723005,95.6,2979.887537265919
3292-PBZEJ,35.02868196803907,111.4,3902.195171239553
8152-UOBNY,15.954267174900888,106.8,1703.915734279415
6035-RIIOM,16.798639055288895,97.2,1632.8277161740807
1899-VXWXM,20.02873000308318,106.1,2125.048253327125
0727-BNRLG,2.858131957367405,97.65,279.0965856369271
6303-KFWSL,31.731025713196203,55.25,1753.1391706540903
5136-RGMZO,17.397945678186378,71.05,1236.1240404351422
0106-GHRQR,37.21917221024997,71.4,2657.448895811848
1320-REHCS,6.560064952312859,110.75,726.5271934686492
4816-LXZYW,9.106450852671172,79.15,720.7755849889232
5423-BHIXO,9.574787057949354,54.2,518.9534585408551
8058-DMYRU,1.6220204329735313,90.05,146.06293998926648
7064-FRRSW,15.454478181988808,99.0,1529.993340016892
3143-ILDAL,2.434279607311974,94.45,229.91770891061597
7188-CBBBA,3.6448361210813816,95.5,348.08184956327193
4720-VSTSI,9.090019347713225,84.8,770.8336406860815
5504-WSIUR,1.5054906227607652,90.25,135.87052870415906
3737-XBQDD,22.874557864643663,84.85,1940.9062348150146
3723-BFBGR,28.871210716944248,54.8,1582.1423472885447
5692-ICXLW,8.27586580665018,90.7,750.6210286631713
1960-UYCNN,25.976816819222094,95.25,2474.2918020309044
0308-GIQJT,0.7949504979437465,105.75,84.06601515755119
6298-QDFNH,10.709914967602113,79.35,849.8317526792276
7361-YPXFS,31.980061025060806,64.45,2061.114933065169
7519-JTWQH,2.8574117248378657,110.5,315.74399559458413
4138-NAXED,5.628636453763807,81.0,455.9195527548684
8819-IMISP,6.783820262814415,80.45,545.7583401434197
1379-FRVEB,17.041669552592978,91.0,1550.791929285961
8182-BJDSI,8.37686294445884,89.95,753.4988218540726
1583-IHQZE,33.68678501676594,112.95,3804.9223676437127
3571-RFHAR,1.1376708482460993,109.15,124.17677308606174
2027-FECZV,25.566378134358587,106.7,2727.9325469360615
9776-OJUZI,1.296506533589035,95.45,123.75154863107339
2972-YDYUW,10.433829300704344,94.7,988.0836347767014
4612-THJBS,12.709980727841447,104.75,1331.3704812413916
6734-GMPVK,34.62735201073858,105.3,3646.2601667307727
8231-BSWXX,0.603660953055471,79.05,47.719398339034974
0141-YEAYS,20.997038363463965,86.45,1815.1939665214597
1254-IZEYF,8.605572492147987,99.95,860.1269705901913
9492-TOKRI,23.191948665306658,90.0,2087.2753798775993
9221-OTIVJ,23.699871686758314,104.85,2484.931546356609
5630-IXDXV,4.50107159347406,106.35,478.68896396596625
9405-GPBBG,7.690842941204431,110.5,849.8381450030896
8922-LIEGH,10.81411358995821,89.7,970.0259890192514
0447-RXSGD,20.68947618064385,99.65,2061.70630140116
5130-IEKQT,20.716170570682973,105.95,2194.878271963861
7145-FEJWU,25.105740988860468,105.3,2643.634526127007
0137-OCGAB,24.952426410305915,80.2,2001.1845981065344
3336-JORSO,16.617035371120892,110.45,1835.3515567403026
9565-DJPIB,27.79128116531176,89.6,2490.0987924119336
4191-XOVOM,1.407403245260769,105.4,148.34030205048506
5440-VHLUL,2.2187070010269094,105.2,233.40797650803088
9508-ILZDG,10.756919858859801,96.35,1036.4292284011417
1169-SAOCL,19.238184880696686,106.65,2051.7524175263015
4016-BJKTZ,45.558983006884816,108.9,4961.373249449756
6988-CJEYV,3.442918165580962,98.7,339.81602294284096
8059-UDZFY,19.746508794606417,105.35,2080.2947015117857
3352-ALMCK,7.944512959643883,102.65,815.5042553074446
2674-MIAHT,22.28181523667004,80.3,1789.2297635046043
6465-GSRCL,3.7387926525176667,106.6,398.55529675838324
8118-LSUEL,18.76414883321005,106.4,1996.5054358535494
5052-PNLOS,43.72215773478934,105.35,4606.129317360057
4822-NGOCH,19.93466354135289,84.45,1683.4823360672517
9281-OFDMF,7.430112100747083,90.7,673.9111675377604
7272-QDCKA,33.06268487761143,100.2,3312.8810247366655
4717-GHADL,20.957684386535444,79.6,1668.2316771682213
0549-CYCQN,15.441734609210961,79.6,1229.1620748931923
5402-HTOTQ,23.754975612857013,55.3,1313.6501513909927
8853-TZDGH,0.0,111.6,0.0
9626-VFRGG,8.60852640203879,88.5,761.8545865804329
2041-JIJCI,29.799400243042736,64.0,1907.1616155547351
7774-OJSXI,31.319119508043052,103.45,3239.9629131070537
7786-WBJYI,35.48110807588294,77.95,2765.7523745150756
0337-CNPZE,6.72035002551591,106.3,714.3732077123412
2172-EJXVF,0.5547688692433431,105.9,58.75002325287004
8659-HDIYE,4.658204252615568,74.65,347.7349474577522
1370-GGAWX,17.634591043559844,94.15,1660.2967467511594
2883-ILGWO,5.6867772354019905,104.9,596.5429319936688
4951-UKAAQ,23.437873170860495,88.95,2084.7988185480413
2746-DIJLO,25.603300298652556,56.3,1441.465806814139
9762-YAQAA,26.811191471086097,81.4,2182.4309857464086
4840-ORQXB,3.08364105275108,104.75,323.0114002756756
9821-BESNZ,3.6116648973055883,104.25,376.51606554410756
2254-DLXRI,24.74023689173099,79.15,1958.1897499805082
1624-NALOJ,25.83681940583981,89.8,2320.146382644415
7820-ZYGNY,6.616344699834297,90.45,598.4483781000122
9677-AVKED,15.889139383661776,84.6,1344.2211918577862
6210-KBBPI,35.40238277313053,99.45,3520.7669667878317
4488-KQFDT,6.617222634927018,103.95,687.8602929006635
2107-FBPTK,12.858565143141142,104.1,1338.5766314009927
1723-HKXJQ,4.453588907561491,101.75,453.1526713443817
7346-MEDWM,0.8703019015726063,83.25,72.45263330591948
7134-HBPBS,0.0,108.1,0.0
5914-DVBWJ,19.653249134616047,85.45,1679.3701385529412
9773-PEQBZ,21.462228509611364,79.85,1713.7589464924674
1732-FEKLD,13.743757468808443,94.75,1302.2210201696
4817-VYYWS,8.107796225349025,100.2,812.4011817799724
7392-YYPYJ,13.285096688055745,100.65,1337.1449816528109
8938-UMKPI,4.5049785411140055,106.4,479.3297167745302
9861-PDSZP,0.0,108.05,0.0
8868-WOZGU,14.2219233387438,105.7,1503.2572969052196
1731-TVIUK,31.007871336567657,93.5,2899.235969969076
6615-NGGZJ,18.415085770472672,100.55,1851.636874221027
3045-XETSH,24.415586920622474,94.85,2315.8184194210417
8263-OKETD,34.527366987343875,68.9,2378.9355854279934
2208-UGTGR,1.7189620534066319,98.6,169.48965846589388
7278-CKDNC,10.939465560387372,80.5,880.6269776111835
2748-MYRVK,6.384044316924037,99.9,637.7660272607113
2034-CGRHZ,27.36819450929897,102.95,2817.555624732329
4228-ZGYUW,25.159011820919353,90.05,2265.569014473788
1567-DSCIC,26.114823502656936,94.0,2454.793409249752
8818-DOPVL,5.306256907044709,104.45,554.2385339408198
4597-NUCQV,13.414676249617138,101.25,1358.2359702737351
2674-MLXMN,0.11719908368209117,99.65,11.678888688920386
2200-DSAAL,3.6588906904775267,80.65,295.08953418701253
9133-AYJZG,21.13981972468696,98.7,2086.500206826603
6543-XRMYR,9.02090182071164,99.7,899.3839115249505
2001-EWBQU,11.033071120941724,104.7,1155.1625463625985
4925-LMHOK,38.4112406351979,58.6,2250.898701222597
3178-FESZO,39.9319017115783,100.25,4003.173146585724
6368-NWMCE,21.508302856409376,68.15,1465.790839664299
0707-HOVVN,1.932539733727651,75.5,145.90674989643765
2154-KVJFF,13.618263011039573,79.75,1086.056475130406
2074-GUHPQ,36.09081262692002,92.7,3345.618330515486
4547-KQRTM,27.29167882817037,80.05,2184.698890195038
2697-NQBPF,12.021667042303454,105.35,1266.482622906669
5650-YLIBA,6.864082763254366,81.15,557.0203162380918
6987-XQSJT,0.98743599595248,79.5,78.50116167822216
3393-FMZPV,10.449963562619825,100.25,1047.6088471526375
5956-YHHRX,19.826884339389483,104.35,2068.9353808152923
0723-FDLAY,25.74318963680991,85.25,2194.6069165380445
2369-UAPKZ,35.119058953513616,104.1,3655.894037060767
1582-RAFML,44.778578813008586,60.1,2691.192586661816
8854-CCVSQ,13.185444436629675,80.65,1063.4060938141834
6749-UTDVX,0.0,103.65,0.0
1112-CUNAO,19.89385942128604,89.85,1787.4632690025508
3389-YGYAI,28.684437363713407,105.5,3026.2081418717644
1384-RCUXW,15.001616382758067,80.55,1208.3801996311622
1565-RHDJD,42.598275277570096,84.05,3580.3850370797663
7330-WZLNC,21.76339992834524,90.8,1976.1167134937477
0114-PEGZZ,12.950060669320397,107.55,1392.7790249854086
3957-LXOLK,14.337330482787802,106.15,1521.9076307479254
3420-YJLQT,26.534979814141543,79.55,2110.8576442149597
8920-NAVAY,8.489358322065703,110.75,940.1964341687766
3654-ARMGP,10.787836775905294,88.65,956.3417301840044
5429-LWCMV,17.331976148798674,89.15,1545.1456736654018
6907-NZZIJ,5.655506692217727,99.15,560.7434885333877
3744-ZRRDZ,11.725148598068762,82.35,965.5659870509625
2507-QZPQS,27.041973694745558,95.7,2587.9168825871498
4903-CNOZC,39.664167316174236,70.9,2812.1894627167535
8010-EZLOU,16.29023304978015,80.2,1306.476690592368
4119-ZYPZY,0.9054005092797711,106.8,96.69677439107956
2080-CAZNM,7.315583641595431,104.4,763.746932182563
6907-FLBER,36.35141870928095,54.3,1973.8820359139554
0786-IVLAW,4.679315003767974,108.1,505.833951907318
7245-JMTTQ,16.140476733787374,111.5,1799.6631558172921
8634-CILSZ,2.214991724723478,104.7,231.90963357854815
4274-DRSQT,3.5622347168280637,88.9,316.6826663260149
8780-IXSTS,20.831585050317752,90.1,1876.9258130336293
6005-OBZPH,9.37794636990495,89.15,836.0439188770264
2722-VOJQL,6.278406420171134,105.65,663.3136382910803
8490-BXHEO,25.212225488043593,80.55,2030.8447630619114
1114-CENIM,6.440558992400268,55.0,354.2307445820147
9801-GDWGV,7.301939309585148,103.45,755.3856215765835
1121-QSIVB,21.006473294547575,77.55,1629.0520039921644
2325-WINES,34.25877001520493,104.05,3564.6250200820728
3374-LXDEV,30.329873590263496,89.4,2711.490698969557
5883-GTGVD,15.021418674641067,99.95,1501.3907965303747
4817-QRJSX,28.837285989268164,81.0,2335.8201651307213
4686-UXDML,22.841328401523285,99.85,2280.7066408921
3873-NFTGI,33.44036112988483,55.5,1855.940042708608
3197-NNYNB,6.6759260087845975,105.1,701.6398235232612
7881-INRLC,8.826434686644538,100.85,890.1459381481015
9402-CXWPL,0.9504160451415604,98.9,93.99614686450033
1965-AKTSX,15.403609088143188,78.95,1216.1149375089049
5343-SGUBI,10.725161485261232,80.2,860.1579511179508
7248-VZQLC,8.37477549777176,85.2,713.530872410154
1840-BIUOG,44.249276542499246,68.7,3039.925298469698
6496-SLWHQ,34.51087362165614,105.0,3623.6417302738946
2324-EFHVG,7.537982941744922,104.4,786.9654191181698
3462-BJQQA,20.763088323164297,89.75,1863.4871770039956
4250-ZBWLV,2.8565402132727638,108.45,309.7917861294312
0440-MOGPM,24.63623545471236,80.55,1984.4487658770804
6595-YGXIT,10.88235406754894,88.95,967.9853943084782
8654-DHAOW,34.55710326619571,54.15,1871.2671418644977
7445-WMRBW,21.477828796935878,73.85,1586.1376566537144
1095-JUDTC,4.850081275337992,95.05,461.00022522087613
0475-RIJEP,2.7671271196098157,77.85,215.42084626162415
5716-LIBJC,52.81798758854486,104.15,5500.993407346948
2446-BEGGB,24.12445261652262,98.25,2370.2274695733477
0130-SXOUN,1.0516841716848457,89.4,94.02056494862522
5813-UECBU,18.47130485256166,83.85,1548.818911887295
3422-GALYP,24.621298822099902,79.45,1956.1621914158372
7872-RDDLZ,0.34640650947119805,54.9,19.01771736996877
7493-TPUWZ,25.500298956593674,79.15,2018.3486624143895
4129-LYCOI,4.482833326125105,104.0,466.2146659170109
6048-QBXKL,44.616887357366345,56.55,2523.0849800590668
2869-ADAWR,6.886672652066523,89.3,614.9798678295405
0940-OUQEC,28.906832981710014,80.7,2332.781421623998
0702-PGIBZ,27.791040953928736,101.7,2826.3488650145523
6302-JGYRJ,35.29739913874987,79.45,2804.378361573677
4062-HBMOS,3.2619012613515457,103.05,336.13892498227676
6661-HBGWL,12.728902864169461,104.75,1333.3525750217511
8709-KRDVL,6.863575888822791,100.0,686.3575888822792
2453-SAFNS,14.521737538580112,72.1,1047.017276531626
7632-MNYOY,5.188529280743785,110.9,575.4078972344857
9600-NAXZN,4.119458592862737,101.4,417.7131013162816
3398-FSHON,18.011510918800834,91.3,1644.450946886516
0818-OCPZO,9.597243106342352,81.45,781.6954510115846
4480-MBMLB,30.209560741665996,104.8,3165.961965726596
4186-ZBUEW,29.65012630480144,70.7,2096.263929749462
4566-NECEV,33.93637751837293,96.55,3276.557249398906
4989-LIXVT,0.21940894464801197,95.9,21.041317791744348
3259-KNMRR,14.552048723100546,79.75,1160.5258856672685
8444-WRIDW,0.5954493581371914,80.45,47.90390086213704
9129-UXERG,32.73048273641559,103.6,3390.878011492655
9079-YEXQJ,5.733827115975184,111.1,637.0281925848429
0402-CQAJN,14.671685272743213,101.9,1495.0447292925335
2925-MXLSX,37.39619972951776,68.95,2578.4679713502496
5243-SAOTC,3.3002080637229882,79.85,263.52161388828057
6394-MFYNG,8.796490003265056,107.4,944.743026350667
8739-WWKDU,10.963549752036776,89.5,981.2377028072915
6664-FPDAC,12.243505923343559,111.95,1370.6604881183114
6075-SLNIL,15.618770220473522,95.1,1485.3450479670319
0093-XWZFY,14.743499435125713,104.5,1540.695690970637
1685-BQULA,11.650563056529915,93.4,1088.1625894798942
9053-EJUNL,3.697347733773664,89.2,329.80341785261083
7203-OYKCT,0.0,104.95,0.0
9959-WOFKT,0.7951511378993673,106.7,84.84262641386249
7639-LIAYI,19.32419434601236,79.75,1541.1044990944856
8637-XJIVR,19.934460993665017,78.95,1573.8256954498531
4080-OGPJL,42.58942687955165,71.15,3030.2377224801003
9577-WJVCQ,0.2560108700313459,54.45,13.939791873206786
4091-TVOCN,20.952839858842612,78.75,1650.0361388838558
3351-NGXYI,25.254726536693195,54.1,1366.2807056351019
5628-RKIFK,10.425159828019133,101.55,1058.674980535343
2937-FTHUR,28.473285083641667,64.8,1845.0688734199798
8535-SFUTN,1.9718338435712468,106.45,209.90171264815922
0719-SYFRB,38.80619656240945,61.65,2392.4020180725424
2731-GJRDG,35.70296379034251,109.55,3911.259683232022
3729-OWRVL,6.143442253459851,110.35,677.9288526692945
5433-KYGHE,28.006801144145946,86.0,2408.5848983965516
5575-TPIZQ,9.885035918453319,89.15,881.2509521301134
4381-MHQDC,23.79026236158042,65.0,1546.3670535027275
5138-WVKYJ,29.39668253471708,98.55,2897.043063796368
4853-RULSV,1.5472762237873914,104.0,160.9167272738887
7945-HLKEA,8.911565189973482,64.75,577.0238460507829
6400-BWQKW,25.09338127319323,79.05,1983.6317896459248
4849-PYRLQ,15.554621988184099,73.25,1139.3760606344852
2834-JRTUA,0.6927204418278787,108.05,74.8484437395023
6732-FZUGP,20.58501736794745,94.9,1953.5181482182131
0810-DHDBD,17.791925287267237,74.0,1316.6024712577755
0634-SZPQA,22.854823886501237,90.05,2058.0768909794365
7241-AJHFS,24.283175091682928,87.65,2128.4202967860087
3696-XRIEN,19.569147650692038,82.5,1614.454681182093
7129-ACFOG,33.2044237045658,53.8,1786.3979953056398
1346-UFHAX,31.01703915923023,80.0,2481.3631327384182
2933-XEUJM,24.701635876283483,79.2,1956.369561401652
0872-JCPIB,37.64691417568218,65.75,2475.284607051103
0096-FCPUF,17.928170781992655,64.5,1156.3670154385263
1251-STYSZ,28.865766871250433,80.25,2316.477791417847
1661-CZBAU,20.765502271331552,70.95,1473.3123861509737
3569-EDBPQ,18.675933529993024,84.35,1575.3149932549115
6890-PFRQX,32.71098086259011,69.5,2273.4131699500126
7459-RRWQZ,35.85416383277853,64.65,2317.9716917891324
9504-DSHWM,37.87676235605768,59.2,2242.304331478615
0793-TWELN,27.261238975029794,80.15,2184.988303848638
2307-FYNNL,6.1325283645402955,109.05,668.7522181531192
9172-ANCRX,24.58249535816491,98.7,2426.2922918508766
1216-BGTSP,16.66763057090467,108.45,1807.6045354146115
4137-BTIKL,37.26974370740581,90.75,3382.229241447077
8383-SGHJU,32.71578959912097,59.4,1943.3179021877854
8495-LJDFO,3.016177581314577,108.95,328.61254748422317
1552-AAGRX,26.633007597129495,106.4,2833.7520083345785
9570-KYEUA,7.527483879174458,99.25,747.1027750080649
6901-GOGZG,11.264454478813319,84.95,956.9154079751914
7089-IVVAZ,43.09831175013464,103.35,4454.210519376415
0952-KMEEH,27.491510537326995,98.15,2698.2917592386448
3130-ICDUP,45.66579656963437,80.55,3678.379913684048
2433-KMEAS,20.83976651971725,54.45,1134.7252869986044
6131-FOYAS,16.511085700825415,59.6,984.0607077691948
5609-IMCGG,34.10619670332164,84.35,2876.8576919251805
3301-LSLWQ,17.21009192636474,66.1,1137.587076332709
3166-PNEOF,10.634426357238238,86.45,919.3461585832457
8429-XIBUM,26.703372335853096,101.35,2706.386786238711
8128-YVJRG,25.01573096793836,79.65,1992.5029715962905
8510-AWCXC,24.112946065835008,100.8,2430.584963436169
3904-UKFRE,28.773122047179697,80.1,2304.7270759790936
5590-BYNII,17.68746171100633,100.75,1782.0117673838877
6620-JDYNW,28.25408831577502,60.6,1712.1977519359664
3865-QBWSJ,9.415987858402563,80.45,757.5162232084862
3401-URHDA,18.20165490652753,59.9,1090.279128900999
1867-TJHTS,2.9163293278083136,79.8,232.72308035910342
9099-FTUHS,21.74143539119926,54.4,1182.7340852812397
7966-YOTQW,40.85874053516287,54.5,2226.8013591663766
6772-KSATR,32.055131413575474,81.7,2618.904236489116
4680-KUTAJ,29.546372600243565,55.6,1642.7783165735423
0436-TWFFZ,4.3722165016109,85.25,372.73145676232923
9576-SYUHJ,8.43974650847054,91.15,769.2828942470898
7673-LPRNY,41.49471647789999,78.55,3259.409979339044
2916-BQZLN,21.80835446309733,84.75,1848.2580407474989
0670-ANMUU,0.346271676874472,97.65,33.8134292467922
6741-EGCBI,22.083815015422097,90.5,1998.5852588956998
7032-LMBHI,29.9467438137894,64.65,1936.056987561485
4818-QIUFN,16.01856610883851,79.15,1267.869507514568
2930-UOTMB,30.766981495586418,65.25,2007.5455425870136
7973-DZRKH,5.425637887110064,90.95,493.4617658326603
3594-UVONA,34.1876148606065,85.95,2938.4254972691288
8104-OSKWT,20.1024750235522,79.8,1604.1775068794655
4495-LHSSK,27.738021529568,57.65,1599.0969411795952
8570-KLJYJ,28.06229562282443,54.45,1527.9919966627901
9473-CBZOP,37.11218458206692,59.0,2189.618890341948
7181-OQCUT,26.312622806410477,103.85,2732.565878445728
1768-HNVGJ,12.23802590567948,70.05,857.2737146928475
2192-OZITF,25.795884370724167,73.55,1897.2872954667623
6333-YDVLT,5.050093097380234,110.0,555.5102407118258
5792-JALQC,19.219120261528513,59.85,1150.2643476524815
1482-OXZSY,20.7505420886989,100.4,2083.3544257053695
6178-KFNHS,21.077060929636854,78.3,1650.3338707905657
7524-VRLPL,2.7511270103557752,74.1,203.85851146736292
4884-TVUQF,14.432737345186695,101.3,1462.036293067412
4929-ROART,27.65322437451142,56.25,1555.4938710662675
5985-TBABQ,32.669881220101146,74.75,2442.073621202561
3088-LHEFH,31.25982095800067,79.0,2469.525855682053
5707-ORNDZ,35.7425962428025,54.55,1949.7586250448762
5281-BUZGT,9.737980998954919,90.85,884.6955737550544
9103-TCIHJ,25.560017756776954,55.7,1423.6929890524764
4325-NFSKC,19.075596187322162,90.6,1728.2490145713878
0899-WZRSD,4.154292477935785,105.35,437.65471255053495
6135-OZQVA,31.2444680004765,53.65,1676.2657082255641
2252-JHJGE,6.841276781622245,104.0,711.4927852887134
4299-SIMNS,24.311655952550947,81.15,1972.8908805495093
2495-KZNFB,10.001856212986691,90.65,906.6682657072437
4560-WQAQW,10.586923478903808,68.7,727.3216430006917
2242-MFOTG,32.13431559465691,80.1,2573.9586791320185
4724-WXVWF,7.449457460839476,95.4,710.678241764086
0877-SDMBN,13.656226327957086,103.95,1419.564726791139
2455-USLMV,21.565379563881216,84.75,1827.6659180389331
9921-EZKBY,22.301191878694105,95.3,2125.303586039548
7609-YBPXG,17.573630504549698,87.1,1530.6632169462785
8034-RYTVV,12.51056828425461,84.25,1054.0153779484508
7964-VEXDG,19.591689680034616,80.35,1574.1922657907812
3057-VJJQE,34.925051804189884,55.25,1929.6091121814911
0674-GCDXG,8.554754958899677,71.9,615.0868815448869
0716-BQNDX,13.682085126230131,93.75,1282.6954805840749
2971-SGAFL,34.13275752803906,78.75,2687.9546553330756
0733-VUNUW,27.992012523566167,55.65,1557.7554969364571
6777-TGHTM,14.872619947279983,106.95,1590.626703361594
0383-CLDDA,2.6742583815035577,85.35,228.24795286132863
8398-TBIYD,0.0,84.7,0.0
9661-ACXBS,9.436179963466124,105.2,992.6861321566363
6733-LRIZX,35.36854210584216,108.95,3853.4026624315034
4627-MIHJH,2.6363277820890714,110.25,290.65513797532014
0623-EJQEG,3.7478253669585246,93.55,350.60906307897
0725-CXOTM,33.31285888815492,89.65,2986.4977993230887
2378-HTWFW,20.454249052793685,91.0,1861.3366638042253
0201-MIBOL,5.029404244912991,102.4,515.0109946790902
9330-IJWIO,22.511824100068356,100.35,2259.0615484418595
1428-IEDPR,18.659466861149777,109.3,2039.4797279236707
5298-GSTLM,7.929317398268726,101.4,804.0327841844488
5339-PXDVH,33.28517884206591,90.65,3017.301462033275
9529-OFXHY,29.911630036370408,87.75,2624.7455356915034
2669-QVCRG,11.786379399375956,81.3,958.2326451692652
6215-NQCPY,22.349016114336333,99.7,2228.1969065993326
2978-XXSOG,26.296165710653298,59.05,1552.788585214077
3898-BSJYF,59.23710448972227,73.55,4356.889035219073
3938-YFPXD,0.0,84.3,0.0
3588-WSTTJ,10.382409688229977,99.05,1028.3776796191792
8591-NXRCV,21.130364298880636,74.65,1577.3816949114396
8080-POTJR,37.79955158824124,79.3,2997.5044409475304
3090-HAWSU,10.420510012466611,111.6,1162.9289173912737
5626-MGTUK,24.865620054459878,89.1,2215.526746852375
3005-NFMTA,2.715897855738777,98.8,268.3307081469912
4671-VJLCL,8.743107688232502,79.85,698.1371489053653
2673-CXQEU,12.218371303081524,110.5,1350.1300289905084
6067-NGCEU,1.6533742557344073,111.05,183.60721109930594
2636-SJDOU,5.204603599151949,84.3,438.7480834085093
2651-ZCBXV,17.436293388710194,108.0,1883.119685980701
0959-WHOKV,23.934504789197145,99.0,2369.5159741305174
6655-LHBYW,20.26778654326723,114.35,2317.6213912226076
1557-EMYVT,28.562580139813903,115.05,3286.1248450855896
5020-ZSTTY,16.38542183610086,82.45,1350.978030386516
2088-IEBAU,3.7015434906715603,88.15,326.2910587026981
2863-IMQDR,10.604782684632651,89.65,950.7187676773173
2977-CEBSX,5.800319028450099,90.05,522.3187285119315
7783-YKGDV,43.81582920358271,99.7,4368.438171597196
4374-YMUSQ,35.98760948640616,116.25,4183.559602794716
5736-YEJAX,2.880163797980783,79.45,228.8290137495732
2475-MROZF,30.755558375087524,95.0,2921.778045633315
6689-VRRTK,24.79274839388256,109.8,2722.2437736483053
5240-CAOYT,5.787160439164402,87.55,506.66589644884334
0516-UXRMT,5.873722164353985,92.05,540.6761252287844
2684-EIWEO,29.053578217017765,91.7,2664.213122500529
0691-IFBQW,20.52602022097872,110.0,2257.8622243076593
0229-LFJAF,0.0,69.65,0.0
3442-ZHHCC,3.0365108435858383,76.9,233.507683871751
2252-NKNSI,19.325115927098455,85.15,1645.5336211924337
8374-UULRV,0.0,86.05,0.0
1258-YMZNM,41.12987372817924,110.5,4544.851046963806
0730-KOAVE,25.195127686287655,94.3,2375.900540816926
4002-BQWPQ,39.91958837013868,81.75,3263.4263492588375
4361-BKAXE,20.910647978625313,114.5,2394.269193552598
9036-CSKBW,18.1104581421364,107.45,1945.9687273725565
2176-LVPNX,0.9421546408084109,89.85,84.65259447663571
9553-DLCLU,58.67711726445902,88.95,5219.3295806736305
6807-SIWJI,26.289940196063576,104.85,2756.500229557266
8496-DMZUK,38.21526697539082,90.4,3454.66013457533
9968-FFVVH,7.954242362371969,68.8,547.2518745311914
0201-OAMXR,1.5573657339253266,115.55,179.9536105550715
5478-JJVZK,18.27655994740987,60.9,1113.042500797261
9480-BQJEI,6.96962674814516,92.3,643.2965488537982
9207-ZPANB,31.91602067142858,67.45,2152.735594287858
4672-FOTSD,42.60693443033842,67.25,2865.316340440259
5930-GBIWP,2.8824186290700617,81.5,234.91711826921002
3331-HQDTW,18.403280331300063,109.8,2020.6801803767469
8189-HBVRW,5.682750912905436,90.8,515.9937828918136
9659-QEQSY,13.376789195233005,115.65,1547.0256704286971
8932-CZHRQ,3.1783980484263425,76.75,243.94205021672178
3963-RYFNS,0.0,116.45,0.0
7279-BUYWN,13.94073593615478,113.2,1578.091307972721
7873-CVMAW,0.0,88.55,0.0
3466-WAESX,35.789037500540054,69.1,2473.0224912873177
3638-VBZTA,3.8093784313285584,86.5,329.5112343099203
7459-IMVYU,22.820272549982125,69.95,1596.2780648712496
4890-VMUAV,7.280076874661523,71.5,520.5254965382989
0019-EFAEP,0.0,101.3,0.0
4445-KWOKW,25.915909195939072,60.15,1558.841938135735
0565-IYCGT,2.4492893908273015,78.6,192.51414611902587
3090-LETTY,56.84629904401735,60.95,3464.7819267328578
0744-BIKKF,0.0,86.65,0.0
9079-LWTFD,11.014745500617941,100.75,1109.7356091872575
8624-GIOUT,11.428902705385179,59.75,682.8769366467644
8984-HPEMB,0.8922305903257959,118.65,105.86315954215569
8945-MUQUF,14.03275375982499,94.8,1330.305056431409
4010-YLMVT,5.816747122469643,106.6,620.0652432552639
8894-JVDCV,8.441927870135535,115.05,971.2438014590932
0866-QLSIR,33.02518374187131,64.4,2126.8218329765127
7176-WRTNX,1.8814031629528682,114.95,216.2672935814322
5236-PERKL,14.368461214401917,112.95,1622.9176941666965
8869-LIHMK,7.657784963200467,115.1,881.4110492643738
8670-ERCJH,0.0,113.4,0.0
7055-JCGNI,1.876670942655319,111.95,210.09331203026295
8178-EYZUO,7.267418391083551,93.7,680.9571032445288
0164-APGRB,0.0,114.9,0.0
1550-EENBN,18.860942744776914,104.35,1968.1393754174708
9297-EONCV,0.0,91.35,0.0
0880-FVFWF,2.605151796199694,86.4,225.08511519165359
8454-AATJP,0.0,115.05,0.0
4659-NZRUF,26.238523449887836,95.15,2496.595506256828
1110-KYLGQ,3.254513156900237,108.25,352.30104923445066
3948-KXDUF,5.8016617713387255,68.75,398.8642467795374
2790-XUYMV,0.5345249520299498,85.45,45.67515715095921
5013-SBUIH,20.77090854065352,109.65,2277.5301214826586
5387-ASZNZ,4.68104167770891,63.85,298.8845111217139
7923-IYJWY,4.783208010768534,116.1,555.3304500502268
7854-EDSSA,30.060915501441833,59.0,1773.5940145850682
1481-ZUWZA,26.98631843044162,94.5,2550.207091676733
9786-IJYDL,35.954200618372795,113.2,4070.0155099998005
9710-ZUSHQ,19.379051111098708,106.75,2068.713706109787
4282-MSACW,3.0989337760954725,117.2,363.1950385583894
7109-CQYUZ,19.46014566774173,89.25,1736.8180008459494
9052-DHNKM,40.054235118160925,61.55,2465.3381715228047
6794-HKIAJ,3.4889981588776364,90.7,316.45213301020163
8663-UPDGF,30.452783899157218,69.5,2116.4684809914265
1698-XFZCI,7.254425169152933,107.75,781.6643119762285
2000-MPKCA,9.544288431448377,107.75,1028.3970784885626
2558-BUOZZ,20.910579219161683,94.8,1982.3229099765274
2368-GAKKQ,1.8699112631282602,113.65,212.51541505452678
6999-CHVCF,3.660834353523779,102.1,373.77118749477785
3038-PQIUY,22.24308089399213,66.15,1471.3798011375795
3258-SYSWS,0.0,113.8,0.0
2587-EKXTS,11.616828179130017,111.5,1295.276341972997
6352-GIGGQ,4.1860221948193965,88.8,371.7187708999624
9822-WMWVG,15.563420104336142,106.5,1657.504241111799
6194-HBGQN,19.455943677144177,81.15,1578.84982940025
2987-BJXIK,1.8141146691574692,84.7,153.65551247763764
9769-TSBZE,1.8094334717115235,66.0,119.42260913296055
3657-COGMW,11.287207996385964,108.1,1220.1471844093228
7446-YPODE,47.89850816836338,60.25,2885.8851171438937
4872-VXRIL,13.924718272167956,64.65,900.2330362956584
6627-CFOSN,4.773203514930521,99.45,474.6950895598403
6904-JLBGY,0.0,117.35,0.0
6917-YACBP,2.6189267215003467,89.75,235.0486732546561
2990-IAJSV,0.0,92.0,0.0
7998-WNZEM,0.9644401249521452,80.6,77.73387407114289
0565-JUPYD,7.684045206509719,104.5,802.9827240802656
5445-PZWGX,7.106086593952465,102.0,724.8208325831515
2186-QZEYA,27.94323978818243,58.55,1636.0766895980812
8413-YNHNV,2.8274051616379827,90.65,256.30427790248314
3244-CQPHU,0.0,110.1,0.0
6741-QRLUP,8.760803502200154,80.3,703.4925212266724
9896-UYMIE,4.7068138921742095,114.3,537.9888278755121
3086-RUCRN,1.5243197391350694,103.1,157.15736510482563
3714-XPXBW,26.740825867087235,78.9,2109.851160913183
3134-DSHVC,8.526079884448858,98.0,835.5558286759881
9658-WYUFB,27.013746409477807,94.4,2550.097661054705
3680-CTHUH,10.46102594920105,116.6,1219.7556256768423
1852-XEMDW,34.04920192893257,65.05,2214.9005854770635
6402-ZFPPI,22.873984358899218,102.8,2351.4455920948394
1986-PHGZF,39.792367817546,58.4,2323.8742805446864
8024-XNAFQ,0.0,107.4,0.0
1928-BXYIV,50.85306186601565,61.15,3109.664733106857
0961-ZWLVI,20.162320390123977,109.2,2201.7253866015385
4007-NHVHI,3.0932973969972872,96.85,299.5858528991873
7508-DQAKK,7.772443033658003,86.4,671.5390781080515
1043-UXOVO,0.9391245949089495,113.15,106.26194791394764
5734-EJKXG,8.238372610979523,118.6,977.0709916621714
9695-IDRZR,37.480230415876726,116.15,4353.328762804082
0584-BJQGZ,37.50261102435074,78.35,2938.3295737578806
5825-XJOCM,21.466877672396123,64.4,1382.4669221023105
3898-GUYTS,10.372621214938237,97.05,1006.6628889097558
3557-HTYWR,24.24352370562591,74.05,1795.2329304015987
6266-QHOJZ,3.6573397337041333,89.85,328.6119750733164
8547-NSBBO,21.022900741464824,96.75,2033.9656467367217
6591-QGOYB,43.161790615526314,106.65,4603.2049691458815
5371-VYLSX,4.523684319284017,83.4,377.27527222828706
8199-ZLLSA,3.9031510562823057,118.35,461.93792751101086
8016-NCFVO,7.520483707967788,116.5,876.1363519782473
6408-OTUBZ,4.467187720969317,104.55,467.0444762273421
0365-TRTPY,21.455683409521694,91.2,1956.7583269483785
6854-EXGSF,50.56185495835068,65.5,3311.8014997719697
3642-GKTCT,8.240209968051927,115.1,948.4481673227767
5032-USPKF,31.641476440601544,84.1,2661.0481686545895
0771-CHWSK,5.710004365719438,74.6,425.96632568267006
4097-YODCF,30.374416791952758,103.8,3152.864463004696
9770-KXGQU,14.236832606222634,98.6,1403.7516949735516
8133-ANHHJ,21.000073138900238,103.0,2163.0075333067243
6821-BUXUX,31.1175112553765,96.65,3007.507462832139
8050-DVOJX,22.75507169895154,81.35,1851.1250827097076
0363-QJVFX,27.579600240743535,108.15,2982.7337660364133
7048-GXDAY,12.246802963610977,106.4,1303.059835328208
4118-CEVPF,34.320399421223016,110.8,3802.70025587151
5183-KLYEM,0.0,112.75,0.0
0239-OXEXL,7.487667184756121,84.25,630.8359603157031
3915-ODIYG,8.533227091319732,71.75,612.2590438021908
7537-CBQUZ,3.038953695546263,109.4,332.4615342927612
8331-ZXFOE,12.539633550557577,71.1,891.5679454446437
9249-FXSCK,17.247720646794,111.25,1918.8089219558326
9924-JPRMC,0.0,118.2,0.0
8990-YOZLV,2.653156513859913,66.9,177.4961707772282
2988-QRAJY,2.7550308230007805,110.05,303.1911420712359
8597-CTXVJ,1.548202233113945,64.95,100.55573504075072
0824-VWDPO,22.822703973479037,96.75,2208.096609434097
0885-HMGPY,9.765572340142523,69.4,677.7307204058911
9053-JZFKV,4.803382241945303,116.2,558.1530165140442
2890-WFBHU,11.917157483061322,79.85,951.5850250224465
1597-LHYNC,21.21280413914392,95.0,2015.2163932186725
0186-CAERR,0.7439212778046417,116.3,86.51804460867983
4701-LKOZD,1.9312236371616607,89.75,173.32732143525905
1936-UAFEH,3.746625365849605,110.25,413.06544658491896
3466-RITXD,27.80402841874899,92.4,2569.092225892407
7921-BEPCI,0.0,59.75,0.0
6121-TNHBO,8.047212207018998,83.0,667.9186131825768
4726-DLWQN,11.63867839887169,70.35,818.7810253606233
5448-VWNAM,36.52374690210691,75.9,2772.1523898699143
2911-IJORQ,33.24228497201113,90.6,3011.751018464208
9558-IHEZX,0.9086262456139226,106.75,96.99585171928624
7426-GSWPO,1.7052624550249584,103.5,176.4946640950832
0083-PIVIK,6.424812302701893,81.25,522.0159995945288
8822-KNBHV,21.64564492712007,83.45,1806.32906916817
8404-FYDIB,27.764873450026144,86.65,2405.8262844447654
2038-YSEZE,27.992746765644142,67.45,1888.1107693426975
6500-JVEGC,2.7074970653954176,101.35,274.40482757782553
2775-SEFEE,71.36838531666098,61.9,4417.7030511013145
8071-SBTRN,1.6885666535301738,111.15,187.68418353987883
0531-XBKMM,5.754590179002931,65.7,378.0765747604926
3508-CFVZL,0.9057373638585139,111.3,100.80856859745259
8065-QBYTO,0.6518490938879835,99.65,64.95676220593757
0530-IJVDB,1.805273916928245,114.6,206.88439087997688
2451-YMUXS,4.740124798283609,64.55,305.97505572920693
5981-ZVXOT,30.754525821705602,108.35,3332.2528727818017
7164-BPTUT,14.628754679070083,89.55,1310.0049815107259
0639-TSIQW,0.6444977080716158,102.95,66.35103904597284
4190-MFLUW,46.58062056856225,55.2,2571.2502553846366
1680-VDCWW,57.374818357175265,19.8,1136.0214034720702
4929-XIHVW,42.22813038022279,95.5,4032.7864513112763
9867-JCZSP,50.721093938983394,20.75,1052.4626992339054
0557-ASKVU,50.047406114048215,54.4,2722.578892604223
3170-NMYVV,21.69564942338102,20.15,437.16733588112754
0731-EBJQB,17.193542131115354,20.4,350.7482594747532
9191-MYQKX,29.47194951599362,75.15,2214.8170061269207
0318-ZOPWS,22.595971390270897,20.15,455.30882351395854
1862-QRWPE,23.678608564503172,20.65,488.96326685699046
2796-NNUFI,25.29717894412181,19.95,504.6787199352301
3016-KSVCP,13.137086631990204,33.75,443.3766738296694
3679-XASPY,50.18480506372025,19.45,976.0944584893588
2848-YXSMW,0.0,19.4,0.0
7219-TLZHO,48.26693891033882,20.85,1006.3656762805646
3774-VBNXY,7.787378855740711,20.2,157.30505288596234
0390-DCFDQ,18.04246353792594,70.45,1271.0915562468824
3780-YVMFA,31.18621010075806,68.55,2137.814702406965
3077-RSNTJ,46.230690312638544,19.7,910.7445991589793
6551-GNYDG,22.154581836725363,80.9,1792.305670591082
2749-CTKAJ,46.19612226688946,20.15,930.8518636778226
2907-ILJBN,56.5307963236881,20.6,1164.5344042679749
6345-FZOQH,2.9207995646436844,19.9,58.123911336409314
1159-WFSGR,37.043192421362534,20.4,755.6811253957957
0691-JVSYA,14.907214003034925,94.85,1413.9492481878626
3712-PKXZA,10.108801544233213,20.55,207.73587173399252
1024-GUALD,23.910055628967697,24.8,592.9693795983989
2984-RGEYA,2.9532180531462293,19.75,58.32605654963803
2146-EGVDT,12.827368627072156,19.3,247.56821450249262
4709-LKHYG,39.05631057019275,20.0,781.126211403855
6469-MRVET,65.64943571935379,20.2,1326.1186015309465
0742-MOABM,36.15756641511854,50.05,1809.6861990766827
2232-DMLXU,29.25673713272727,55.2,1614.9718897265454
4629-NRXKX,19.83479220688375,70.4,1396.3693713646162
4959-JOSRX,36.66463004033265,44.6,1635.2424997988364
9512-UIBFX,20.95243442979031,95.15,1993.624135994548
5583-SXDAG,20.736601214283958,70.0,1451.562084999877
6556-DBKZF,0.9171163024496688,76.05,69.74669480129731
4115-BNPJY,42.12059174317163,75.55,3182.2107061966167
2799-ARNLO,14.288381034571028,69.35,990.8992247475007
2840-XANRC,13.58067441574621,93.15,1265.0398218267594
5701-YVSVF,18.902129887676505,82.9,1566.9865676883824
5697-GOMBF,11.800288898357199,35.9,423.6303714510234
9385-EHGDO,36.11952598416993,19.85,716.9725907857733
8966-SNIZF,1.9664260599863876,19.45,38.24698686673524
0104-PPXDV,12.092557443056098,50.3,608.2556393857217
6563-VRERX,35.707944620702136,20.6,735.583659186464
4895-TMWIR,43.227222253708504,19.95,862.3830839614847
5876-QMYLD,44.927287056873034,20.05,900.7921054903044
1996-DBMUS,4.61540456961994,70.65,326.0783328436488
9063-ZGTUY,4.872004787669766,19.4,94.51689288079346
6048-NJXHX,30.18885620563338,19.75,596.2299100612593
4980-URKXC,34.02356764968899,20.85,709.3913854960156
1910-FMXJM,5.0895241301419105,80.4,409.19774006340964
5168-MSWXT,23.115574554805377,94.75,2190.2006890678094
0256-LTHVJ,6.195678820081367,81.05,502.1597683675948
4237-CLSMM,50.141439994412124,20.0,1002.8287998882424
4640-UHDOS,22.515274420711773,55.95,1259.7296038388238
1304-BCCFO,29.77745398343262,70.05,2085.9106515394546
0486-LGCCH,60.120391142405765,19.65,1181.3656859482733
0505-SPOOW,1.9665549102594215,19.8,38.937787223136546
7218-HKQFK,28.152175137371337,94.2,2651.93489794038
6705-LXORM,17.865955797336785,70.05,1251.5102036034418
7601-GNDYK,36.320085822525364,19.6,711.8736821214972
8067-NIOYM,47.45217682196414,21.1,1001.2409309434433
1403-GYAFU,1.9733507207551406,20.05,39.56568195114057
7129-AZJDE,29.97823499313901,78.95,2366.781652708325
2075-PUEPR,16.766401094567534,19.35,324.4298611798818
7293-LSCDV,11.790331690964022,19.25,226.96388505105742
1218-VKFPE,40.80528427822766,19.0,775.3004012863255
1423-BMPBQ,47.640500924458294,19.0,905.1695175647076
8752-IMQOS,62.72042232388798,20.1,1260.6804887101484
0374-FIUCA,6.880433602173058,20.4,140.36084548433038
4881-JVQOD,36.141195792923014,34.55,1248.67831464549
4851-BQDNX,22.54593054841115,85.05,1917.5313931423682
3003-CMDUU,12.375825408826536,95.15,1177.559787649845
4580-TMHJU,6.572016001120407,56.15,369.0186984629109
5845-BZZIB,36.323804738700865,20.1,730.1084752478874
4464-JCOLN,65.66823394507469,19.85,1303.5144438097327
2085-JVGAD,26.219536068470084,20.35,533.5675589933662
8755-OGKNA,14.772509036361061,19.5,288.0639262090407
5642-MHDQT,17.435438049949678,19.85,346.09344529150115
1448-PWKYE,24.729481587061745,80.0,1978.3585269649395
7501-IWUNG,10.752434815245453,73.8,793.5296893651143
2480-JZOSN,46.6899679530602,20.65,964.147838230693
5896-NPFWW,31.705581218999,50.15,1590.0348981327998
3014-WJKSM,17.52344903045761,75.3,1319.515711993458
7929-DMBCV,18.158938674640414,81.0,1470.8740326458735
4697-LUPSU,65.68431977693896,20.2,1326.823259494167
8434-VGEQQ,10.854233304160449,20.55,223.05449440049722
6549-YMFAW,42.42150631933087,21.25,901.4570092857809
6786-OBWQR,15.26326529600021,80.85,1234.034999181617
7595-EHCDL,26.576537242917702,50.6,1344.7727844916358
6425-JWTDV,23.446228515583325,19.25,451.339898924979
7379-POKDZ,15.735271153027456,70.3,1106.1895620578302
7969-FFOWG,6.827707455479545,19.9,135.87137836404293
2037-XJFUP,28.66903744312163,95.8,2746.493787051052
7521-AFHAB,26.345161043793,44.8,1180.2632147619263
5726-CVNYA,62.84166495804992,19.85,1247.4070494172909
3807-XHCJH,50.284899600449876,20.0,1005.6979920089975
5337-IIWKZ,18.489410195342064,44.85,829.2500472610916
1038-ZAGBI,57.348841979651105,19.8,1135.5070711970918
0422-OHQHQ,52.645799807856456,20.55,1081.8711860514502
3671-SHRSP,30.79840345281562,80.6,2482.3513182969386
0979-MOZQI,9.671910305185401,39.0,377.2045019022306
0048-LUMLS,29.36390020353158,91.2,2677.98769856208
8812-ZRHFP,32.29531421126575,86.45,2791.929913563924
5787-KXGIY,0.0,19.3,0.0
6231-WFGFH,46.547187083115276,20.5,954.2173352038632
6169-PPETC,36.60752290333786,20.5,750.4542195184262
9448-REEVD,43.049858267726215,44.7,1924.328664567362
1106-HRLKZ,31.380141119231286,19.6,615.0507659369332
3280-NMUVX,36.19704637679318,19.6,709.4621089851464
2545-LXYVJ,0.0,20.7,0.0
8120-JDCAM,16.97493303357225,69.55,1180.60659248495
6419-ZTTLE,44.433987718417995,20.75,922.0052451571734
4695-VADHF,25.773568656674385,57.45,1480.6915193259435
3863-IUBJR,54.27845213310677,53.65,2912.038956941178
7460-ITWWP,4.384260864848451,86.1,377.4848604634516
8329-GWVPJ,3.8466352349642317,69.75,268.30280763875516
4869-EPIUS,8.878792866515868,80.9,718.2943429011337
7296-PIXQY,12.436232131449579,70.2,873.0234956277604
4883-QICIH,11.363730309760355,69.75,792.6201891057848
3845-JHAMY,29.92136369153878,35.5,1062.2084110496266
2074-GKOWZ,33.69101351101958,89.55,3017.030259911803
6100-FJZDG,43.422302337112555,20.05,870.6171618591068
1730-VFMWO,21.291333704324757,50.2,1068.824951957103
9646-NMHXE,24.432986604754316,19.65,480.10818678342224
0455-XFASS,15.397376431592146,69.55,1070.8875308172337
9170-ARBTB,18.725176106991466,19.6,367.01345169703274
4607-CHPCA,32.82469231471449,90.4,2967.35218525019
4712-UYOOI,33.70500601455589,20.0,674.1001202911178
7363-QTBIW,12.630302310393585,79.75,1007.2666092538884
5859-HZYLF,45.49490687912814,19.15,871.2274667353038
6621-NRZAK,8.869947495106373,20.0,177.39894990212747
0831-JNISG,0.9753598327415068,19.8,19.312124688281838
3082-WQRVY,53.955231000460486,19.65,1060.2202891590484
8844-TONUD,20.975977603231296,96.65,2027.328235352305
4086-YQSNZ,16.764660755111,80.4,1347.8787247109244
5562-BETPV,66.64907337350976,19.65,1309.6542917894667
0887-WBJVH,12.731852620654136,93.45,1189.791627400129
8944-AILEF,44.0462284526279,19.45,856.6991434036127
6791-YBNAK,30.915758938986794,25.55,789.8976408911126
9824-BEMCV,9.276009559742526,69.0,640.0446596222343
6980-IMXXE,2.9534489043588286,20.2,59.65966786804834
9897-KXHCM,17.786988382846726,80.3,1428.295167142592
0040-HALCW,17.775265035881187,20.4,362.6154067319762
3165-HDOEW,27.60774432176332,45.85,1265.8150771528483
6581-NQCBA,24.833186278753846,49.95,1240.4176546237547
1689-MRZQR,6.221920256196465,78.3,487.1763560601832
6507-ZJSUR,9.733142940905685,90.45,880.3627790049193
9220-ZNKJI,16.542468399823512,88.8,1468.971193904328
6244-BESBM,2.886939847962033,95.2,274.83667352598553
1257-SXUXQ,48.3554803515308,19.45,940.514092837274
4821-WQOYN,0.0,20.1,0.0
3452-FLHYD,44.23429278637633,20.95,926.7084338745841
8711-LOBKY,12.683546153771507,19.85,251.76839115236444
9134-CEQMF,17.721664728505964,89.5,1586.0889932012838
4566-QVRRW,16.12275966405202,44.05,710.2075632014914
0042-RLHYP,2.953192333008292,19.7,58.17788896026335
5158-RIVOP,60.49087784359664,20.9,1264.2593469311698
0114-RSRRW,46.77160670064116,19.95,933.0935536777911
0031-PVLZI,48.1794877414145,20.35,980.4525755377852
6475-VHUIZ,24.944511214543574,54.25,1353.239733388989
3910-MRQOY,0.0,19.4,0.0
0536-BGFMZ,27.063915945270953,20.5,554.8102768780545
1184-PJVDB,12.364761000811567,79.95,988.5626420148849
7266-GSSJX,39.69027215461289,20.45,811.6660655618336
7073-QETQY,5.152916704962147,20.35,104.86185494597969
1839-FBNFR,32.52232874458754,19.85,645.5682255800627
4704-ERYFC,5.699956296250004,69.25,394.7219735153128
9089-UOWJG,36.34362808862561,58.35,2120.6506989713043
1934-MKPXS,37.17616710606229,20.1,747.240958831852
3131-NWVFJ,53.56816763118364,19.55,1047.2576771896402
7861-UVUFT,13.56164805894892,84.3,1143.246931369394
4859-ZSRDZ,13.727946860557399,55.5,761.9010507609356
3498-LZGQZ,8.732443910497153,19.15,167.22630088602048
7077-XJMET,34.338970731793424,74.15,2546.2346797624828
7677-SJJJK,61.6727866978111,19.9,1227.2884552864407
7055-HNEOJ,39.79873147955251,55.8,2220.7692165590297
1735-XMJVH,42.740063942340015,19.35,827.0202372842793
8681-ICONS,25.93003183019222,20.65,535.4551572934694
9824-QCJPK,32.638594510984966,20.0,652.7718902196993
2667-WYLWJ,58.54477029852063,19.75,1156.2592133957826
9972-EWRJS,4.905993492708727,19.25,94.44037473464299
6184-DYUOB,44.627944253863575,19.6,874.7077073757262
3012-VFFMN,45.49219989488203,20.65,939.4139278293138
0640-YJTPY,0.0,21.0,0.0
9764-REAFF,12.781792705794633,18.4,235.1849857866212
3703-VAVCL,51.34144827114088,90.0,4620.730344402679
7876-DNYAP,2.9565536963188244,19.8,58.539763187112726
0330-IVZHA,16.221645303809964,69.95,1134.704089001507
3794-NFNCH,13.457903222674458,50.0,672.8951611337229
5522-NYKPB,15.927663888347176,85.9,1368.1863280090224
7776-QGYJC,16.01203332343948,81.5,1304.9807158603176
1436-ZMJAN,38.729204867185366,67.8,2625.8400899951675
0799-DDIHE,19.01360678124369,46.3,880.3299939715829
3070-FNFZQ,48.49952409585722,20.4,989.3902915554872
9254-RBFON,50.55118627994712,98.6,4984.346967202786
9391-EOYLI,14.022840338299696,80.45,1128.1375052162107
7643-RCHXS,8.748954556847842,19.35,169.29227067500577
8387-MOJJT,7.484019675865007,77.95,583.3793337336773
0620-XEFWH,49.18026674414598,18.85,927.0480281271518
7321-VGNKU,14.970006874487545,70.35,1053.1399836201988
7552-KEYGT,44.521399256143106,19.55,870.3933554575977
2812-REYAT,21.08201573022339,20.05,422.694415390979
6518-PPLMZ,18.47660621098091,19.4,358.44616049302965
6022-KOUQO,48.526700265663926,29.05,1409.700642717537
1262-OPMFY,28.078097285856167,75.75,2126.9158694036046
2351-RRBUE,60.438688055796185,20.65,1248.058908352191
1498-DQNRX,26.211796584760958,19.85,520.3041622075051
9469-WEJBT,11.53926457202052,90.35,1042.5725540820538
5442-XSDCW,24.14637380373773,79.5,1919.6367173971496
6625-FLENO,13.641656383000749,20.75,283.06436994726556
2967-MXRAV,66.60959502932577,18.8,1252.2603865513247
7963-GQRMY,27.810813054633346,44.3,1232.0190183202571
0354-VXMJC,48.56726986317299,19.6,951.9184893181906
9365-SRSZE,6.176870050291861,70.55,435.7781820480908
8917-SZTTJ,11.839398893918691,19.65,232.64418826550227
1696-MZVAU,27.842305095828216,25.25,703.0182036696625
0386-CWRGM,25.409858098771316,19.4,492.9512471161635
0404-AHASP,0.0,19.7,0.0
2587-YNLES,65.02784507267496,20.1,1307.059685960767
8887-IPQNC,19.43589142063441,44.25,860.0381953630726
1222-KJNZD,22.915373896818245,20.4,467.47362749509216
2418-TPEUN,15.732576571963605,19.8,311.5050161248794
8540-ZQGEA,17.737606490167238,20.05,355.6390101278531
8763-KIAFH,40.39419438858326,20.55,830.100694685386
2007-QVGAW,3.924877285399226,19.35,75.94637547247503
7416-CKTEP,14.707657107994809,19.6,288.2700793166983
6016-LVTJQ,23.464890288799328,20.65,484.5499844637061
2085-BOJKI,47.58021358488233,96.65,4598.627642978878
5442-PPTJY,59.12611019206208,19.7,1164.784370783623
1927-QEWMY,0.0,20.5,0.0
7554-AKDQF,24.260943949272043,45.65,1107.5120912842688
0794-YVSGE,0.0,20.3,0.0
3132-TVFDZ,2.6037248570799187,44.85,116.77705984003435
8356-WUAOJ,23.2385871238548,45.0,1045.736420573466
3173-WSSUE,0.9855019612429446,19.7,19.41438863648601
1098-KFQEC,16.76486983028087,19.4,325.23847470744886
2485-ITVKB,25.717769917734472,35.1,902.69372411248
5296-BFCYD,25.352285689136238,20.1,509.58094235163844
3279-DYZQM,0.9752652900236035,19.45,18.968909890959086
7105-MXJLL,39.014986768174076,60.7,2368.2096968281667
9938-PRCVK,30.61622862954233,19.7,603.1397040019839
6770-XUAGN,47.32881690358789,21.0,993.9051549753458
9281-PKKZE,4.464054492039904,43.95,196.1951949251538
0754-EEBDC,67.0946177126028,19.9,1335.1828924807955
3750-YHRYO,60.779515127586365,20.65,1255.0969873846584
0129-QMPDR,26.11672401958385,20.5,535.3928424014689
4623-ZKHLY,37.20801886296831,20.45,760.9039857477019
7696-CFTAT,34.618435596747545,19.8,685.4450248156014
2484-DGXPZ,23.273551976258453,19.55,454.9979411358528
2018-QKYGT,21.102770077026996,81.05,1710.379514743038
0854-UYHZD,58.05751211695315,19.55,1135.024361886434
8229-BUJHX,0.9845340589793611,20.5,20.1829482090769
8735-IJJEG,37.38421585625814,50.2,1876.6876359841585
5445-UTODQ,12.834356207493308,81.1,1040.866288427707
2208-MPXIO,26.579670954115784,20.0,531.5934190823157
9828-AOQLM,24.9293984707146,45.7,1139.2735101116573
7615-ESMYF,30.741929075053566,44.6,1371.0900367473891
1087-GRUYI,33.60067037096703,20.4,685.4536755677274
3778-FOAQW,43.693717022882616,20.15,880.4283980110847
5349-AZPEW,27.131110917194665,25.05,679.6343284757264
3753-TSEMP,13.199969975767482,88.15,1163.5773533639037
9172-JITSM,7.406715835043565,90.8,672.5297978219556
5346-BZCHP,2.919566804596387,19.4,56.6395960091699
4958-GZWIY,31.979683632617274,48.7,1557.4105929084612
7061-OVMIM,39.76731360000401,19.55,777.4509808800784
5934-TSSAU,21.076612446819073,75.3,1587.068917245476
2955-BJZHG,13.266907221806642,80.85,1072.629448883067
6661-EIPZC,11.91582585687021,29.5,351.5168627776712
7206-PQBBZ,12.45908700186246,70.2,874.6279075307448
3373-DIUUN,41.27704951850397,21.25,877.1373022682094
9779-DPNEJ,8.091050347880206,80.15,648.4976853825985
9805-FILKB,24.198574290686224,20.2,488.8112006718617
5793-YOLJN,16.57401310758998,21.0,348.0542752593896
7802-EFKNY,22.561389109214907,24.95,562.9066582749119
6082-OQFBA,45.214496487223165,19.65,888.4648559739352
6648-INWPS,38.17669571277342,20.15,769.2604186123845
7978-DKUQH,8.486052308778737,74.6,633.0595022348937
2626-VEEWG,4.919522300275846,19.4,95.4387326253514
1657-DYMBM,18.747287457354787,19.9,373.0710204013602
5970-GHJAW,25.7066350824842,19.95,512.8473698955598
6131-IUNXN,35.10491440614907,20.2,709.1192710042112
5931-FLJJF,15.384861675705046,70.1,1078.4788034669236
4285-GYRQC,18.616852821818544,86.25,1605.7035558818493
4365-MSDYN,49.56421822470766,19.55,968.9804662930347
0788-DXBFY,12.047579510707129,19.55,235.53017943432437
3496-LFSZU,18.596273643110997,70.5,1311.0372918393252
5242-UOWHD,26.44769822624924,20.35,538.2106589041721
6479-SZPLM,35.637622136082335,19.45,693.1517505468014
1813-JLKWR,7.405925060340786,19.8,146.63731619474757
0219-QAERP,39.948026665060056,19.8,790.9709279681891
1465-LNTLJ,48.67332839848922,64.4,3134.562348862706
7470-MCQTK,35.722636673744475,48.75,1741.478537845043
7928-VJYAB,18.749715461622312,90.6,1698.7242208229814
3097-PYWXL,44.35641713745886,19.95,884.9105218923042
0869-PAPRP,20.278276938339964,85.7,1737.8483336157349
3211-ILJTT,18.112754499278996,70.4,1275.1379167492414
4277-BWBML,0.0,19.95,0.0
2637-FKFSY,22.747014015815353,46.1,1048.6373461290877
9424-CMPOG,62.11028913561425,19.6,1217.3616670580395
6974-DAFLI,14.761376002675567,19.7,290.79910725270867
7064-JHXCE,9.866753603775702,20.05,197.82840975570284
5498-IBWPI,5.079662455013533,49.4,250.93532527766854
2884-GBPFB,2.884298097537367,70.3,202.76615625687688
3787-TRIAL,14.409256372588018,26.05,375.36112850591786
1226-JZNKR,59.24261112320362,19.8,1173.0037002394317
7176-WIONM,36.75093247965097,49.85,1832.0339841106008
2929-ERCFZ,21.313872478090275,94.2,2007.7667874361039
8835-VSDSE,15.039266976605944,70.7,1063.2761752460403
6619-RPLQZ,26.404841711802906,20.85,550.5409496910906
9621-OUPYD,43.98502886985384,20.2,888.4975831710476
1465-WCZVT,48.98275499387751,19.65,962.5111356296931
8884-MRNSU,52.637830983599166,19.9,1047.4928365736234
2171-UDMFD,29.976124265206863,19.45,583.0356169582735
1357-MVDOZ,37.5465208215445,59.65,2239.6499670051294
2230-XTUWL,23.442500204535783,19.55,458.3008789986746
7717-BICXI,11.706734693851148,20.55,240.5733979586411
6164-HXUGH,46.256801057603575,19.85,918.197500993431
9588-OZDMQ,22.430302742747113,45.0,1009.3636234236201
6476-EPYZR,42.244177211742084,20.5,866.0056328407127
1552-TKMXS,22.026869171202705,20.35,448.2467876339751
6188-UXBBR,31.696018679162506,20.25,641.8443782530408
5702-SKUOB,46.89700414985589,19.6,919.1812813371755
6585-WCEWR,0.0,20.35,0.0
9067-SQTNS,26.424085181664484,20.6,544.3361547422884
1776-SPBWV,35.51107894990903,20.1,713.7726868931715
9565-AXSMR,19.544473607699828,19.2,375.2538932678367
9081-WWXKP,24.69155769596138,20.25,500.0040433432179
7758-UJWYS,36.503017965742366,40.55,1480.1973785108528
8129-GMVGI,15.590014933546971,20.05,312.5797994176168
0277-ORXQS,5.865953146639179,50.55,296.52393156261047
2266-FUBDZ,56.14008544201756,19.35,1086.3106533030398
8216-AZUUZ,28.61858290712579,100.4,2873.3057238754295
0354-WYROK,16.03479838419714,98.9,1585.8415601970971
1051-EQPZR,16.16560525881718,19.6,316.84586307281677
0962-CQPWQ,9.84500016983787,20.3,199.8535034477088
5976-JCJRH,11.591237811083761,70.3,814.8640181191884
7593-JNWRU,34.86442837872981,44.6,1554.9535056913496
1069-QJOEE,43.163340076243564,19.9,858.9504675172469
6877-TJMBR,26.53560199659459,84.8,2250.219049311221
2195-ZRVAX,3.209581645372734,85.3,273.7773143502942
2725-KXXWT,20.617412690493182,90.75,1871.0302016622563
7473-ZBDSN,57.05596537611642,18.8,1072.6521490709888
4878-BUNFV,29.41170193860517,20.7,608.822230129127
2397-BRLOM,29.835109452157347,80.45,2400.2345554260587
2466-NEJOJ,53.16696856581443,19.65,1044.7309323182535
1697-LYYYX,10.233621819278564,19.1,195.4621767482206
9640-ZSLDC,16.78009443598069,60.6,1016.8737228204299
7598-UAASY,26.864905153175435,76.4,2052.4787537026036
3594-BDSOA,45.62823132021272,20.4,930.8159189323394
0431-APWVY,35.06342226359651,90.1,3159.2143459500453
7883-ROJOC,15.863870263089394,44.9,712.2877748127138
4635-EJYPD,39.279765540932985,18.95,744.35155700068
4636-TVXVG,9.314327573899803,19.95,185.82083509930106
3518-PZXZQ,25.250959828971894,55.3,1396.3780785421457
0815-MFZGM,29.210991271075677,99.0,2891.888135836492
5480-XTFFL,40.225427807304754,21.0,844.7339839533998
7909-FIOIY,14.499132756218675,24.85,360.3034489920341
5468-BPMMO,14.521598924643893,19.6,284.6233389230203
2770-NSVDG,19.450032086797343,29.1,565.9959337258027
0519-DRGTI,34.313462897375146,20.35,698.2789699615843
6158-DWPZT,55.81615837250904,24.1,1345.1694167774679
5804-JMYIO,32.31645915093237,19.75,638.2500682309143
0936-NQLJU,30.62134417804247,20.65,632.330757276577
4884-LEVMQ,32.5302087718288,20.45,665.242769383899
8857-CUPFQ,8.760704410004154,19.25,168.64355989257996
3638-DIMPH,45.854970049943574,43.8,2008.4476881875285
4518-FZBSX,27.21134019413502,20.25,551.0296389312341
5465-BUBFA,30.614535302706674,19.3,590.8605313422388
9371-BITHB,19.50996642002496,19.85,387.2728334374955
8922-NPKBJ,29.402929957925032,19.35,568.9466946858494
9512-PHSMG,38.66659509289089,20.55,794.5985291589078
5027-QPKTE,13.023602558318913,69.35,903.1868374194165
8347-GDTMP,7.8752058113699785,19.45,153.17275303114607
0428-IKYCP,21.820739674099798,87.0,1898.4043516466825
1732-VHUBQ,7.027919936409971,70.55,495.8197515137234
7446-SFAOA,32.46868724889079,19.85,644.5034418904822
0679-IDSTG,18.393857372158354,69.25,1273.7746230219661
4692-NNQRU,41.869275419802314,79.2,3316.0466132483434
7742-MYPGI,30.119043633995098,48.8,1469.8093293389607
0611-DFXKO,10.080140372026719,89.0,897.1324931103779
2181-TIDSV,3.931134515248542,19.95,78.42613357920841
2931-XIQBR,18.01992297446027,103.05,1856.9530625181305
0208-BPQEJ,47.84090019837406,19.4,928.1134638484566
5260-UMPWX,34.40377853490066,20.25,696.6765153317384
3237-AJGEH,33.84820429718341,31.0,1049.2943332126856
5266-PFRQK,18.61190565148482,20.85,388.0582328334585
1303-SRDOK,15.829693029409603,69.05,1093.040303680733
3769-MHZNV,38.24169862996723,20.1,768.6581424623414
2207-QPJED,12.955808139933277,90.0,1166.022732593995
2239-CFOUJ,66.68362494567309,20.4,1360.3459488917308
1038-RQOST,36.276024418796155,20.6,747.2861030272009
3801-HMYNL,26.49046877249383,89.15,2361.625291067825
3352-RICWQ,62.037403390904025,19.75,1225.2387169703545
3923-CSIHK,1.1099455156888234,71.05,78.86162888969089
7924-GJZFI,5.741838120283599,69.3,397.90938173565337
7319-ZNRTR,43.1511658311517,19.6,845.7628502905734
7089-XXAYG,41.97573768137557,38.1,1599.2756056604094
8070-AAWZP,27.893112709687987,34.25,955.3391103068136
8189-DUKMV,65.07102770804416,20.5,1333.9560680149052
8395-ETZKQ,3.7459832129793216,19.5,73.04667265309678
7168-HDQHG,26.873343613151313,19.2,515.9681973725052
7410-KTVFV,20.111946345919293,49.55,996.5469414403009
1834-WULEG,44.27814603274603,20.25,896.6324571631071
9097-ZUBYC,37.50295262311583,48.8,1830.1440880080524
9766-HGEDE,50.35385142019392,19.35,974.3470249807524
6968-MHOMU,11.503036184475278,45.0,517.6366283013875
7395-IGJOS,25.51260832645517,81.5,2079.277578606096
6568-POCUI,26.01235267787906,95.2,2476.3759749340866
7890-VYYWG,28.23849577728966,36.45,1029.2931710822081
3457-PQBYH,13.802701564821511,20.3,280.1948417658767
5384-ZTTWP,38.372624067082704,19.8,759.7779565282376
3745-HRPHI,5.900395098879963,54.65,322.45659215379
1407-DIGZV,68.00707779400835,19.1,1298.9351858655596
7250-EQKIY,36.60437140350716,50.45,1846.6905373069362
7669-LCRSD,20.67080682271154,56.3,1163.7664241186596
8043-PNYSD,8.777631048423128,19.55,171.60268699667216
0928-JMXNP,31.834120339341354,29.9,951.8401981463064
8173-RXAYP,47.143866219735266,19.7,928.7341645287847
6734-JDTTV,6.887887056870184,19.85,136.72455807887317
7850-THJMU,45.54612849925719,19.65,894.9814250104038
6924-TDGMT,55.728750162182905,20.55,1145.2258158328586
9722-UJOJR,5.468385359515525,70.75,386.8882641857234
0464-WJTKO,0.0,20.1,0.0
8902-ZEOVF,22.522493041557556,20.05,451.57598548322903
1245-HARPS,57.00483723374023,20.4,1162.8986795683006
4323-ELYYB,54.890668219004425,20.0,1097.8133643800884
1085-LDWAM,2.754057236233999,20.35,56.045064757361885
1843-TLSGD,58.07086334410227,20.85,1210.7775007245325
1086-LXKFY,17.49882414566004,69.1,1209.1687484651088
1403-LKLIK,35.425184201506,20.1,712.0462024502706
5366-OBVMR,20.557390558856582,50.3,1034.036745110486
7644-OMVMY,71.08525543334173,19.85,1411.0423203518335
8380-MQINP,16.57073894564506,20.3,336.3860005965948
6923-AQONU,48.21213870644144,20.9,1007.6336989646261
1855-AGAWH,30.11961145351559,93.8,2825.219554339762
4946-EDSEW,38.784375742729246,19.25,746.599233047538
3642-BYHDO,0.9844317098220238,19.9,19.59019102545827
9629-NHXFW,47.719297748710346,19.4,925.7543763249806
4585-HETAI,20.56297072851408,73.75,1516.5190912279136
0621-TSSMU,14.946290977191385,19.95,298.17850499496814
7636-PEPNS,8.881511836903686,44.1,391.67467200745256
1167-OYZJF,4.908041931529407,20.05,98.40624072716462
5294-DMSFH,14.836973533184683,87.8,1302.6862762136152
0369-ZGOVK,33.67721581906871,70.4,2370.875993662437
7872-BAAZR,17.683656586519735,19.55,345.71548626646086
5949-EBSQK,50.7891695005989,61.45,3120.9944658118025
5397-TUPSH,4.914751120511121,70.95,348.70159200026404
2669-OIDSD,11.884696408333092,100.05,1189.0638756537257
0247-SLUJI,52.14590322604114,19.7,1027.2742935530105
8610-ZIKJJ,65.34059357426226,20.3,1326.4140495575239
6060-QBMGV,1.9713409747998047,19.85,39.13111834977612
9257-AZMTZ,19.714791852949105,20.1,396.267316244277
7743-EXURX,27.920567151656797,51.05,1425.3449530920793
9799-CAYJJ,16.29564959958185,69.3,1129.288517251022
3678-MNGZX,3.9425752114807397,19.95,78.65437546904076
4063-EIKNQ,49.77275081928808,20.95,1042.739129664085
6036-TTFYU,36.4417684735523,19.6,714.2586620816252
0969-RGKCU,33.29521741288713,19.8,659.2453047751652
2880-FPNAE,24.18719875790252,74.2,1794.6901478363673
0895-LNKRC,61.70686141993285,19.45,1200.1984546176939
6696-YDAYZ,55.15695569477366,20.5,1130.71759174286
6506-EYCNH,31.894219894470485,19.55,623.531998936898
9447-YPTBX,20.13770519297809,19.85,399.7334480806151
7011-CVEUC,24.2730463027453,95.7,2322.9305311727253
1552-CZCLL,12.041902804875937,20.0,240.83805609751874
9313-CDOGY,20.870753159687197,19.6,409.0667619298691
3346-BRMIS,22.925915723300438,48.35,1108.4680252215762
2933-FILNV,25.38064224943752,24.4,619.2876708862755
9819-FBNSV,9.771701676244422,72.25,706.0054461086595
1591-XWLGB,0.9844691684501128,19.85,19.54171299373474
9451-WLYRI,17.68040647562963,19.05,336.8117433607445
2900-PHPLN,1.9656289967649252,19.55,38.42804688675429
6878-GGDWG,29.598977894969387,19.4,574.220171162406
7826-VVKWT,45.51421781888618,96.55,4394.3977304134605
0836-SEYLU,33.832056965973166,40.65,1375.2731156668092
3144-AUDBS,27.83981658272141,49.15,1368.3269850407573
9537-JALFH,2.9569077151020475,19.9,58.84246353053074
3724-BSCVH,57.834069854186794,20.45,1182.70672851812
6961-VCPMC,2.5578366075249326,80.4,205.6500632450046
7010-ZMVBF,35.96824357094593,20.45,735.5505810258443
0508-OOLTO,16.531956700313813,71.65,1184.5146975774849
4806-HIPDW,15.423543248295502,68.95,1063.4533069699748
2959-MJHIC,16.008622044725822,80.35,1286.2927812937196
5821-MMEIL,14.756978297416481,19.9,293.66386811858797
6968-URWQU,20.561419417386094,56.35,1158.6359841697065
4742-TXUEX,24.664548794409853,19.3,476.0257917321102
1335-MXCSE,16.636917451683747,55.25,919.189689205527
7785-RDVIG,48.920823466922585,19.3,944.1718929116059
2903-YYTBW,30.471029836873694,44.55,1357.4843792327229
3620-EHIMZ,19.507278470852896,19.35,377.4658384110036
8747-UDCOI,6.882362043584808,19.35,133.17370554336605
8194-PEEBY,43.963961456244625,19.9,874.882832979268
8387-UGUSU,38.413196777962675,20.05,770.1845953981517
0812-WUPTB,23.52773473718754,70.85,1666.9400061297372
1767-TGTKO,19.669137176554955,45.45,893.9622846744228
0206-OYVOC,25.29178483992773,19.25,486.86685816860876
2018-PZKMU,35.16940480732604,103.1,3625.9656356353144
8590-OHDIW,30.74063863940706,20.3,624.0349643799633
8008-OTEZX,33.53140206194132,19.65,658.8920505171469
4803-LBYPN,24.36369581233282,20.8,506.7648728965227
6372-RFVNS,19.848600059186438,78.8,1564.0696846638912
5600-KTXFM,22.224487447017612,69.95,1554.602896918882
6319-IEJWJ,10.748444684507811,90.2,969.5097105426046
4390-KYULV,55.2943239688606,20.55,1136.2983575600854
4647-MUZON,26.266134083794455,95.95,2520.235565340078
9702-AIUJO,17.662210684926247,44.8,791.2670386846959
8285-ABVLB,1.9689383369002256,19.85,39.08342598746948
4797-MIWUM,51.43793577236187,20.25,1041.6181993903278
4537-CIBHB,58.463864383162814,20.25,1183.893253759047
4355-CVPVS,12.228006755302811,88.9,1087.06980054642
6704-UTUKK,11.966764439174192,45.9,549.2744877580953
5914-GXMDA,36.08036192708076,19.3,696.3509851926586
7463-IFMQU,0.0,20.05,0.0
2920-RNCEZ,32.571727988750354,69.95,2278.392372813087
2607-DHDAK,0.0,19.8,0.0
0743-HRVFF,17.712581083319208,56.15,994.5614278283734
8143-ETQTI,47.96257662798256,19.65,942.4646307398572
4255-DDUOU,47.935090523322465,20.5,982.6693557281105
5590-YRFJT,12.120973162305045,24.45,296.35779381835835
4608-LCIMN,36.82683498798419,44.65,1644.318182213494
4054-CUMIA,33.21564037727345,20.25,672.6167176397875
3415-TAILE,32.70581109126296,65.7,2148.7717886959763
3423-HHXAO,52.723732907532906,19.5,1028.1127916968917
0608-JDVEC,21.460978160426357,19.8,424.9273675764419
1919-RTPQD,25.69572511621371,44.75,1149.8836989505635
2650-GYRYL,36.642790441941244,19.45,712.7022740957572
1574-DYCWE,20.493902609537358,19.95,408.8533570602703
2466-FCCPT,49.50546701169506,19.7,975.2577001303927
9138-EFSMO,38.339359265094686,78.95,3026.8924139792257
8910-LEDAG,14.349473470637747,71.55,1026.7048268241308
3724-UCSHY,47.45123431890363,19.55,927.671630934566
3192-LNKRK,8.165417166828206,84.05,686.3033128719107
3079-BCHLN,23.422053605395487,19.9,466.09886674737015
7777-UNYHB,46.72638185453032,20.1,939.2002752760594
0187-QSXOE,17.613554926917587,89.0,1567.6063884956652
6248-BSHKG,9.739154144062871,20.4,198.67874453888257
4685-TFLLS,51.65555009839424,19.8,1022.7798919482059
2642-MAWLJ,35.58091953565096,20.25,720.513620596932
1166-PQLGG,0.0,19.55,0.0
3146-JTQHR,59.338113408644986,19.6,1163.0270228094419
4644-OBGFZ,15.12544003457404,19.5,294.9460806741938
7602-DBTOU,0.9713075381840669,19.6,19.03762774840771
5345-BMKWB,44.68362493557187,20.25,904.8434049453303
6416-TVAIH,18.168993199048625,68.5,1244.5760341348307
5016-LIPDW,13.312616689140379,19.4,258.26476376932334
9975-GPKZU,25.7059881183522,19.75,507.6932653374559
9625-RZFUK,8.777995713019532,19.7,172.92651554648478
5269-NRGDP,26.504306406061172,73.15,1938.790013603375
2819-GWENI,40.148629406398044,19.9,798.957725187321
9135-HSWOC,7.861890317512452,19.7,154.8792392549953
7044-YAACC,16.612241859835358,70.2,1166.179378560442
7734-DBOAI,39.54449757103112,40.1,1585.734352598348
7729-XBTWX,5.822793479052356,19.75,115.00017121128403
9732-OUYRN,21.48503283484614,19.0,408.21562386207665
0559-CKHUS,41.960255804277615,19.55,820.3230009736274
5324-KTGCG,0.8734527713210036,20.85,18.211490282042927
4302-ZYFEL,2.7729565522593562,20.55,56.98425714892977
1518-OMDIK,16.167186321312023,44.55,720.2481506144505
7998-ZLXWN,45.2522732826416,20.45,925.4089886300208
6253-WRFHY,47.4439758886724,64.75,3071.9974387915377
8430-TWCBX,21.51234195719067,20.7,445.3054785138469
3340-QBBFM,33.5862780209959,54.1,1817.0176409358783
4781-ZXYGU,57.12986018188275,20.15,1151.1666826649373
7632-YUTXB,43.01491758423748,20.05,862.4490975639615
2718-YSKCS,0.9827173179344872,19.6,19.261259431515953
8212-CRQXP,16.009903190166728,80.0,1280.7922552133382
6980-CDGFC,4.531721787623112,20.85,94.48639927194189
2520-SGTTA,71.01029985916679,20.0,1420.205997183336
3373-YZZYM,52.060953528666296,19.2,999.5703077503929
5215-LNLDJ,20.85976064896935,24.7,515.2360880295429
1045-LTCYT,52.51769362261581,21.05,1105.4974507560628
9950-MTGYX,43.51294704644268,20.3,883.3128250427865
4825-FUREZ,29.340462463680012,20.25,594.1443648895203
0365-GXEZS,22.896584753632123,78.2,1790.512927734032
7908-QCBCA,16.23217906159804,69.4,1126.513226874904
0967-BMLBD,55.64727244501954,20.0,1112.9454489003908
3530-VWVGU,32.627443745973196,19.9,649.2861305448665
3506-LCJDC,59.16154091902866,19.95,1180.2727413346217
7305-ZWMAJ,39.967839147807126,20.7,827.3342703596074
1945-XISKS,4.856615993848715,19.65,95.43250427912724
7216-KAOID,29.297769510085335,19.5,571.306505446664
0318-QUUOB,18.215034818329677,80.55,1467.2210546164554
4804-NCPET,52.17497724833708,20.2,1053.934540416409
0599-XNYDO,14.917586481367858,69.8,1041.2475363994765
6855-VLGOS,0.0,20.55,0.0
3181-MIZBN,38.11387778141405,19.75,752.7490861829274
0825-CPPQH,0.9843405942465178,19.1,18.80090535010849
5201-USSQZ,24.38041031391642,85.9,2094.2772459654207
1494-EJZDW,61.04665367506057,20.15,1230.0900715524704
1834-ABKHQ,16.739383811172708,50.95,852.8716051792495
4732-RRJZC,46.657098800424635,20.25,944.8062507085989
4338-EYCER,26.400176848608087,54.6,1441.4496559340016
4760-XOHVN,50.829050631022966,19.45,988.6250347733967
9068-FHQHD,31.610591408662774,20.15,636.9534168845548
1269-FOYWN,26.41389124640041,20.0,528.2778249280082
1853-UDXBW,18.492379257214402,70.0,1294.4665480050082
7396-VJUZB,29.005144327286715,45.25,1312.4827808097239
2091-MJTFX,28.391537099430128,51.2,1453.6466994908226
4530-NDRKU,26.24191456691171,19.05,499.9084724996681
6743-HHQPF,11.690727557380619,25.1,293.43726169025354
5537-UXXVS,39.88599148691205,19.25,767.8053361230569
0980-FEXWF,38.66045248352624,50.35,1946.5537825455463
3647-GMGDH,24.637126883202324,94.7,2333.13591583926
7036-ZZKBD,28.17745229355976,66.4,1870.9828322923681
0594-UFTUL,38.52347757517358,19.85,764.6910298671957
0129-KPTWJ,0.0,94.65,0.0
3556-BVQGL,46.66024314171749,20.0,933.2048628343498
3154-HMWUU,11.779677634541452,20.5,241.48339150809977
8748-HFWBO,49.07362693861677,19.9,976.5651760784737
1052-QJIBV,0.985533818911891,19.9,19.612122996346628
5729-KLZAR,20.869179604365183,80.85,1687.2731710129249
8849-AYPTR,7.397637705599022,91.25,675.0344406359108
1064-FBXNK,68.61467669534223,19.85,1362.0013324025433
3996-ZNWYK,0.9877130847276083,19.8,19.556719077606644
2878-DHMIN,33.67416334010512,19.9,670.1158504680918
7762-ONLJY,61.372583551838304,19.7,1209.0398959712145
0018-NYROU,12.749873344742888,68.95,879.1037671200221
0480-BIXDE,14.026459060588158,96.8,1357.7612370649335
7808-DVWEP,56.4713171139445,20.0,1129.42634227889
2284-VFLKH,20.161315125092923,99.25,2001.0105261654726
6532-YLWSI,17.609173329575775,20.8,366.2708052551761
4182-BGSIQ,47.63780817835465,19.8,943.2286019314222
7814-LEEVE,55.22572107110342,20.3,1121.0821377433995
9200-NLNPD,14.43892105185988,54.05,780.4236828530265
5134-IKDAY,16.897183633687916,69.8,1179.4234176314164
0902-XKXPN,2.9570496823062107,20.2,59.732403582585455
8727-JQFHV,14.645191769782693,20.75,303.88772922299086
1215-EXRMO,21.485887402125847,20.55,441.53498611368616
2305-MRGLV,21.45413801375228,76.55,1642.3142649527372
2359-KLTEK,11.959778141887245,94.9,1134.9829456650996
9184-GALIL,20.547083601042264,20.45,420.1878596413143
3359-DSRKA,13.562186999682341,19.85,269.2094119436945
6582-PLFUU,20.74570255054492,19.55,405.57848486315316
0264-CNITK,0.9844659006512422,20.1,19.78776460308997
4774-HHGGS,41.205457067535036,19.05,784.9639571365425
2718-GAXQD,28.39483541765584,46.0,1306.1624292121687
1223-UNPKS,51.18118562790511,20.05,1026.1827718394975
7853-GVUDZ,57.044074646069134,20.15,1149.438104118293
6954-OOYZZ,24.363793947226597,44.35,1080.5342615594996
2303-PJYHN,56.49236108415312,19.85,1121.3733675204394
6527-PZFPV,45.566182296173245,20.8,947.7765917604036
1439-LCGVL,41.74787632201334,19.2,801.5592253826561
4647-XXZAM,25.737944060078583,45.5,1171.0764547335755
1699-TLDLZ,55.078348219575254,19.7,1085.0434599256325
6928-ONTRW,0.0,19.7,0.0
7326-RIGQZ,14.963856318765824,69.8,1044.4771710498544
1401-FTHFQ,46.519198730240724,20.0,930.3839746048145
4092-OFQZS,47.87036711923522,20.65,988.5230810122072
1561-BWHIN,49.069463846906515,19.8,971.575384168749
1360-JYXKQ,13.717018882911537,99.1,1359.3565712965333
6892-BOGQE,0.9801910987249676,20.9,20.48599396335182
1746-TGTWV,41.70672156523909,75.35,3142.6014699407656
4879-GZLFH,5.25368607958516,92.15,484.1271722337725
1644-IRKSF,28.38498732250044,93.8,2662.511810850541
8314-HTWVE,64.02927097476082,19.85,1270.9810288490023
8779-YIQQA,47.14349165666241,19.8,933.4411348019158
8966-OIQHG,47.58109601654666,20.75,987.3077423433432
8739-QOTTN,48.88700368434404,20.35,994.8505249764012
1399-OUPJN,14.773133490080644,19.75,291.7693864290927
0277-BKSQP,22.12031805782915,54.4,1203.3453023459056
5774-XZTQC,45.457759450151514,20.45,929.6111807555984
1328-EUZHC,53.03149768454031,20.1,1065.9331034592603
7267-FRMJW,46.15684960497772,20.1,927.7526770600523
7017-VFULY,56.52480080508522,20.1,1136.148496182213
3566-VVORZ,30.962207315869435,45.9,1421.165315798407
2480-SQIOB,28.034333079117133,44.8,1255.9381219444474
7813-TKCVO,47.5248807231917,20.35,967.1313227169511
4282-ACRXS,7.221347403256177,24.85,179.450482970916
9381-NDKME,29.050324591706136,40.65,1180.8956946528544
7845-URHJN,50.850468864008064,20.15,1024.6369476097625
2923-ARZLG,66.81070413023595,19.7,1316.170871365648
8044-BGWPI,38.96524214382661,21.15,824.1148713419327
1755-RMCXH,51.296611552806965,20.3,1041.3212145219813
5902-WBLSE,1.965398989486857,20.15,39.60278963816017
3239-TPHPZ,58.73858016105256,20.05,1177.7085322291039
9309-BZGNT,2.5546451742808736,29.8,76.12842619357004
8075-GXIUB,60.713218159439414,19.85,1205.1573804648724
7673-BQGKU,2.9534233101365923,20.15,59.511479699252334
7647-GYYKX,17.685447693653465,20.35,359.89886056584805
8821-XNHVZ,18.682172076124644,80.05,1495.5078746937777
6078-VESFR,25.870845681243434,70.45,1822.6010782436
1941-HOSAM,21.935185417202575,90.1,1976.3602060899518
0704-VCUMB,10.829910438084509,20.25,219.3056863712113
8053-WWDRO,52.63930268385431,19.5,1026.466402335159
1935-IMVBB,1.609850440687393,89.7,144.40358452965916
2690-DVRVK,62.57609127462613,20.55,1285.9386756935671
5688-KZTSN,36.25214646533322,20.0,725.0429293066644
1270-XKUCC,41.20316279401183,19.7,811.702307042033
2894-QOJRX,19.797363209343384,34.0,673.110349117675
3143-JQEGI,15.565837052537832,88.35,1375.2417035917174
1460-UZPRJ,11.683371376372111,19.95,233.08325895862362
5515-IDEJJ,52.179803209439804,19.9,1038.378083867852
9701-CDXHR,1.3795084188305133,69.15,95.39300716213
5057-RKGLH,62.043722029279934,20.35,1262.5897432958468
7932-WPTDS,25.73526667764319,24.8,638.2346136055511
7394-FKDNK,16.796926325144327,89.45,1502.48505978416
7432-FFVAR,23.096509196088547,90.95,2100.6275113842535
4456-RHSNB,28.95343896406853,49.6,1436.0905726177991
2506-TNFCO,17.096483591217016,69.55,1189.0604337691434
2657-VPXTA,14.024142813497498,88.85,1246.0450889792526
6551-VLJMV,37.59980464395402,20.05,753.8760831112781
6142-VSJQO,37.43629465049412,44.35,1660.2996677494143
1208-NBVFH,19.474995894433214,49.6,965.9597963638874
6289-CPNLD,34.29474419236612,73.9,2534.381595815856
1976-CFOCS,29.322967564386012,46.0,1348.8565079617565
3755-JBMNH,20.585916040777782,71.8,1478.0687717278447
1757-TCATG,35.10555833036555,20.05,703.8664445238293
4776-XSKYQ,55.52373254966412,30.25,1679.5929096273396
2892-GESUL,53.08977271297091,19.35,1027.2871019959873
5044-LRQAQ,22.7045921244472,69.2,1571.1577750117463
4632-PAOYU,46.188056868087806,19.95,921.4517345183517
3803-KMQFW,51.02443342441605,20.55,1048.5521068717499
7658-UYUQS,26.92517293691106,86.55,2330.373717689652
6072-NUQCB,47.75261925133022,20.25,966.990539839437
8750-QWZAJ,1.9688291728423282,19.8,38.9828176222781
5087-SUURX,19.34305144645915,39.05,755.3461589842298
0013-EXCHZ,25.61356041899052,83.9,2148.977719153305
8215-NGSPE,29.357647593845506,20.0,587.1529518769102
0487-VVUVK,28.75583447033729,19.15,550.674230106959
6051-PTVNS,15.873022754401775,19.15,303.96838574679396
3799-ISUZQ,26.085369634574736,69.95,1824.6716059385028
2877-VDUER,31.172440563573762,40.9,1274.952819050167
8049-WJCLQ,31.763283230901436,60.2,1912.1496505002665
4619-EVPHY,42.4155243645383,91.0,3859.8127171729852
6542-LWGXJ,28.941162520142026,25.0,723.5290630035506
2320-JRSDE,47.10936256526566,19.9,937.4763150487867
0601-WZHJF,23.77849258186103,46.35,1102.1331311692588
9444-JTXHZ,27.656870998410167,76.2,2107.4535700788547
6147-CBCRA,23.299305590527315,20.05,467.15107709007265
6469-QJKZW,46.33823740474993,20.15,933.7154837057111
9103-CXVOK,51.54115367781987,19.75,1017.9377851369425
6982-UQZLY,48.238318957007216,20.85,1005.7689502536006
2522-WLNSF,35.237175406131236,64.2,2262.2266610736256
3841-CONLJ,30.579287728433172,35.0,1070.2750704951611
4475-NVTLU,26.41835812797507,19.2,507.2324760571213
9585-KKMFD,30.274704720554524,20.0,605.4940944110905
0983-TATYJ,30.867801258604718,51.45,1588.148374755213
1089-XZWHH,46.973887055390016,19.7,925.3855749911833
2888-ADFAO,24.60644170026728,21.3,524.117208215693
4817-KEQSP,0.9844231504558671,19.85,19.540799536548963
9251-AWQGT,23.4452396159992,20.0,468.904792319984
1371-WEPDS,24.96132555600225,55.8,1392.8419660249256
2398-YPMUR,10.191451791818707,70.15,714.9303431960824
1431-CYWMH,38.81687806781513,19.05,739.4615271918783
4583-PARNH,25.2976818778558,91.55,2316.0027759176987
1183-CANVH,44.38073814386473,60.0,2662.844288631884
1972-XMUWV,6.763011423016092,59.8,404.4280830963623
8679-LZBMD,21.449023306609185,90.65,1944.3539627441228
1722-LDZJS,17.87482397427338,20.2,361.0714442803222
0506-YLVKJ,25.352993603414276,20.2,512.1304707889684
4815-GBTCD,21.648227336817676,25.15,544.4529175209645
3422-LYEPQ,18.709362618839428,71.0,1328.3647459375993
1363-TXLSL,18.81984415492015,70.3,1323.0350440908867
9507-EXLTT,28.52848756874069,79.35,2263.7354885795735
6017-PPLPX,8.363822617679709,70.45,589.2313034155355
4641-FROLU,41.19966063051911,19.3,795.1534501690189
2905-KFQUV,28.452606071460274,70.4,2003.0634674308035
0281-CNTZX,8.833757590982657,19.95,176.233463940104
3398-ZOUAA,7.981625741594572,69.1,551.5303387441849
5093-FEGLU,24.641433632113362,19.65,484.20417087102754
2621-UDNLU,48.04701746089628,20.85,1001.7803140596875
2428-HYUNX,27.63358161588009,19.35,534.7098042672798
2138-VFAPZ,56.87953824976522,19.7,1120.5269035203748
1709-EJDOX,24.42791727264386,19.75,482.45136613471624
8033-ATFAS,9.82020869643724,59.85,587.7394904817688
8514-VZHEB,12.682331779411546,19.5,247.30546969852514
2236-HILPA,9.86763058661113,20.65,203.7665716135198
1830-IPXVJ,10.840609254012922,19.75,214.1020327667552
4192-GORJT,23.737727488468373,94.45,2242.028361285838
9418-RUKPH,33.16715419107252,19.95,661.6847261118968
7240-ETPTR,27.68938132574073,48.75,1349.8573396298605
6877-LGWXO,13.719745770582982,78.55,1077.6860302792932
6859-RKMZJ,30.554293126207597,55.05,1682.0138365977282
2729-VNVAP,38.58778833146499,19.8,764.0382089630069
9800-OUIGR,5.920008157143672,20.0,118.40016314287342
7094-MSZAO,49.460862693068464,20.05,991.6902969960228
8577-QSOCG,33.16942754994733,20.2,670.022436508936
1099-GODLO,70.01577449247364,20.35,1424.8210109218387
6828-HMKWP,59.498312096867906,21.05,1252.4394696390696
0442-TDYUO,23.342307229052153,20.05,468.01325994249567
1360-RCYRT,29.376984980189828,30.35,891.5914941487613
4451-RWASJ,52.14853946218152,19.5,1016.8965195125396
5917-HBSDW,20.72565075488314,19.35,401.0413421069888
3752-CQSJI,37.32804851948988,20.45,763.358592223568
0282-NVSJS,28.068226611259938,29.3,822.3990397099162
5649-TJHOV,25.24394373724894,36.5,921.4039464095863
4750-UKWJK,31.69640075805192,19.6,621.2494548578177
4487-ZYJZK,32.18545166408085,19.6,630.8348526159847
7634-HLQJR,24.690877845629675,20.05,495.052100804875
0356-ERHVT,29.741303832574424,45.9,1365.125845915166
0613-WUXUM,1.9356361116256537,19.2,37.16421334321255
3387-PLKUI,39.91445690440542,18.8,750.3917898028219
3797-VTIDR,25.338553580617063,23.45,594.18908146547
7110-BDTWG,0.9579411989643696,47.05,45.071133411273586
7337-CINUD,63.43462842470532,19.5,1236.975254281754
3317-VLGQT,9.91285567384429,78.1,774.1940281272389
3190-ITQXP,25.65888281106578,20.25,519.592376924082
5774-QPLTF,19.316789770674806,20.35,393.09667183323234
6685-XSHHU,11.795660424147965,20.95,247.11908588589984
4903-UYAVB,47.243780406114325,19.35,914.1671508583123
6379-RXJRQ,11.555195437372248,70.1,810.0192001597945
3719-TDVQB,17.460513562682635,18.95,330.87673201283593
6981-TDRFT,24.205125981848795,54.3,1314.3383408143895
0224-NIJLP,63.11126797830352,20.15,1271.692049762816
7328-ZJAJO,12.813298996019029,19.5,249.85933042237104
4439-JMPMT,23.376721430109964,85.75,2004.5538626319294
8999-EXMNO,52.10545516390955,20.15,1049.9249215527773
2575-GFSOE,12.78450219019543,69.0,882.1306511234848
9962-BFPDU,50.93579375688804,20.05,1021.2626648256053
9374-YOLBJ,50.14832216349246,19.25,965.3552016472298
5066-GFJMM,44.68844304922258,19.9,889.3000166795292
7268-WNTCP,9.857225445200555,20.45,201.58026035435134
0625-AFOHS,42.19689836803404,20.2,852.3773470342876
5003-OKNNK,54.596809399382956,20.35,1111.0450712774432
4012-ZTHBR,12.340289488565006,44.95,554.6960125109971
1354-YZFNB,67.50804632946225,19.55,1319.7823057409869
7033-CLAMM,23.67701334806624,20.2,478.275669630938
8904-OPDCK,5.87779177627467,24.95,146.650904818053
8845-LWKGE,35.88933578472745,64.5,2314.8621581149205
1577-HKTFG,31.296716209645854,19.65,614.980473519541
5022-JNQEQ,19.560556727855918,75.85,1483.6682278078713
9661-MHUMO,49.88504736394359,49.25,2456.838582674222
7718-RXDGG,18.944989543578895,68.6,1299.6262826895122
3451-VAWLI,36.60123079651349,19.7,721.0442466913157
6368-TZZDT,67.50777497521597,19.5,1316.4016120167114
0943-ZQPXH,10.964620864949149,92.95,1019.1615093970235
1293-BSEUN,0.0,20.7,0.0
1952-DVVSW,57.16470014378437,20.1,1149.010472890066
3777-XROBG,13.801067030527367,19.55,269.81086044681
3653-NCRDJ,25.72207188281138,19.2,493.8637801499785
5119-NZPTV,21.70984821918691,70.1,1521.8603601650022
2096-XOTMO,37.453327528687126,19.35,724.721887680096
2346-LOCWC,13.803135184151076,20.5,282.9642712750971
4609-KNNWG,44.174048564188276,19.9,879.0635664273466
2478-EEWWM,1.8359295881552344,44.3,81.33168075527688
8164-OCKUJ,12.659963225471074,20.6,260.7952424447042
2599-CZABP,45.925037484567056,44.6,2048.256671811691
4544-RXFMG,50.494683713525966,43.45,2193.994007352703
0859-YGKFW,51.661870832845196,20.05,1035.8205101985461
9389-ACWBI,31.416206907093297,69.95,2197.5636731511763
3644-QXEHN,23.88331236318666,97.0,2316.681299229106
9548-LERKT,47.15286168161783,19.75,931.2690182119521
6576-FBXOJ,49.898056514704926,54.6,2724.4338857028893
0616-ATFGB,31.639643495411846,25.05,792.5730695600668
9332-GYWLO,25.820473763904204,54.85,1416.2529859501456
2400-FEQME,16.604654414019535,20.5,340.39541548740044
4957-SREEC,1.9734385628391617,20.35,40.15947475377695
5012-YSPJJ,22.181675361303263,54.35,1205.5740558868324
0661-KQHNK,63.433630356827436,19.0,1205.2389767797213
1427-VERSM,3.431767677294957,98.7,338.71546974901224
5647-URDKA,63.10686405455832,19.7,1243.205221874799
2229-DPMBI,63.02997503749499,19.5,1229.0845132311524
6340-DACFT,21.718451796576293,20.55,446.31418441964286
4955-VCWBI,26.047027852594617,20.0,520.9405570518924
4701-AHWMW,10.19233311093587,54.55,555.9917712015517
7729-JTEEC,25.57551509896518,44.5,1138.1104219039505
1062-LHZOD,19.25077272658497,69.9,1345.6290135882896
4086-WITJG,0.9866239367925043,19.7,19.436491554812335
6762-NSODU,25.680073824596676,19.4,498.19343219717547
3319-DWOEP,25.083676009641017,95.75,2401.7619779231272
1074-WVEVG,11.299954817667341,20.35,229.95408053953042
5474-LAMUQ,44.01105838725415,20.1,884.6222735838086
8249-THVEC,18.792163860343575,19.4,364.5679788906653
2164-SOQXL,34.26743405438668,20.05,687.062052790453
4020-KIUDI,55.0851651233882,19.85,1093.4405276992559
0048-PIHNL,21.398004522115176,20.45,437.5891924772553
1447-GIQMR,16.951826229533562,69.15,1172.2187837722458
7605-SNLQG,11.985595029947422,50.25,602.276150254858
0064-SUDOG,59.451638953497394,20.3,1206.8682707559972
2027-CWDNU,17.817874983058054,85.6,1525.2100985497693
3733-ZEECP,20.243705204834782,51.1,1034.4533359670575
1785-BPHTP,12.782855980895482,85.45,1092.2950435675189
2061-VVFST,25.51990619516768,19.5,497.6381708057698
0749-IRGQE,24.304014265089318,45.3,1100.9718462085461
2256-YLYLP,3.916138968293604,72.95,285.68233773701843
1272-ILHFG,52.93201224801434,19.65,1040.1140406734817
7558-IMLMT,4.8540107167603965,20.8,100.96342290861625
1754-GKYPY,19.551706590681025,89.75,1754.765666513622
9845-QOMAD,53.907427356398756,19.75,1064.6716902888754
3855-ONCAR,16.260040902758973,78.9,1282.917227227683
1488-SYSFC,23.955487709055962,20.65,494.68082119200557
9572-WUKSB,32.945914120757955,29.9,985.0828322106628
3640-JQGJG,32.79981033006842,44.8,1469.431502787065
4933-BSAIP,31.275576044052077,19.1,597.3635024413948
2030-BTZRO,65.41932001423561,20.4,1334.5541282904064
8992-JQYUN,36.36472930083584,50.35,1830.9641202970847
5389-FFVKB,14.29357565936054,80.3,1147.7741254466514
2005-DWQZJ,63.02517211384847,19.05,1200.6295287688133
8148-WOCMK,63.5160088695185,19.6,1244.9137738425627
9173-IVZVP,18.534424684192338,20.9,387.36947589961983
8930-XOTDP,18.817223537049045,55.95,1052.8236568978941
5916-QEWPT,49.20274722820685,69.0,3394.989558746273
4926-UMJZD,13.062996060581082,49.2,642.6994061805892
6848-HJTXY,7.8752058113699785,19.45,153.17275303114607
0682-USIXD,12.57443637033028,86.05,1082.0302496669206
7384-GHBPI,26.69098519732947,35.15,938.1881296861309
3191-CSNMG,16.5744140319501,80.7,1337.555212378373
5126-RCXYW,17.729379785441374,46.0,815.5514701303032
9945-PSVIP,45.97384794069697,18.7,859.7109564910334
0508-SQWPL,14.729001157350256,20.1,296.05292326274014
6508-NJYRO,52.60710818708093,18.8,989.0136339171215
3648-GZPHF,34.705142671109996,36.25,1258.0614218277374
3078-ZKNTS,58.342414201829435,19.75,1152.2626804861313
9347-AERRL,46.75863984821335,19.3,902.4417490705176
0666-UXTJO,16.521205891013906,85.2,1407.6067419143849
1122-JWTJW,19.416207285559373,70.65,1371.75504472477
9837-FWLCH,38.61543334172039,19.2,741.4163201610314
7590-VHVEG,32.57600991580799,29.85,972.3938959868684
8665-UTDHZ,39.21471963045075,30.2,1184.2845328396127
8865-TNMNX,52.60508314615078,49.55,2606.581869891771
4767-HZZHQ,23.215969727448716,82.05,1904.870316137167
4598-XLKNJ,16.79527946064478,98.5,1654.335026873511
5386-THSLQ,4.593231479441695,45.55,209.22169388856918
5256-SKJGO,7.286250821410366,54.6,397.82929484900603
3466-BYAVD,37.47373733719896,69.5,2604.424744935328
3445-HXXGF,3.7764205679781173,45.3,171.0718517294087
6727-IOTLZ,56.97405251820291,81.95,4669.023603866729
2472-OVKUP,30.106832961346193,91.0,2739.7217994825037
1347-KTTTA,6.296019006084252,102.45,645.0271471733316
9514-JDSKI,40.427924741641085,40.2,1625.2025746139718
4111-BNXIF,4.563521315687479,59.55,271.75769434918936
2294-SALNE,42.511961141141335,86.8,3690.0382270510677
8181-YHCMF,3.816709471250452,60.3,230.14758111640225
9880-TDQAC,0.0,60.0,0.0
5651-CRHKQ,26.478945926581943,86.2,2282.4851388713637
0111-KLBQG,11.376923599708803,93.95,1068.861972192642
7916-VCCPB,27.461362748040933,73.25,2011.5448212939984
0578-SKVMF,15.611340090388968,83.3,1300.424629529401
8847-GEOOQ,6.651270189656514,60.2,400.4064654173221
5149-CUZUJ,40.12879170654669,92.9,3727.964749538188
0942-KOWSM,41.44046605799881,80.8,3348.389657486304
6614-VBEGU,26.131599458301686,69.45,1814.8395823790522
9399-APLBT,25.714361092844857,74.7,1920.8627736355108
3780-DDGSE,19.01787978920867,76.05,1446.3097579693194
5949-XIKAE,20.5957844218876,83.55,1720.7777884487089
8905-IAZPF,1.3957104936824396,95.65,133.49970872072535
5394-MEITZ,11.603584888979055,80.6,935.2489420517118
6986-IJDHX,6.165350063729366,86.3,532.0697104998443
6543-CPZMK,28.546012481165974,29.95,854.9530738109208
0214-JHPFW,1.8195347548084608,57.8,105.16910882792904
9978-HYCIN,19.219690277145606,84.95,1632.7126890435193
0114-IGABW,0.8526863791269235,58.25,49.66898158414329
1216-JWVUX,11.197879402695852,75.5,845.4398949035368
9505-SQFSW,38.78351122650287,40.3,1562.9755024280655
5676-CFLYY,0.806539405807045,73.35,59.15966541594675
5173-WXOQV,43.1554444492243,64.2,2770.5795336402
3174-AKMAS,25.146930095123743,64.2,1614.4329121069443
0036-IHMOT,14.201655088727593,103.7,1472.7116327010515
2311-QYMUQ,31.805929557375674,89.45,2845.0403989072543
3104-OWCGK,7.776438550765177,90.95,707.2670861920928
0947-MUGVO,13.628128773298549,73.65,1003.7116841534382
1573-LGXBA,11.759201596168564,97.55,1147.1101157062435
5651-YLPRD,7.874302083585986,86.1,677.9774093967534
8919-FYFQZ,7.0389241269607075,30.35,213.63134725325747
0604-THJFP,12.483937261051798,75.95,948.155034976884
8824-RWFXJ,39.99017807428656,56.15,2245.44849887119
3391-JSQEW,8.103874605344096,50.15,406.4093114580064
6270-OMFIW,6.3019207720151025,94.4,594.9013208782258
4468-KAZHE,20.611075015802975,60.0,1236.6645009481786
3927-NLNRY,13.883364248558832,94.25,1308.50708042667
0319-QZTCO,44.39319028959991,58.7,2605.880269999515
6625-UTXEW,23.051802899496288,51.25,1181.4048985991847
3941-XTSKM,26.66664950499001,45.1,1202.6658926750495
3733-LSYCE,27.425157883308728,75.35,2066.4856465073126
2625-TRCZQ,4.275198885211299,49.65,212.263624650741
7721-JXEAW,4.2019840204023415,41.05,172.49144403751612
1131-SUEKT,8.37067794967983,98.45,824.0932441459794
1866-OBPNR,43.531378096302,74.6,3247.440805984129
2277-BKJKN,0.4908983460309824,99.2,48.697115926273455
2811-POVEX,27.174348196414698,88.45,2403.57109797288
2796-UUZZO,2.407013959741171,80.3,193.28322096721604
4751-ERMAN,0.0,75.4,0.0
0993-OSGPT,2.9484644816752583,60.65,178.82437081360442
5816-JMLGY,1.7988104513502283,80.4,144.62436028855836
4154-AQUGT,37.16289643305038,89.05,3309.355927363136
6950-TWMYB,16.99812993025178,79.95,1359.0004879236296
2586-CWXVV,3.796953487500627,30.4,115.42738602001904
6701-DHKWQ,10.681150238381324,51.35,548.477064740881
7776-QWNFX,21.78633574555952,50.4,1098.0313215761998
6637-KYRCV,30.456279062657064,30.5,928.9165114110405
5882-CMAZQ,41.17254254791779,34.25,1410.1595822661843
8901-HJXTF,28.597524464151537,29.2,835.0477143532248
5419-KLXBN,23.61301982263894,89.15,2105.1007171882616
4418-LZMSV,46.79441263280123,61.8,2891.894700707116
7375-WMVMT,0.790809632112907,95.5,75.52231986678262
2528-HFYZX,15.919229109679785,76.45,1217.0250654350195
2212-LYASK,41.10165728783787,45.85,1884.5109866473663
0002-ORFBO,55.04584123475617,65.6,3611.0071850000045
1247-QBVSH,8.340071386996522,50.2,418.6715836272254
7389-KBFIT,33.91444524093941,30.25,1025.911968538417
3275-RHRNE,41.41159086126864,60.0,2484.6954516761184
1623-NLDOT,24.394797212852737,33.55,818.4454464912093
1049-FYSYG,35.55003863412017,35.65,1267.358877306384
5198-EFNBM,9.504435508313897,90.65,861.5770788286547
2636-OHFMN,34.41139500097882,48.55,1670.6732272975216
1134-YWTYF,20.118422661484043,53.8,1082.3711391878414
1074-AMIOH,9.647807023017418,108.25,1044.3751102416354
4526-ZJJTM,27.167445193082006,88.4,2401.6021550684495
5837-LXSDN,44.6246516375106,58.85,2626.160748867499
8766-PAFNE,0.8454237591638345,79.1,66.8730193498593
6128-AQBMT,13.133650991743062,53.95,708.5604710045383
7503-QQRVF,27.410156987376414,74.3,2036.5746641620674
7771-CFQRQ,24.3355677437281,63.8,1552.6092220498526
0953-LGOVU,37.13148244056938,35.5,1318.167626640213
2761-XECQW,37.80561484590986,43.35,1638.8734035701923
1936-CZAKF,22.203594410761703,49.65,1102.4084624943184
5131-PONJI,9.438925046233244,90.4,853.2788241794854
0596-BQCEQ,1.1246876440168663,100.15,112.63746754828917
6214-EDAKZ,26.437496971137968,55.15,1458.0279579582589
9114-AAFQH,18.12768291838476,65.65,1190.0823835919596
1550-LOAHA,17.037313351316705,84.15,1433.6899185133009
3911-RSNHI,0.8422772583748974,61.4,51.7158236642187
4248-HCETZ,13.426809698098934,79.65,1069.44539245358
3181-VTHOE,1.2465049179376804,51.05,63.63407606071858
4236-XPXAV,33.98880351294361,99.15,3369.9898683083593
4578-PHJYZ,16.313515013139053,68.75,1121.55415715331
7682-AZNDK,11.281444059201013,89.85,1013.6377487192109
6397-JNZZG,18.651745051554446,55.55,1036.1044376138493
3523-QRQLL,43.94143193369206,69.5,3053.929519391598
0585-EGDDA,6.988134485630471,80.0,559.0507588504377
3082-VQXNH,47.432268739592324,29.8,1413.4816084398512
0461-CVKMU,24.35626866693273,83.8,2041.0553142889628
4324-BZCKL,32.18204639409293,55.55,1787.712677191862
0689-DSXGL,10.227697781260662,85.8,877.5364696321648
6322-PJJDJ,20.49598359023437,94.8,1943.0192443542182
9643-AVVWI,31.937319621246363,80.0,2554.9855696997092
4536-PLEQY,31.34696747219914,85.05,2666.059583510537
3474-BAFSJ,14.563903033862331,57.5,837.4244244470841
3272-VUHPV,47.0162146633539,56.3,2647.0128855468242
1063-DHQJF,2.3414696472120764,92.15,215.76642799059286
6773-LQTVT,19.74054570980972,35.65,703.7504545547165
0410-IPFTY,15.215325797189834,83.85,1275.8050680943675
4682-BLBUC,23.4371290561596,70.95,1662.8643065345236
5062-CJJKH,40.30538353610721,53.65,2162.3838267121514
1670-SVOWZ,36.08646507369627,89.65,3235.1515938568705
2292-XQWSV,28.64522250650961,60.3,1727.3069171425295
9373-WSLOY,22.12650140835557,50.0,1106.3250704177785
7579-OOPEC,47.988275106277705,50.15,2406.6119965798266
8751-EDEKA,24.940260089332543,89.9,2242.1293820309957
4039-PIMHX,21.422869416462913,49.8,1066.858896939853
6849-OYAMU,48.19728091788776,100.0,4819.728091788776
1137-DGOWI,39.15402021830978,70.25,2750.5699203362624
4280-DLSHD,33.885081766067444,54.75,1855.2082266921925
7691-KGKGP,11.089346603991558,65.0,720.8075292594513
4922-CVPDX,44.953307227065025,73.5,3304.0680811892794
1396-QWFBJ,20.84904891632052,74.05,1543.8720722535345
6023-GSSXW,2.564876029257075,61.45,157.61163199784727
3345-PBBFH,37.99097845674054,49.55,1882.4529825314937
6559-ILWKJ,0.5869999360836576,49.35,28.968446845728504
9955-QOPOY,2.2246616055190365,60.8,135.2594256155574
4385-ZKVNW,15.517658826161584,54.9,851.919469556271
6481-LXPWL,13.33515876087444,36.1,481.3992312675673
7919-ZODZZ,53.90176254522942,65.9,3552.126151730619
9732-EQMWY,5.522257679527907,99.4,548.9124133450739
5198-HQAEN,28.369060984785545,89.7,2544.7047703352637
6821-JPCDC,16.245642288992432,97.05,1576.6395841467154
1431-AIDJQ,38.53864637795122,82.1,3164.0228676297947
8642-GVWRF,44.063717819545275,79.7,3511.8783102177586
8417-FMLZI,37.46464509229836,83.55,3130.171097461528
0848-ZGQIJ,26.275818692194285,94.65,2487.0062392161894
0575-CUQOV,7.529636988623717,97.95,737.527943035693
2830-LEWOA,9.317087179577635,103.9,968.0453579581164
1100-DDVRV,24.780585397207272,49.8,1234.073152780922
8375-KVTHK,1.9749521601305635,100.3,198.0877016610955
4658-HCOHW,25.444810812923862,102.8,2615.726551568573
8443-WVPSS,29.3499615152084,99.85,2930.5936572935584
7816-VGHTO,64.77144008805726,40.55,2626.481895570722
6522-OIQSX,2.707540258215332,54.95,148.77933718893252
6583-KQJLK,18.325516199095294,94.65,1734.5101082443696
4001-TSBTV,1.5271939346592387,91.55,139.8146047180533
5795-BKOYE,2.1522884342065063,59.1,127.20024646160452
5480-TBGPH,26.10517446885836,99.3,2592.2438247576347
1337-BOZWO,50.2684404057793,46.4,2332.4556348281594
6941-KXRRV,19.49312316716975,58.95,1149.1196107046567
6848-YLDFR,11.91518118594391,75.2,896.021625182982
3162-ZJZFU,3.8850013555925806,92.55,359.55687546009335
2436-QBZFP,21.2883291580262,39.2,834.5025029946271
0440-EKDCF,9.608502874755278,60.15,577.9514479165299
8313-AFGBW,23.802225099507066,73.6,1751.84376732372
2197-OMWGI,3.4592041350615608,53.0,183.33781915826273
8165-CBKXO,5.660414320500201,56.75,321.2285126883864
1862-SKORY,8.488403565510223,39.3,333.59426012455174
7740-KKCXF,8.163181877172558,30.05,245.3036154090354
3528-HFRIQ,0.0021467622434050548,52.3,0.11227566533008436
2073-QBVBI,25.401423523924045,35.45,900.4804639231074
8118-TJAFG,31.8095950900704,101.5,3228.6739016421457
9758-MFWGD,20.102046058882927,29.9,601.0511771605994
7191-ADRGF,27.303880357960434,54.3,1482.6007034372515
2995-UPRYS,27.39624454900957,99.2,2717.7074592617496
9633-DENPU,9.175446120386741,58.6,537.6811426546631
4353-HYOJD,17.490763713933156,49.85,871.9145711395678
1078-TDCRN,32.57653827767927,30.75,1001.7285520386375
5439-WIKXB,6.016438155020763,94.55,568.8542275572131
2794-XIMMO,15.691014644243197,60.45,948.5218352445013
2983-ZANRP,36.012478013661905,73.55,2648.717757904833
3034-ZBEQN,18.67703562508143,34.7,648.0931361903257
0302-JOIVN,31.34528298021683,101.15,3170.5753734489326
7841-FCRQD,34.510829481060696,53.75,1854.9570846070123
2056-EVGZL,3.029082578947648,105.75,320.3254827237138
8777-MBMTS,6.604804226268923,105.85,699.1185273505655
9479-HYNYL,0.8361848225004879,80.7,67.48011517578938
9700-ISPUP,35.26646940545376,65.5,2309.9537460572215
8731-WBBMB,35.047931899600876,81.9,2870.425622577312
5747-PMBSQ,34.557552800569404,92.5,3196.57363405267
4043-MKDTV,0.6251819122266681,105.25,65.80039626185682
2162-FRZAA,8.695745418097365,39.35,342.17758220213136
8961-QDZZJ,8.322463845327515,95.0,790.6340653061139
0727-IWKVK,25.16300623653394,79.9,2010.524198299062
5696-CEIQJ,4.701374090452806,103.15,484.94673743020695
6726-NNFWD,0.7246341968580944,89.45,64.81852890895655
7614-QVWQL,19.201386955984344,51.8,994.6318443199889
1346-PJWTK,5.271593973471679,94.15,496.3205726023586
2657-ALMWY,13.877433945807166,84.95,1178.8880136963187
2344-JMOGN,34.378399518532355,94.85,3260.7911943327936
2087-QAREY,21.550042315391917,54.7,1178.787314651938
7502-BNYGS,11.43467070088564,69.1,790.1357454311976
4291-HYEBC,35.185443332238194,39.1,1375.7508342905135
1217-VASWC,24.321570143222782,100.55,2445.533877901051
3566-CAAYU,7.523441164618817,49.85,375.04354205624804
2896-TBNBE,23.77545658646945,80.8,1921.0568921867314
3948-FVVRP,39.10928098806622,54.8,2143.1885981460287
6476-YHMGA,45.19721325270429,76.5,3457.586813831878
0980-PVMRC,9.735735525422829,50.85,495.0621514677509
4976-LNFVV,35.78897540518845,34.3,1227.5618563979638
4785-QRJHC,23.791419279399,59.9,1425.1060148360002
9693-XMUOB,2.3242028353102113,50.25,116.79119247433812
7054-ENNGU,29.425917526834727,50.85,1496.307906239546
0011-IGKFF,26.37027688160245,98.0,2584.28713439704
9711-FJTBX,11.664359941265367,85.85,1001.3853009576317
8421-WZOOW,7.043308516039922,95.3,671.2273015786045
1522-VVDMG,30.91206656319302,89.75,2774.3579740465734
5685-IIXLY,24.22624453277463,83.6,2025.3140429399589
8097-OMULG,11.633913904542185,76.75,892.9028921736127
5438-QMDDL,20.53354986029536,59.8,1227.9062816456624
9000-PLFUZ,11.296501878844964,49.45,558.6120179088836
8821-KVZKQ,1.2522770375020422,58.4,73.13297899011927
3296-SILRA,27.108287332002064,76.4,2071.0731521649577
6549-BTYPG,11.679776838400693,60.8,710.1304317747621
2661-GKBTK,11.59178218855142,76.95,891.9876394090318
7148-XZPHA,3.683054367663223,79.4,292.43451679245993
2845-KDHVX,7.392467649281319,68.3,504.9055404459141
9853-JFZDU,16.52860230405634,56.85,939.6510409856029
6994-FGRHH,0.7640410396519844,106.15,81.10295635905815
3999-WRNGR,1.7517297752298135,49.75,87.14855631768323
6034-ZRYCV,0.0,54.2,0.0
0298-XACET,19.290885949275243,50.2,968.4024746536172
0254-WWRKD,3.396292073264927,50.55,171.68256430354205
3256-EZDBI,8.705902449089425,29.45,256.3888271256836
0419-YAAPX,6.5239744127535335,85.3,556.4950174078764
7781-EWARA,1.092701137848656,60.35,65.94451366916638
7551-DACSP,37.05296170423501,55.3,2049.028782244196
5949-HGVJL,21.94354356804194,73.05,1602.9758576454635
6728-VOIFY,4.329487017855456,96.0,415.6307537141238
4891-NLUBA,10.636089284271083,61.45,653.5876865184581
1094-BKOSX,24.849533707393526,51.0,1267.32621907707
7696-AMHOD,20.426081429886228,78.0,1593.2343515311259
4816-OKWNX,19.007223152112505,103.4,1965.346873928433
3411-WLRSQ,35.557597697743006,74.6,2652.596788251628
3704-IEAXF,0.0,53.65,0.0
1395-OFUWC,15.174497861366198,29.3,444.61278733802965
5090-EMGTC,11.61159390674218,100.05,1161.739970369555
0516-OOHAR,39.143685328403485,100.35,3928.0688227052897
8976-OQHGT,42.64007599229228,56.5,2409.164293564514
5868-YWPDW,25.35778127212924,84.2,2135.125183113282
2408-PSJVE,13.696902949679405,61.9,847.8382925851552
1930-WNXSB,1.0901574234823521,92.85,101.2211167703364
5906-CVLHP,23.40818659358688,54.15,1267.5533040427295
1956-YIFGE,40.60120296892239,100.05,4062.150357040685
5306-BVTKJ,20.62213993060574,55.8,1150.7154081278002
1264-FUHCX,20.09432860416386,56.3,1131.3107004144251
9972-VAFJJ,13.942214732151005,94.0,1310.5681848221943
4174-LPGTI,27.389338875674763,66.5,1821.3910352323717
2523-EWWZL,8.496844780696119,76.1,646.6098878109746
9281-CEDRU,3.6729572093172886,64.1,235.43655711723818
9763-GRSKD,27.481783007057956,49.95,1372.715061202545
8108-UXRQN,34.05466842831567,50.55,1721.463489051357
4808-YNLEU,31.984843952539908,62.15,1987.8580516503553
6497-TILVL,34.734791448130174,50.7,1761.0539264202
6371-NZYEG,54.79048099180983,64.25,3520.2884037237814
7654-YWJUF,25.81458111040472,84.25,2174.8784585515978
5524-KHNJP,36.59728472560606,74.75,2735.6470332390527
9323-HGFWY,40.43268887600974,101.9,4120.090996465393
6341-JVQGF,37.17549515075287,81.15,3016.7914314835957
7576-ASEJU,28.522183632562275,74.7,2130.607117352402
5046-NUHWD,20.878974509157445,45.0,939.553852912085
7102-JJVTX,54.33498963643422,48.6,2640.680496330703
9057-MSWCO,29.025072739230207,30.75,892.5209867313289
9069-LGEUL,28.792007028150802,59.95,1726.0808213376406
3067-SVMTC,3.4304173131200093,55.9,191.76032780340853
4104-PVRPS,26.733162487110768,53.6,1432.8975093091371
0447-BEMNG,13.403814424910408,45.3,607.1927934484414
4472-LVYGI,71.40730010585904,52.55,3752.453620562892
0388-EOPEX,26.137977582095985,74.4,1944.6655321079415
7803-XOCCZ,10.235192786056354,84.05,860.2679536680365
4332-MUOEZ,49.407575933591005,94.3,4659.134410537632
0257-ZESQC,18.39014119922952,75.2,1382.93861818206
3701-SFMUH,48.55435104661785,69.7,3384.2382679492644
5846-NEQVZ,0.9806564813043415,70.85,69.47951170041259
6967-QIQRV,50.3499172437725,101.9,5130.656567140419
6516-NKQBO,33.69088703568956,81.0,2728.9618498908544
1410-RSCMR,54.190719704436546,71.35,3866.5078509115474
5842-POCOP,32.2232749278348,88.9,2864.649141084514
7131-ZQZNK,11.83175726264166,59.85,708.1306721691033
3551-GAEGL,34.14413462345438,30.4,1037.981692553013
5318-YKDPV,28.657302442554027,79.15,2268.225488328151
8184-WMOFI,9.293608218595127,71.4,663.5636268076921
2316-ESMLS,56.78689562837449,33.15,1882.4855900806142
5170-PTRKA,20.69872043595461,35.8,741.0141916071749
2826-DXLQO,45.84846021599711,29.8,1366.284114436714
9489-UTFKA,45.33005626371695,60.9,2760.600426460362
6461-PPAXN,33.55355452918945,54.95,1843.7678213789602
1206-EHBDD,15.37443840137629,80.3,1234.567403630516
1452-XRSJV,18.481923473159036,51.05,943.5021933047688
3422-WJOYD,38.72411234197209,54.35,2104.655505786183
4184-TJFAN,37.47384585674024,88.3,3308.9405891501633
8146-QQKZH,0.9810128106591185,81.85,80.29589855244885
7030-NJVDP,19.30794458147754,89.25,1723.2340538968704
4646-QZXTF,54.2525603790631,81.25,4408.020530798876
1459-QNFQT,1.9675863850399653,59.5,117.07138990987794
3522-CDKHF,14.256968535078212,75.5,1076.401124398405
8777-PVYGU,15.702920202888203,64.3,1009.6977690457114
6242-MBHPK,14.514383344497913,95.1,1380.3178560617514
4660-IRIBM,22.580938729635463,87.9,1984.8645143349572
9091-WTUUY,7.741427190803781,69.25,536.0938329631618
0668-OGMHD,21.190037741441312,28.5,603.9160756310774
4741-WWJQZ,34.08276934670819,80.15,2731.7339631386617
4730-AWNAU,34.512980853633984,60.7,2094.9379378155827
7993-PYKOF,25.963402922942564,75.0,1947.2552192206922
3230-IUALN,26.358360258813754,81.0,2135.027180963914
0661-WCQNQ,46.37696104356459,56.25,2608.704058700508
7690-KPNCU,6.945624530746051,73.05,507.377871970999
7722-VJRQD,0.0,60.95,0.0
3253-HKOKL,15.550205330123138,100.3,1559.6855946113508
8205-MQUGY,27.44210439488043,49.2,1350.1515362281173
8819-WFGGJ,3.8748518356096806,54.1,209.62948430648373
5071-FBJFS,36.681798163556785,50.3,1845.0944476269062
8259-NFJTV,42.24338759417864,34.65,1463.73338013829
6374-NTQLP,0.0,104.1,0.0
3307-TLCUD,31.74417708183392,34.4,1091.999691615087
7801-CEDNV,40.588131887265185,48.7,1976.6420229098146
5207-PLSTK,38.00045372205815,48.75,1852.5221189503347
2959-EEXWB,13.933344966081512,50.9,709.2072587735489
9359-JANWS,6.849183105477641,58.9,403.41688491263307
7517-SAWMO,12.795068770758848,73.2,936.5990340195477
5832-EXGTT,17.528871292084983,60.2,1055.238051783516
6695-FRVEC,4.8824377038552464,60.4,294.8992373128569
9675-ICXCT,0.0,80.8,0.0
9885-MFVSU,36.381739977896714,46.35,1686.2936479755128
9993-LHIEB,4.846477650214897,67.85,328.83350856708074
7833-PKIHD,19.112769053868494,76.4,1460.2155557155531
4547-FZJWE,14.978010431025346,59.45,890.4427201244569
5656-MJEFC,29.67896764992924,48.15,1429.0422923440929
6288-CHQJB,17.74299410411933,69.95,1241.122437583147
6418-PIQSP,9.696994358107517,81.0,785.4565430067089
4312-GVYNH,1.9526856692319667,49.85,97.34138061121354
5494-WOZRZ,0.9803142219383963,82.0,80.3857661989485
3298-QEICA,47.83768438521091,34.6,1655.1838797282976
8069-RHUXK,4.8706342503231745,35.7,173.88164273653734
5732-IKGQH,18.026222760895973,104.45,1882.8389673755844
0320-JDNQG,22.05936264021446,99.85,2202.6273596254136
8552-OBVRU,10.234144141835532,104.5,1069.4680628218132
5499-ECUTN,22.207065829448382,66.05,1466.7766980350655
0234-TEVTT,22.03482406467148,45.0,991.5670829102165
2683-JXWQQ,5.786863836595923,33.6,194.438624909623
7989-AWGEH,6.83899799471691,39.2,268.08872139290287
7021-XSNYE,64.59484486699336,49.65,3207.13404764622
3694-DELSO,50.12951101871998,38.55,1932.4926497716551
0187-WZNAB,12.694972248330204,74.4,944.5059352757672
9206-GVPEQ,35.99486830205219,54.45,1959.9205790467418
0679-TDGAK,19.14542685886751,75.5,1445.479727844497
7016-NVRIC,38.96103587582057,90.1,3510.3893324114333
5829-NVSQN,46.156904547692555,68.75,3173.2871876538634
5397-NSKQG,4.8493362292628746,50.9,246.8312140694803
0739-UUAJR,0.0,53.8,0.0
0654-PQKDW,8.95235242470596,70.75,633.3789340479467
4323-SADQS,39.845217280385654,34.5,1374.659996173305
7665-NKLAV,35.603902816005615,40.65,1447.298649470628
9481-WHGWY,1.9545543054252164,75.35,147.27566691379005
9674-EHPPG,25.676681365960647,40.4,1037.33792718481
4295-YURET,15.675381237177803,72.6,1138.0326778191084
2351-BKRZW,28.506716668040337,75.2,2143.7050934366334
4139-SUGLD,29.166609312125285,35.4,1032.497969649235
6366-XIVKZ,33.24074417957024,63.15,2099.152994939861
6645-MXQJT,36.381737562745386,97.1,3532.6667173425767
4831-EOBFE,23.98789153737856,94.65,2270.453934012881
0541-FITGH,37.117483173850324,62.15,2306.851579254798
7508-KBIMB,44.34227601925771,56.25,2494.2530260832464
4003-OCTMP,34.95063344298939,64.0,2236.840540351321
3348-CFRNX,10.701570485127638,92.35,988.2900343015373
5815-HGGHV,46.00761281752836,64.15,2951.3883622444446
7284-ZZLOH,26.476062755560214,53.3,1411.1741448713594
5751-USDBL,25.51705763248787,81.0,2066.8816682315173
0496-AHOOK,45.21223033035426,74.4,3363.7899365783574
8903-WMRNW,27.688932528671717,101.75,2817.3488847923472
7993-NQLJE,22.2755093703563,75.1,1672.890753713758
1814-WFGVS,0.0,48.9,0.0
2834-SPCJV,3.259427109659468,84.1,274.1178199223612
9055-MOJJJ,6.32745058885711,65.8,416.34624874679787
4032-RMHCI,28.422383956298468,35.4,1006.1523920529658
6064-PUPMC,46.209131249823265,57.2,2643.1623074898907
9143-CANJF,26.25583738443258,55.15,1448.0094317514568
2195-VVRJF,35.221045108140586,59.1,2081.5637658911087
8498-XXGWA,1.1647039018972882,55.15,64.23342018963544
3739-YBWAB,31.02859804366907,35.35,1096.8609408437017
6483-OATDN,42.80347072608318,51.3,2195.818048248067
2921-XWDJH,6.632645187250008,83.45,553.4942408760131
1530-ZTDOZ,11.292347372579641,40.65,459.0339206953624
9552-TGUZV,23.30568814882602,75.0,1747.9266111619515
5913-INRQV,31.92668605752162,90.15,2878.1907480855743
8039-EQPIM,2.948261324333676,60.25,177.632744791104
2722-JMONI,36.09874688679209,49.55,1788.6929082405481
1353-GHZOS,44.48262156175014,59.75,2657.8366383145712
7688-AWMDX,0.9711385862150173,54.5,52.92705294871844
7244-QWYHG,19.702893621346053,44.45,875.7936214688322
4415-WNGVR,55.425811574051465,79.2,4389.724276664876
0684-AOSIH,31.955307786108104,95.0,3035.75423968027
2325-ZUSFD,12.594850923986215,70.1,882.8990497714336
1099-BTKWT,2.956019001954651,54.4,160.807433706333
7340-KEFQE,20.576196481124782,34.2,703.7059196544676
2898-LSJGD,44.802589031024105,55.95,2506.704856285799
3115-JPJDD,10.332294439974184,81.25,839.4989232479024
2541-YGPKE,28.002014779539714,63.7,1783.7283414566798
3441-CGZJH,27.306233018675492,60.4,1649.2964743279997
9581-GVBXT,10.60056245186492,34.8,368.8995733248992
3308-JSGML,12.815180692884168,64.05,820.8123233792309
6762-QVYJO,13.656247395593384,59.75,815.9607818867047
9938-TKDGL,3.719311053051171,99.55,370.25741533124403
0628-CNQRM,47.324588820756105,67.5,3194.409745401037
6211-WWLTF,8.683803498768475,99.7,865.7752088272169
1194-BHJYC,10.660685414937252,62.15,662.5615985383502
4664-NJCMS,38.59177716087002,59.55,2298.14032992981
8200-KLNYW,47.20794874612503,80.9,3819.123053561515
3621-CHYVB,9.383398033150208,49.9,468.2315618541953
7611-YKYTC,25.86740523273187,75.0,1940.0553924548901
9541-ZPSEA,3.8408460895141934,80.35,308.6119832924654
6937-GCDGQ,47.44554480269301,48.95,2322.459418091823
8644-XYTSV,14.753231713481062,40.15,592.3422532962646
3714-JTVOV,10.630782824231936,74.15,788.2725464167981
9518-XXBXE,25.91485551650678,75.3,1951.3886203929605
3594-KADLU,46.303819729879784,35.1,1625.2640725187805
1202-KKGFU,43.88773867543658,54.2,2378.7154362086626
5458-CQJTA,6.809608235269643,74.8,509.35869599816925
0265-PSUAE,37.147367249297176,100.7,3740.739882004226
4106-HADHQ,31.524224677894857,80.0,2521.9379742315887
2778-OCLGR,31.867259915289235,39.1,1246.0098626878091
3807-BPOMJ,10.643998501534918,94.75,1008.5188580204335
8348-JLBUG,6.570170381437748,80.3,527.5846816294512
2664-XJZNO,0.0,104.9,0.0
0056-EPFBG,51.47564842094743,39.4,2028.1405477853286
2533-TIBIX,35.563114461028874,30.2,1074.0060567230719
8242-PDSGJ,1.9540228697824094,39.15,76.49999535198133
6413-XKKPU,22.974328360054066,89.4,2053.9049553888335
0567-XRHCU,2.9071992984831625,43.95,127.771409168335
2359-QWQUL,30.042764392804024,104.7,3145.477431926581
1848-LBZHY,39.83718216692027,50.3,2003.8102629960895
2911-UREFD,16.169329718896723,55.9,903.8655312863268
5018-LXQQG,30.13387676268745,66.3,1997.8760293661778
6421-SZVEM,36.816920977617414,82.85,3050.2819029956026
8563-IIOXK,55.228468394486825,49.75,2747.6163026257195
2027-DNKIV,31.08921235644796,58.75,1826.4912259413177
2725-IWWBA,23.212113608800358,56.9,1320.7692643407404
3235-ETOOB,22.483712224051168,74.5,1675.036560691812
9027-TMATR,28.233612153415635,78.8,2224.808637689152
3327-YBAKM,5.2992861772956115,96.9,513.5008305799448
2580-ASVVY,33.96039917819818,45.4,1541.8021226901974
5701-GUXDC,42.58503462252815,35.4,1507.5102256374964
8232-CTLKO,5.4799326061237705,59.75,327.4259732158953
4049-ZPALD,7.591556532846679,99.0,751.5640967518212
9496-IVVRP,40.38614539075473,51.0,2059.693414928491
2043-WVTQJ,46.15282404495735,55.7,2570.7122993041244
1716-LSAMB,26.529638707851696,54.65,1449.8447553840952
9705-ZJBCG,55.48741895485903,54.15,3004.6437364056164
8318-LCNBW,34.53723024461963,53.15,1835.6537875015333
0156-FVPTA,24.993641521653203,54.2,1354.6553704736036
4072-IPYLT,20.654807496787132,51.05,1054.427922710983
7989-VCQOH,39.43423172076443,83.25,3282.8997907536386
8882-TLVRW,2.901239884933605,39.1,113.43847950090395
7401-RUBNK,16.656117201697473,74.8,1245.877566686971
1697-NVVGY,39.10192202101788,66.4,2596.3676221955875
1752-OZXFY,8.360967967872238,59.8,499.98588447875983
6933-VLYFX,37.968839413845615,59.95,2276.2319228600445
1534-OULXE,8.726013652522674,49.7,433.6828785303769
3099-OONVS,26.501409694563023,54.3,1439.0265464147722
9782-LGXMC,16.124115008815732,61.75,995.6641017943714
5975-BAICR,33.088167911307764,63.7,2107.716295950305
0020-JDNXP,35.0138034149404,61.25,2144.5954591650993
1871-MOWRM,39.93113833377572,80.85,3228.432534285767
7153-CHRBV,12.584246311882708,59.3,746.2458062946446
4132-POCZS,5.132054002265717,39.9,204.7689546904021
3154-CFSZG,8.447803976953127,90.05,760.7247481246291
5180-UCIIQ,27.06559551002813,40.05,1083.9771001766264
9074-KGVOX,10.883122588844822,39.45,429.33918612992824
9933-QRGTX,11.13554224740933,97.2,1082.3747064481868
4558-FANTW,26.893064526757342,91.85,2470.127976782662
1929-ZCBHE,22.358512853909552,40.3,901.0480680125548
8735-DCXNF,45.526971534008105,54.95,2501.7070857937456
1027-LKKQQ,0.0,80.45,0.0
0637-UBJRP,25.090504877315798,84.05,2108.856934938393
9746-YKGXB,18.251096759775166,44.25,807.6110316200511
9137-UIYPG,17.5069656717374,106.9,1871.4946303087283
5084-OOVCJ,38.913967709732624,55.35,2153.888112733701
2233-TXSIU,51.99198006872824,44.45,2311.0435140549703
9644-UMGQA,32.66104947652676,49.15,1605.2905817712904
5921-NGYRH,0.27534033086195686,73.55,20.251281334896927
6103-QCKFX,17.904603937168662,56.25,1007.1339714657373
5135-RDDQL,8.554005067514169,50.65,433.2603566695926
7233-IOQNP,18.150895712108085,34.0,617.1304542116749
0230-UBYPQ,7.973576855030621,36.1,287.84612446660543
8050-XGRVL,8.722426551696598,54.75,477.55285370538877
5702-KVQRD,0.9629549913868359,82.55,79.4919345389833
4592-IWTJI,49.378060414766175,29.7,1466.5283943185555
9888-ZCUMM,7.845479030813364,60.05,471.1210158003425
3315-IKYZQ,40.64323983925054,50.8,2064.6765838339275
8722-PRFDV,0.9755856171387357,77.55,75.65666460910896
4342-HFXWS,22.420762701071208,69.7,1562.7271602646633
5245-VDBUR,16.330844562939635,35.45,578.9284397562101
7672-VFMXZ,5.550274461273061,55.7,309.1502874929095
6120-RJKLU,9.81641701339015,79.95,784.8225402205426
8212-DJRCH,35.41973233269096,90.35,3200.1728162586282
0617-AQNWT,7.713071048937843,47.85,369.07044969167583
8792-AOROI,62.7924420280885,65.5,4112.904952839797
5297-MDOIR,6.895950294464788,81.15,559.6063663958175
6341-AEVKX,7.54647532823035,104.3,787.0973767344254
7853-OETYL,32.20736250546919,29.05,935.62388078388
1545-ACTAS,20.466069673497334,99.7,2040.4671464476842
8267-ZNYVZ,32.9725999627441,103.75,3420.9072461347
0032-PGELS,50.335114323610405,30.5,1535.2209868701173
2075-RMJIK,32.842551277369296,49.4,1622.422033102043
0886-QGENL,16.989515727125138,101.25,1720.1884673714203
6967-PEJLL,31.126034493359516,40.2,1251.2665866330526
0376-OIWME,7.960595298826452,93.6,745.1117199701558
4801-JZAZL,27.505723171228723,29.6,814.1694058683703
6322-HRPFA,17.089823224726516,59.6,1018.5534641937004
6827-IEAUQ,42.61030447529943,66.15,2818.6716410410577
4667-QONEA,11.278863686316404,74.85,844.2229469207828
0526-SXDJP,0.0,42.1,0.0
5590-ZSKRV,44.95003381623955,54.65,2456.5193480574912
3071-VBYPO,45.94041026199435,89.85,4127.745862040192
6207-WIOLX,38.21974227894556,58.6,2239.67689754621
9073-ZZIAY,9.799881565843227,86.1,843.7698028191019
2604-IJPDU,31.187283334792536,96.55,3011.1322059742192
6348-SNFUS,0.0,55.45,0.0
0699-NDKJM,9.03073058437912,58.75,530.5554218322733
9286-BHDQG,0.0,45.25,0.0
0230-WEQUW,5.886099613868976,56.6,333.153238144984
9058-HRZSV,1.7732698250289125,94.4,167.39667148272935
4075-JFPGR,16.14536736952885,93.5,1509.5918490509473
7633-MVPUY,14.44023445075584,59.75,862.8040084326615
3179-GBRWV,39.017307315725404,64.95,2534.1741101563653
2321-OMBXY,32.57648872472234,80.3,2615.8920445952035
4654-DLAMQ,6.910583937668421,97.0,670.3266419538369
8204-YJCLA,0.0,64.8,0.0
7781-HVGMK,0.0,65.2,0.0
1090-ESELR,0.0,105.5,0.0
4431-EDMIQ,52.3326019495127,75.7,3961.5779675781114
4134-BSXLX,31.141865257252633,60.9,1896.5395941666852
5844-QVTAT,34.86777703528103,58.45,2038.0215677121762
9548-LIGTA,10.641511250514297,81.05,862.4944868541837
4765-OXPPD,51.92050078967982,65.0,3374.8325513291884
7838-LAZFO,25.4588993716896,78.8,2006.1612704891404
2521-NPUZR,1.9484820353212962,101.0,196.7966855674509
9477-LGWQI,1.9434913356375072,80.15,155.77083055134622
0139-IVFJG,44.81699196713172,90.35,4049.2152242303505
3137-NYQQI,50.605645510200766,64.8,3279.2458290610093
0285-INHLN,32.87111779778119,54.75,1799.6936994285202
3487-EARAT,1.8277268791659518,74.1,135.434561746197
5275-PMFUT,0.0,64.8,0.0
5285-MVEHD,13.948196524497805,105.6,1472.929552986968
0379-DJQHR,4.901023753613393,81.35,398.6982823564495
5393-HJZSM,34.34359233314555,76.3,2620.4160950190053
5709-LVOEQ,71.31904189177226,80.85,5766.144536949787
6115-ZTBFQ,0.0,65.5,0.0
6614-YOLAC,0.9580765421132331,58.65,56.191189194941124
7868-TMWMZ,11.757958264813432,110.0,1293.3754091294775
9948-YPTDG,11.81545956411431,79.45,938.7382623688819
8590-YFFQO,1.959924892686673,64.95,127.29712177999942
0074-HDKDG,44.674596304797895,61.6,2751.9551323755504
9330-DHBFL,46.09988298418778,66.25,3054.11724770244
2208-NQBCT,23.487180184749704,81.95,1924.7744161402384
5095-ETBRJ,16.458900804405406,56.8,934.8655656902271
7005-CYUIL,0.9364544339774331,99.4,93.08357073735685
5989-OMNJE,44.82253848336204,57.6,2581.7782166416537
9795-SHUHB,5.836166240968446,58.2,339.6648752243635
8947-YRTDV,35.89483414509432,94.8,3402.8302769549414
3161-ONRWK,11.138779284759742,65.85,733.488615901429
6682-VCIXC,27.163557235584715,51.25,1392.1323083237166
1371-DWPAZ,71.73273525905604,56.05,4020.619811270091
1084-MNSMJ,20.818169314593547,85.5,1779.9534763977483
8999-YPYBV,26.588366796967346,84.35,2242.7287393241954
8039-ACLPL,0.0,68.75,0.0
6439-LAJXL,47.370241218958256,68.95,3266.178132047172
9242-TKFSV,0.0,65.1,0.0
0743-HNPFG,19.508033261667464,69.75,1360.6853200013056
6543-JXSOO,44.97854129372334,57.75,2597.510759712523
3128-YOVTD,8.313699782476501,79.15,658.0293377830151
2882-WDTBA,2.9318680352576556,75.75,222.08900367076743
9651-GTSAQ,16.579535332423866,106.1,1759.0886987701722
5014-WUQMG,20.815515361958052,96.1,2000.3710262841687
3399-BMLVW,20.730041803885914,60.5,1254.1675291350978
3813-DHBBB,4.872975894259611,50.95,248.2781218125272
2361-UPSND,23.419277171597933,70.6,1653.400968314814
3533-UVMOM,3.89715609757842,70.95,276.5032251231889
9995-HOTOH,8.724225384209277,59.0,514.7292976683473
1442-OKRJE,4.992553690253045,103.15,514.9819131496016
0274-JKUJR,52.61348887583244,58.85,3096.303820342739
3795-GWTRD,8.880762303931068,75.55,670.9415920619921
8952-WCVCD,28.0085936586369,104.45,2925.497607644624
2348-KCJLT,24.200832178962965,61.5,1488.3511790062223
7492-TAFJD,64.26425478634907,38.55,2477.3870220137565
1265-HVPZB,11.873901235904603,66.4,788.4270420640656
0973-KYVNF,0.0,70.65,0.0
7217-JYHOQ,39.96774256004892,70.3,2809.732301971439
2239-CGBUZ,19.0988024708581,60.5,1155.477549486915
2546-KZAAT,16.445784579866213,75.4,1240.0121573219126
0181-RITDD,9.709703312486862,108.15,1050.1044132454542
6481-OGDOO,3.827372159352469,90.6,346.7599176373337
9720-JJJOR,28.902358773482163,60.3,1742.8122340409743
4872-JCVCA,0.9736989580649404,47.6,46.348070403891164
7746-QYVCO,50.614132452919556,55.85,2826.7992974955573
4139-DETXS,0.0,64.45,0.0
8035-BUYVG,28.278998957473174,42.35,1197.615605848989
7101-HRBLJ,0.0,83.7,0.0
5453-YBTWV,1.9385587886281626,101.1,195.98829353030723
7622-FWGEW,15.814613355498224,85.65,1354.521633898423
2234-EOFPT,0.0,79.35,0.0
8619-IJNDK,0.9795600629245428,64.05,62.74082203031696
0336-PIKEI,0.0,74.4,0.0
8402-EIVQS,3.8811729995110786,100.9,391.6103556506679
3324-OIRTO,0.7994602946418868,104.65,83.66351983427346
5067-WJEUN,4.790897619168141,54.2,259.66665095891324
0013-SMEOE,0.9680804223210098,109.7,106.19842232861477
0310-SUCIN,0.8887337454540876,84.8,75.36462161450662
8406-LNMHF,11.175189263292864,82.95,926.9819493901431
9135-MGVPY,2.8876133577871173,84.7,244.58085140456885
5788-YPOEG,37.582659091263494,84.75,3185.130357984581
3969-JQABI,6.6939797075843,65.25,436.7821759198756
4611-ANLQC,10.149807103775984,50.05,507.997845543988
8166-ORCHU,34.420511309348285,93.55,3220.038832989532
6997-UVGOX,0.983094279067718,85.45,84.0054061463365
2323-ARSVR,4.762102687865687,111.05,528.8315034874845
2250-IVBWA,1.35478870858255,81.05,109.80562483061568
9372-TXXPS,11.758505650429335,59.85,703.7465631781957
7599-NTMDP,9.81531278364069,48.7,478.00573256330165
7299-GNVPL,31.221249744876257,84.4,2635.0734784675565
5485-ITNPC,5.894452172893851,85.9,506.3334416515818
9830-ECLEN,12.144837564586089,50.0,607.2418782293045
0301-FIDRB,0.0,63.8,0.0
9453-PATOS,0.0,85.1,0.0
1930-QPBVZ,3.8715854612756413,95.1,368.18777736731346
9435-JMLSX,0.9784107127858667,86.1,84.24116237086311
9443-JUBUO,0.0,65.25,0.0
8046-DNVTL,9.785614871044274,38.6,377.724734022309
1498-NHTLT,12.713437260238063,86.75,1102.890682325652
1402-PTHGN,50.05964939627271,61.5,3078.668437870772
5456-ITGIC,0.0,64.45,0.0
3889-VWBID,3.9188484577284775,82.85,324.67659472280434
9754-CLVZW,38.07106714704065,38.85,1479.0609586625294
2253-KPMNB,2.937705386942494,46.25,135.86887414609035
5148-ORICT,7.751951876634449,74.35,576.3576220277712
2703-AMTUL,31.775557246088837,53.65,1704.758646252666
7711-YIJWC,10.417839989852494,84.9,884.4746151384768
2378-YIZKA,3.9256206577941786,85.0,333.6777559125052
6504-VBLFL,16.439677922538184,58.6,963.3651262607376
7197-VOJMM,4.875571470578452,69.2,337.38954576402887
9139-TWBAS,43.845012550273076,47.85,2097.9838505305665
6685-GBWJZ,8.243441908541204,70.8,583.6356871247173
5307-UVGNB,12.147802762919977,48.7,591.5979945542028
5766-FTRTS,0.0,84.45,0.0
5578-NKCXI,12.00155111686341,99.25,1191.1539483486936
4854-SSLTN,69.31513105829458,59.5,4124.250297968528
4086-ATNFV,33.98873159986726,60.8,2066.514881271929
5996-NRVXR,30.135074980974185,98.15,2957.7576093826165
8400-WZICQ,5.95298172894286,55.7,331.58108230211735
0748-RDGGM,1.703901423160079,109.5,186.57720583602867
2550-AEVRU,11.841060621029044,53.45,632.9046901940025
9028-LIHRP,0.9740999299950249,100.2,97.6048129855015
1053-MXTTK,0.0,108.65,0.0
1301-LOPVR,41.74957421008857,55.35,2310.8389325284024
6897-RWMUB,10.833646531107124,68.05,737.2296464418398
7860-UXCRM,8.888710600277609,74.5,662.2089397206819
8707-RMEZH,2.2841774661566467,87.3,199.40869279547525
6479-VDGRK,0.0,85.3,0.0
8106-GWQOK,33.63180845002537,60.0,2017.9085070015221
7306-YDSOI,2.891878061207417,59.75,172.78971415714318
1725-IQNIY,17.73350270160854,109.75,1946.2519215015373
6418-HNFED,20.778621409645886,83.25,1729.82023235302
8851-RAGOV,32.41273377556406,71.05,2302.924734753826
4778-IZARL,8.814932117801003,110.1,970.5240261698905
7130-CTCUS,42.572114642151206,54.55,2322.3088537293484
6752-APNJL,15.785363536561485,54.5,860.302312742601
2969-WGHQO,61.23452301123645,69.45,4252.7376231303715
4334-HOWRP,0.0,64.95,0.0
5196-WPYOW,4.102890273875627,60.05,246.3785609462314
9140-CZQZZ,3.8829229038622843,79.6,309.0806631474378
7683-CBDKJ,38.166521923050794,65.45,2497.9988598636746
5208-FVQKB,1.909155866712841,67.95,129.72714114313754
2716-GFZOR,17.632534001129574,86.1,1518.1611774972562
0769-MURVM,0.0,65.7,0.0
1209-VFFOC,3.873478650511612,56.4,218.46419588885493
5457-COLHT,2.9312239895723264,80.65,236.40321475900814
2150-UWTFY,35.5840866365297,61.15,2175.966897823791
5161-UBZXI,2.8890486857896693,106.35,307.2503277337313
6867-ACCZI,47.44988019861515,52.5,2491.1187104272954
3740-RLMVT,4.369025993617239,60.95,266.2921343109707
3400-ESFUW,16.729908365318416,57.55,962.8062264240748
0377-JBKKT,35.15200719321851,57.95,2037.0588168470126
5227-JSCFE,0.9824454107703057,46.35,45.53634478920367
0378-XSZPU,12.80110608500383,60.3,771.9066969257309
5061-PBXFW,31.827644531042896,61.4,1954.2173742060338
6695-AMZUF,1.9638649821600127,86.45,169.7761277077331
8671-KKKOS,11.996328869908623,45.55,546.4327800243377
1866-DIOQZ,0.9112976728793921,66.8,60.87468454834339
9470-YFUYI,0.8595282962123691,71.0,61.02650903107821
3884-UEBXB,4.820752177798948,36.15,174.27019122743195
8741-LQOBK,16.618350459430918,35.05,582.4731836030536
5181-OABFK,15.667599997628994,61.3,960.4238798546572
2192-CKRLV,0.0,49.2,0.0
1319-YLZJG,37.25269391096839,84.6,3151.5779048679256
3569-VLDHH,5.08936629416422,75.1,382.2114086917329
5542-DHSXL,47.965997323181924,54.7,2623.740053578051
0536-ESJEP,17.55520850521882,74.55,1308.7407940640628
6478-HRRCZ,37.219279978334214,70.5,2623.959238472562
0868-VJRDR,7.764378211744473,104.05,807.8835529320124
3950-VPYJB,13.058508397881106,59.6,778.2871005137139
7321-ZNSLA,58.35110781487434,40.55,2366.137421893154
1394-SUIUH,12.00271829795365,85.15,1022.0314630707535
3720-DBRWL,20.780078925304505,83.85,1742.4096178867826
8565-WUXZU,0.0,84.8,0.0
2055-BFOCC,8.396144636530307,84.0,705.2761494685458
5566-SOEZD,40.83749266965342,80.65,3293.5437838075486
4973-MGTON,0.9778490572628957,84.4,82.5304604329884
7088-FBAWU,38.487310516817566,74.55,2869.2289990287495
5360-XGYAZ,0.0,65.65,0.0
2599-CIPQE,0.9767284847923032,109.3,106.75642338779873
9927-DSWDF,31.62154245950159,104.6,3307.613341263866
5707-ZMDJP,18.452121993866513,69.7,1286.112902972496
7136-IHZJA,19.840560002329394,71.35,1415.623956166202
7113-HIPFI,5.833846002987976,65.85,384.1587592967582
6374-AFWOX,25.576645239981914,65.65,1679.1067600048127
5204-HMGYF,21.078275104598795,87.2,1838.025589121015
5840-NVDCG,55.61665202786348,68.25,3795.8365009016825
3472-OAOOR,33.80993628097653,34.95,1181.6572730201299
4188-PCPIG,14.699934534020233,70.35,1034.1403944683234
6502-KUGLL,48.918753374157134,59.45,2908.2198880936417
3511-BFTJW,0.0,38.5,0.0
0774-RMNUW,0.9757231084853359,59.7,58.25066957657456
2535-PBCGC,1.9616002509048371,64.55,126.62129619590723
2498-XLDZR,39.55072693310778,73.6,2910.9335022767327
7718-UPSKJ,2.4186348447506334,106.4,257.3427474814674
5583-EJXRD,27.769332283488684,54.05,1500.9324099225632
4254-QPEDE,19.816326372388094,66.25,1312.8316221707112
6229-UOLQL,13.844054450037504,52.0,719.8908314019502
9786-YWNHU,8.763878538412026,63.55,556.9444811160843
9715-SBVSU,57.34817341850521,61.4,3521.17784789622
3563-SVYLG,3.930549968623949,62.65,246.24895553429042
3026-ATZYV,32.710111988952654,75.1,2456.529410370344
4012-YCFAI,11.551441765249791,61.35,708.6809522980747
3374-TTZTK,19.37864600682216,106.3,2059.9500705251953
7139-JZFVG,11.772929776274532,60.5,712.2622514646092
7472-EQOAV,0.7881153503380641,86.7,68.32960087431016
9127-QRZMH,26.027064821489976,59.85,1557.7198295661751
2137-DQMEV,2.9872365737415176,44.8,133.82819850361997
4508-OEBEY,39.63243846623352,75.5,2992.249104200631
9555-SAHUZ,17.612152807687913,54.5,959.8623280189912
6047-SUHPR,29.842067591364682,59.8,1784.555641963608
1576-PFZIW,1.932182128027819,105.35,203.55538718773073
0193-ESZXP,12.415754448537033,105.5,1309.862094320657
8169-SAEJD,2.9097036105765093,56.55,164.5437391781016
1116-FRYVH,23.44659900488072,39.4,923.7960007923003
8571-ZCMCX,24.661979903836585,60.0,1479.718794230195
2296-DKZFP,6.8362063208274,71.0,485.3706487787454
6603-YRDCJ,38.2120677472415,61.05,2332.8467359690935
0117-LFRMW,27.126666668534465,40.2,1090.4920000750856
1976-AZZPJ,46.430654279263045,34.2,1587.9283763507963
1414-YADCW,1.9143026571528128,84.6,161.95000479512794
7169-YWAMK,0.0,68.4,0.0
3842-QTGDL,39.58542099437693,80.75,3196.522745295937
2193-SFWQW,0.0,111.95,0.0
6736-DHUQI,4.08561390066338,84.8,346.4600587762546
8008-ESFLK,16.57960431205803,110.5,1832.0462764824124
2516-XSJKX,30.439654608189667,78.45,2387.9909040124794
2580-ATZSQ,6.202270762770397,61.35,380.5093112959638
9625-QNLUX,3.847362410586123,103.25,397.2401688930172
3831-YCPUO,0.0,109.5,0.0
2322-VCZHZ,26.07206057120859,90.0,2346.485451408773
5010-IPEAQ,4.9201932843292635,54.2,266.6744760106461
6383-ZTSIW,27.74208468833454,99.1,2749.2405926139527
4377-VDHYI,33.453849286407674,90.8,3037.609515205817
1599-MMYRQ,8.052260202864344,81.45,655.8565935233008
6434-TTGJP,61.76463146544548,53.7,3316.7607096944225
4023-RTIQM,39.04151505938742,50.4,1967.692358993126
5696-JVVQY,23.638145223309923,70.1,1657.0339801540256
4378-MYPGO,3.839414420511439,105.25,404.09836775882894
3214-IYUUQ,9.616461101981786,93.7,901.0624052556933
8608-OZTLB,31.910488103024246,74.05,2362.9716440289453
6519-ZHPXP,0.0,108.3,0.0
8224-UAXBZ,10.597782850232432,45.35,480.60945225804085
8221-EQDGL,23.858449859680405,61.0,1455.3654414405048
7018-FPXHH,15.664469974119918,59.8,936.735304452371
6166-YIPFO,0.0,64.7,0.0
3908-MKIMJ,3.7843121266537736,41.95,158.7518937131258
1122-YJBCS,2.3409023747735582,53.65,125.5894124066014
4940-KHCWD,11.760845279845574,37.7,443.3838670501782
6365-HITVU,0.9833076492922358,87.25,85.79359240074757
1960-UOTYM,19.520476512363096,79.2,1546.0217397791573
5294-CDGWY,18.799040185426854,59.3,1114.7830829958125
1113-IUJYX,53.584172561889105,105.95,5677.243082932151
1036-GUDCL,8.010455115714606,79.05,633.2264768972396
7078-NVFAM,21.074169021809176,35.15,740.7570411165925
5876-HZVZM,54.05594911531789,55.9,3021.7275555462697
9108-EJFJP,48.27176864146512,53.55,2584.9532107504574
2314-TNDJQ,0.0,55.65,0.0
2405-LBMUW,9.982336889561791,50.7,506.1044803007829
5130-YPIRV,9.757820171498075,72.0,702.5630523478615
8468-FZTOE,0.0,74.35,0.0
2274-XUATA,0.0,63.1,0.0
7892-POOKP,16.809914730701536,104.8,1761.679063777521
8091-TTVAX,11.176193371843068,100.35,1121.531004864452
3957-SQXML,37.56762260423082,24.95,937.3121839755589
0434-CSFON,3.4976505879948125,100.5,351.5138840934787
8028-PNXHQ,9.765150308748591,24.25,236.80489498715335
3887-PBQAO,24.94633999326067,25.9,646.1102058254513
4846-WHAFZ,3.6583196626008405,76.5,279.8614541889643
1091-SOZGA,12.321385013524782,99.8,1229.6742243497733
6734-PSBAW,0.0,23.55,0.0
1131-QQZEB,0.9699126345498843,23.95,23.229407597469727
1875-QIVME,37.77136813471219,104.4,3943.330833263953
1744-JHKYS,21.95944044314157,24.7,542.3981789455968
9178-JHUVJ,47.43618675474163,24.1,1143.2121007892733
2504-DSHIH,14.430164660145087,86.8,1252.5382925005936
4443-EMBNA,0.9649016326279175,24.75,23.88131540754096
9903-LYSAB,11.345458004798143,73.15,829.9202530509842
7014-ZZXAW,0.9607212066289809,24.25,23.297489260752787
6851-WEFYX,9.637360365084229,100.8,971.4459248004903
2985-JUUBZ,10.935229562519584,74.55,815.221363885835
1248-DYXUB,19.47406500219067,24.8,482.9568120543286
0265-EDXBD,5.815440999238303,74.9,435.57653084294896
6745-JEFZB,16.353901899590788,91.5,1496.382023812557
9571-EDEBV,0.6182394615732465,98.65,60.98932288420077
9601-BRXPO,27.31863362711758,104.95,2867.09059916599
3951-NJCVI,3.3817439392931745,95.05,321.4347614298162
0979-PHULV,0.4080468284133456,99.45,40.580257085707224
4163-NCJAK,23.655707124251638,24.45,578.3820391879525
5233-AOZUF,5.458755888950546,74.95,409.13375387684346
5249-QYHEX,31.115786887361587,24.8,771.6715148065674
2233-FAGXV,46.27012280336514,24.3,1124.363984121773
3935-TBRZZ,25.069426370103212,25.7,644.2842577116526
2055-SIFSS,5.285414481996995,51.65,272.99165799514475
8734-DKSTZ,21.711662559247888,85.95,1866.117396967356
5886-VLQVU,16.055140177030037,89.85,1442.5543449061488
0732-OCQOC,19.601911046600375,25.05,491.0278717173394
4785-FCIFB,10.585778093295433,24.4,258.29298547640855
0880-TKATG,34.92555617167277,101.15,3532.7200067647004
9076-AXYIK,7.474702559538749,102.1,763.1671313289063
7971-HLVXI,0.0,84.5,0.0
4636-QRJKY,26.791475914925755,80.5,2156.7138111515233
5956-VKDTT,20.42598161347469,74.35,1518.671732961843
4109-CYRBD,11.860992961769549,51.6,612.0272368273087
0913-XWSCN,4.0973794244589525,85.5,350.32594079124044
8397-MVTAZ,9.090667557425386,100.05,909.5212891204098
1297-VQDRP,3.1918761116141567,107.15,342.0095253594569
1982-FEBTD,48.437960878306335,25.6,1240.0117984846422
7343-EOBEU,48.2307691347866,23.6,1138.246151580964
6103-LIANB,12.324402497618216,99.5,1226.2780485130124
5512-IDZEI,23.055606716863718,24.9,574.0846072499065
1096-ADRUX,3.191397860372396,74.25,236.9612911326504
0195-IESCP,18.630307973720942,85.25,1588.2337547597103
9574-BOSMD,3.896745477923945,25.4,98.97733513926819
8404-VLQFB,36.60617321020204,25.25,924.3058735576014
1626-ERCMM,13.9936036398316,94.55,1323.0952241460777
2391-IPLOP,17.866557015619478,69.65,1244.4056961378967
3088-FVYWK,18.72496734838577,25.55,478.4229157512565
1525-LNLOJ,5.663286071289051,63.3,358.48600831259694
4312-KFRXN,0.0,25.4,0.0
6952-OMNWB,0.4550573974554589,80.35,36.563861885546125
4952-YSOGZ,23.399419781653556,85.95,2011.1801302331232
5244-IRFIH,7.0383577244041025,94.5,665.1248049561876
1173-NOEYG,21.964011657100535,90.15,1980.0556508876134
4018-PPNDW,10.53628434522928,24.1,253.92445272002567
6286-ZHAOK,39.356672506104815,25.55,1005.562982530978
5671-RQRLP,1.7144428329810553,75.65,129.69760031501684
8859-AXJZP,32.16230597571671,23.8,765.4628822220578
9926-PJHDQ,0.0,76.8,0.0
8098-TDCBU,29.207633025616676,25.25,737.492733896821
4220-TINQT,1.6973965335349759,106.35,180.51812134144467
3643-AHCFP,33.97296755054238,95.6,3247.815697831851
9146-JRIOX,40.63131037194146,25.55,1038.1299800031043
9650-VBUOG,33.620588807060166,25.05,842.1957496168571
3313-QKNKB,6.987785370510066,85.55,597.8050384471361
7997-EASSD,6.299667647751951,81.2,511.53301299745846
6024-RUGGH,0.0,25.2,0.0
6513-EECDB,25.22548849229436,73.55,1855.3346786082502
7471-WNSUF,10.877219334978422,24.15,262.68484693972886
4301-VVZKA,12.821486843638898,75.4,966.740108010373
6630-UJZMY,21.924510486827195,83.25,1825.215498028364
9904-EHEVJ,10.214854795483042,91.35,933.1269855673759
3261-CQXOL,0.9675160733684365,25.45,24.62328406722671
8165-ZJRNM,0.0,23.75,0.0
4883-KCPZJ,49.526763266765265,25.25,1250.550772485823
9108-EQPNQ,61.50552950989339,26.1,1605.2943202082176
1989-PRJHP,8.099082452782692,75.5,611.4807251850933
2858-EIMXH,13.773844256472067,95.85,1320.2229719828476
8436-BJUMM,8.80514272691936,83.75,737.4307033794964
1352-VHKAJ,30.202764714018887,71.6,2162.517953523752
2632-TACXW,9.770731874419248,23.65,231.0778088300152
3524-WQDSG,10.479236233531628,99.3,1040.5881579896907
5981-ITEMU,9.323121076536367,97.1,905.2750565316812
4121-AGSIN,12.597604021256606,24.5,308.64129852078685
1751-NCDLI,4.807183393210815,98.85,475.1900784188891
4367-NUYAO,71.14199168184011,25.75,1831.9062858073828
7029-RPUAV,31.681259018462608,100.45,3182.382468404569
6921-OZMFH,36.97738571622884,55.7,2059.6403843939465
0971-QIFJK,2.903975795630364,24.25,70.42141304403633
7627-JKIAZ,12.034771921663795,78.95,950.1452432153567
5293-WXJAK,40.55474742588405,104.05,4219.721469663235
2460-NGXBJ,29.978249670230085,75.2,2254.3643752013027
8292-ITGYJ,26.526360583236656,24.65,653.8747883767835
1373-ORVIZ,31.707400402907496,66.35,2103.7860167329122
0784-GTUUK,8.900485587199217,23.75,211.3865326959814
2294-DMMUS,2.599757314753105,70.45,183.15290282435623
7115-IRDHS,0.0,24.65,0.0
1299-AURJA,1.9344990096295762,24.7,47.78212553785053
6766-HFKLA,15.446686088213918,103.2,1594.0980043036764
8780-IHCRN,8.830787703574863,24.65,217.67891689312037
8519-IMDHU,26.291088234425562,85.6,2250.517152866828
6393-WRYZE,5.395436276870021,97.65,526.8643524363576
4565-NLZBV,0.9579524765778384,24.65,23.613528547643718
4791-QRGMF,9.642056761952837,99.5,959.3846478143073
2293-IJWPS,11.289484984712818,100.75,1137.4156122098163
2845-HSJCY,20.16956226909535,87.25,1759.7943079785693
7249-WBIYX,17.578563999491916,85.6,1504.725078356508
4538-WNTMJ,22.941459796232234,24.95,572.3894219159943
7684-XSZIY,0.0,24.3,0.0
0471-LVHGK,23.98824711303983,73.0,1751.1420392519076
5977-CKHON,10.336128893044732,92.55,956.6087290512899
0680-DFNNY,21.173762466571844,101.1,2140.6673853704133
4652-ODEVH,26.374401798764378,24.45,644.854123979789
6718-BDGHG,24.65786847610622,64.85,1599.0627706754883
6362-QHAFM,23.58354850758764,108.3,2554.098303371741
9777-WJJPR,19.869238038005847,88.65,1761.4079520692185
9283-LZQOH,26.684915394685053,74.4,1985.3577053645681
9314-IJWSQ,14.554216098927421,84.8,1234.1975251890453
6198-RTPMF,15.79575623642703,92.6,1462.687027493143
7107-UBYKY,20.053608054325107,25.75,516.3804073988715
9957-YODKZ,26.80563234914984,80.8,2165.895093811307
2720-FVBQP,38.00464958964048,48.95,1860.3275974129015
5939-SXWHM,23.66401858232615,26.3,622.3636887151778
1171-TYKUR,13.27213526161522,25.4,337.1122356450266
5364-XYIRR,1.477369985528006,94.65,139.83306913022577
2808-CHTDM,48.13118087029148,25.1,1208.0926398443162
3283-WCWXT,65.14396311927766,25.4,1654.6566632296524
5451-MHQOF,13.479819056192294,24.45,329.5815759239016
4836-WNFNO,0.0,25.0,0.0
8332-OSJDW,56.077017317049105,26.4,1480.4332571700963
9964-WBQDJ,0.9607851354318611,24.4,23.443157304537408
7398-SKNQZ,27.006709059993554,94.9,2562.9366897933883
1958-RNRKS,12.307031800330503,49.9,614.1208868364921
3768-VHXQO,4.8778437049137935,24.85,121.21441606710778
3198-VELRD,34.79983969909695,84.75,2949.2864144984665
2511-MORQY,18.876925665758655,54.9,1036.34321905015
5605-XNWEN,0.0,25.0,0.0
6181-AXXYF,0.0,24.75,0.0
4193-IBKSW,0.0,24.75,0.0
5922-ABDVO,19.537441650009487,89.65,1751.5316439233507
2474-LCNUE,30.77508880274597,73.65,2266.585290322241
8966-KZXXA,35.61066205293326,25.1,893.8276175286248
9606-PBKBQ,6.994704407754172,85.0,594.5498746591046
4450-MDZFX,1.975805563560396,74.35,146.90114365071543
3536-IQCTX,9.034681122691055,85.3,770.658299765547
8958-JPTRR,13.45631594765814,24.3,326.9884775280928
9575-IWCAZ,61.67828990116203,25.1,1548.1250765191671
7010-BRBUU,0.0,24.1,0.0
3946-JEWRQ,18.746215312931856,95.2,1784.6396977911127
8201-AAXCB,17.3161670898535,60.35,1045.0306838726588
1845-CSBRZ,22.551120168962736,85.35,1924.7381064209694
2123-VSCOT,12.603891850370278,72.1,908.740602411697
6651-AZVTJ,3.795227229064542,99.8,378.7636774606413
4566-GOLUK,12.725445205187643,107.35,1366.0765427768933
7449-HVPIV,4.832370742224559,90.4,436.84631509710016
0564-MUUQK,31.89592406170618,95.5,3046.06074789294
0701-RFGFI,5.111507023357336,95.4,487.6377700282899
7892-QVYKW,12.899305354168275,85.6,1104.1805383168044
1024-VRZHF,15.959206512812527,74.95,1196.142528135299
0348-SDKOL,5.219361155003653,102.1,532.8967739258729
0266-CLZKZ,4.727322628644984,105.65,499.4416357163426
5155-AZQPB,13.932794982881642,49.9,695.2464696457939
8775-ERLNB,28.69299450372778,74.3,2131.8894916269737
1852-QSWCD,7.655211442808268,24.8,189.84924378164504
8290-YWKHZ,6.483958025270203,93.2,604.304887955183
2190-BCXEC,11.377901836180548,78.85,897.1475597828362
6227-FBDXH,2.0408675683487663,99.5,203.06632305070224
3106-ULWFW,30.442972838829547,85.2,2593.7412858682774
8612-GXIDD,59.410266464894235,25.4,1509.0207682083135
3023-GFLBR,15.567504213298252,86.15,1341.1404879756444
4079-VTGLK,40.605753233703894,74.85,3039.340629542736
0524-IAVZO,6.180215818297347,85.0,525.3183445552745
4021-RQSNY,12.653393466951167,98.5,1246.35925649469
9061-TIHDA,18.70029123921055,95.25,1781.202740534805
8699-ASUFO,20.88385436302489,74.4,1553.7587646090522
2530-FMFXO,14.994107811429922,103.2,1547.3919261395679
4195-PNGZS,2.9175134116304586,24.45,71.3332029143647
9891-NQDBD,39.826609780417584,25.55,1017.5698798896693
8548-AWOFC,0.9383406867546855,63.85,59.91305284928667
9798-DRYDS,48.274141574339545,61.95,2990.583070530335
8532-UEFWH,19.47948794041009,25.75,501.59681446555976
7216-EWTRS,33.00440947134327,100.8,3326.8444747114017
5197-YPYBZ,59.50398500233841,25.25,1502.4756213090448
8378-LKJAF,15.37366894395396,101.15,1555.0466136809432
2908-WGAXL,15.675543374297334,24.95,391.10480718871844
3378-AJRAO,24.9323104162333,24.85,619.5679138433975
6050-FFXES,2.83578647482708,105.35,298.7501051230329
3126-WQMGH,6.859618218242441,52.15,357.7290900813433
7180-PISOG,25.17491483886591,74.5,1875.5311554955103
9168-INPSZ,10.108334180767635,104.15,1052.7830049269492
1587-FKLZB,1.3088304823251025,99.5,130.2286329913477
6670-MFRPK,2.722381230751902,79.2,215.61259347555065
4813-HQMGZ,25.909653065476007,90.25,2338.3461891592096
9154-QDGTH,25.59076996237516,104.3,2669.117307075729
2577-GVSIL,33.112970173138386,73.45,2432.1476592170147
6770-UAYGJ,22.384978536253197,25.25,565.2207080403932
2774-LVQUS,24.689965980385146,83.05,2050.501674670986
4238-JSSWH,18.034117542116707,102.05,1840.38169517301
2809-ILCYT,42.00947218715593,26.8,1125.853854615779
9121-PHQSR,25.50165178111203,85.05,2168.9154839835783
7089-RKVSZ,59.946733490754994,24.4,1462.7002971744218
2573-GYRUU,8.934637975705247,91.05,813.4987876879627
6486-LHTMA,29.137953019395276,90.7,2642.8123388591516
9898-KZQDZ,10.581054216466608,94.55,1000.4386761669177
0023-UYUPN,19.16344540697014,25.2,482.9188242556475
5968-HYJRZ,24.400414889686743,24.55,599.0301855418096
7994-UYIVZ,30.662392851218154,85.65,2626.233947706835
6559-RAKOZ,15.97056850931132,97.95,1564.3171854870438
2143-LJULT,4.842201448646814,25.25,122.26558657833206
0397-GZBBC,2.1999462461538277,93.85,206.46495520153672
6614-YWYSC,10.795343727118455,25.0,269.88359317796136
1174-FGIFN,33.18642944465652,90.45,3001.7125432691823
8735-SDUFN,0.0,24.3,0.0
9668-PUGNU,0.931367509481566,24.5,22.818503982298367
1926-QUZNN,0.0,25.25,0.0
4927-WWOOZ,29.90294737545987,91.45,2734.6245374858054
5373-SFODM,12.474348423765122,85.25,1063.4382031259765
0661-KBKPA,15.686525711591637,78.75,1235.3138997878414
3612-YVGSJ,0.9608064223775485,24.45,23.49171702713106
2050-ONYDQ,6.8452596752954715,26.0,177.97675155768226
3547-LQRIK,21.752111724745387,26.9,585.1318053956509
7996-BPXHY,58.36023163107272,25.0,1459.005790776818
8237-ULIXL,0.0,24.85,0.0
9600-UDOPK,15.633790725453297,94.05,1470.3580177288825
9153-BTBVV,0.9649969977120902,25.0,24.124924942802256
1265-BCFEO,0.9504593938236438,80.45,76.46445823311214
5315-CKEQK,33.45441931518481,51.0,1706.175385074425
6861-XWTWQ,28.725765809844688,99.25,2851.032256627085
3027-YNWZU,7.818133253964476,25.0,195.4533313491119
7341-LXCAF,21.262857034472805,74.65,1587.272277623395
4231-LZUYM,0.0,25.65,0.0
4455-BFSPD,8.537349900216265,101.15,863.5529424068752
4826-XTSOH,26.629007769842598,86.05,2291.4261185949554
9086-YJYXS,34.51016695999828,77.2,2664.184889311867
6100-QQHEB,15.310142058900094,92.55,1416.9536475512036
9838-BFCQT,0.0,26.1,0.0
3001-CBHLQ,16.327558346531873,104.9,1712.7608705511936
8433-WPJTV,5.547517090520126,103.9,576.3870257050411
4102-OQUPX,25.392849059795267,74.4,1889.227970048768
2277-DJJDL,1.4239420327893715,99.0,140.97026124614777
1400-WIVLL,14.17663507160369,107.95,1530.3677559796183
7508-MYBOG,14.927833929733074,86.1,1285.2865013500177
8148-NLEGT,29.242336662755378,22.95,671.1116264102359
9992-RRAMN,11.050258692075477,85.1,940.3770146956231
7225-IILWY,3.8245195310092157,25.75,98.4813779234873
5622-UEJFI,36.489745661666426,25.4,926.8395398063271
5322-ZSMZY,40.24823408788238,25.75,1036.3920277629713
5220-AGAAX,3.8744253358526346,24.0,92.98620806046323
3404-JNXAX,2.471486299149815,80.75,199.57251865634757
2845-AFFTX,6.765753935127676,99.8,675.222242725742
4707-YNOQA,35.556453354886735,25.6,910.2452058851004
6765-MBQNU,41.78507527787669,26.0,1086.411957224794
5857-TYBCJ,4.653138336444766,89.2,415.05993961087313
6651-RLGGM,4.794172475137739,26.3,126.08673609612252
6127-ISGTU,12.317550582532068,84.95,1046.3759219860992
1208-DNHLN,42.16196352685221,48.35,2038.5309365233045
8715-KKTFG,8.733551265705685,103.3,902.1758457473973
0960-HUWBM,6.674209744167825,104.1,694.7852343678705
7503-EPSZW,7.623789317921654,24.05,183.3521330960158
1599-EAHXY,11.019619788015945,23.95,263.9198939229819
0396-YCHWO,5.168991482222969,95.4,493.1217874040713
5307-DZCVC,13.114556101442512,85.95,1127.1960969189838
3148-AOIQT,2.8939161990450235,24.95,72.20320916617334
5044-XDPYX,20.37618758336273,25.5,519.5927833757496
3896-ZVNET,47.1328325913158,24.7,1164.1809650055002
7779-LGOVN,20.316544054383787,86.65,1760.4285423123551
5498-TXHLF,9.384468266535864,87.45,820.6717499085613
5828-AVIPD,42.724928731715124,100.95,4313.0815554666415
2706-QZIHY,56.029128203846284,25.2,1411.9340307369264
3913-RDSJZ,7.668205340509498,25.55,195.92264645001768
0897-FEGMU,22.520088649183275,99.5,2240.748820593736
2235-ZGKPT,32.337961454612774,50.85,1644.3853399670595
2696-RZVZW,3.896654167160838,25.05,97.61118688737899
5178-LMXOP,28.595838262548593,95.1,2719.464218768371
6285-FTQBF,0.0,25.55,0.0
8185-UPYBR,19.771497008858887,75.5,1492.7480241688459
4683-WYDOU,9.578819786909907,107.6,1030.681009071506
1625-JAIIY,1.1771126365868623,83.0,97.70034883670957
9919-KNPOO,11.076379724182107,94.3,1044.5026079903728
2430-USGXP,15.022859173499693,101.05,1518.0599194821439
5955-ERIHD,13.980960972121329,94.7,1323.9970040598898
0326-VDYXE,0.7229633254796265,97.65,70.59736873308553
6609-MXJHJ,41.009346195621,25.1,1029.3345895100872
9430-NKQLY,0.0,25.1,0.0
7599-FKVXZ,15.39362062797385,106.15,1634.0328296594241
5569-KGJHX,28.33082092723148,85.35,2418.0355661392064
3746-EUBYR,34.656727658898866,74.6,2585.391883353855
8417-GSODA,36.670978242583544,92.2,3381.0641939662028
2560-QTSBS,0.0,23.3,0.0
6080-TCMYC,5.66084603569583,81.2,459.66069809850137
8734-FNWVH,21.797326226210597,59.7,1301.3003757047727
2623-DRYAM,0.7563828309498001,101.75,76.96195304914215
7527-QNRUS,54.00742018897835,25.15,1358.2866177528053
2203-GHNWN,11.85779520938873,79.65,944.4733884278124
5296-PSYVW,0.0,24.55,0.0
0512-FLFDW,9.066924341907772,100.5,911.2258963617311
9419-IPPBE,13.222848054525823,90.15,1192.039752115503
0174-QRVVY,0.9720867079857767,25.35,24.64239804743944
8450-LUGUK,34.4565360190303,24.1,830.4025180586303
3194-ORPIK,3.9095696962016313,84.4,329.9676823594177
5442-BXVND,29.11998261090083,24.25,706.1595783143451
9378-FXTIZ,14.054383524785132,70.15,985.9150042636771
4433-JCGCG,4.982203951017077,101.0,503.20259905272474
3812-LRZIR,44.114259214246886,24.5,1080.7993507490487
5201-CBWYG,9.082345263899892,24.8,225.24216254471733
3489-HHPFY,22.37561683685888,84.05,1880.670595137989
2129-ALKBS,16.458579678535724,26.2,431.21478757763595
8337-UPOAQ,25.391422422033262,89.8,2280.149733498587
0064-YIJGF,15.522216978754553,75.75,1175.8079361406574
3213-VVOLG,71.13822304082184,25.35,1803.3539540848337
6872-HXFNF,6.722489762762546,58.35,392.25727765719455
1080-BWSYE,7.8466771352445495,25.65,201.26726851902268
1194-HVAIF,19.314050009628627,95.0,1834.8347509147195
5854-KSRBJ,1.8977485308792446,25.4,48.20281268433281
3129-AAQOU,52.11591291815514,25.6,1334.1673707047717
9470-RTWDV,43.17006844890176,82.0,3539.945612809944
4521-YEEHE,17.002666511182497,88.85,1510.6869195185648
4979-HPRFL,15.728851635911292,24.15,379.8517670072577
8749-TZYEC,0.0,24.8,0.0
6173-GOLSU,0.4810013471508653,94.65,45.5267775078294
7716-YTYHG,13.385269299908883,82.05,1098.2613460575237
7225-CBZPL,15.900005360973203,94.8,1507.3205082202596
2019-HDCZY,8.14532290637116,102.6,835.7101301936809
4652-NNHNY,21.769319787874114,73.85,1607.6642663345033
8972-HJWNV,20.87148359490482,84.55,1764.6839379492026
7008-LZVOZ,5.845883948527808,25.3,147.90086389775354
5884-FBCTL,0.0,25.1,0.0
1073-XXCZD,16.703023779464623,25.7,429.2677111322408
0603-TPMIB,12.569898431452081,25.45,319.9039150804555
6199-IWKGC,19.25017392887072,100.25,1929.8299363692895
7980-MHFLQ,0.0,24.9,0.0
2873-ZLIWT,8.600137643029486,84.85,729.7216790110518
0757-WCUUZ,17.488933650082334,63.35,1107.9239467327159
0531-ZZJWQ,0.6821769086495075,74.0,50.481091240063556
0946-CLJTI,1.473332233237779,98.7,145.4178914205688
0916-QOFDP,17.924964534184813,95.8,1717.211602374905
6199-IPCAO,42.17523781089713,26.1,1100.773706864415
5214-NLTIT,0.0,90.8,0.0
9189-JWSHV,10.438243788618568,93.55,976.497706425267
3452-GWUIN,13.475273379121136,94.95,1279.477207347552
9821-POOTN,4.104650641010313,75.2,308.6697282039755
3836-FZSDJ,0.9702066717828091,24.85,24.109635793802806
8874-EJNSR,32.31122858444976,25.2,814.2429603281339
5120-ZBLAI,18.949573329763535,75.7,1434.4827010630997
4553-DVPZG,0.6120754003132132,101.35,62.033841821744154
0495-ZBNGW,38.1738900697803,79.9,3050.093816575446
2961-VNFKL,0.9614397936559429,25.95,24.949362645371718
6963-KQYQB,1.8877324146907113,24.05,45.39996457331161
1207-BLKSA,19.419403682923114,23.05,447.6172548913778
4088-YLDSU,12.279031154519918,104.15,1278.8610947432496
5446-DKWYW,7.406060599502933,65.2,482.87515108759123
8107-KNCIM,15.27599336861602,75.1,1147.227101983063
3519-ZKXGG,20.961744053691568,75.85,1589.9482864725053
9054-FOWNV,15.241041149682864,88.75,1352.6424020343543
2157-MXBJS,50.4650909495398,75.3,3800.021348500347
8207-VVMYB,1.9171272066152785,26.0,49.84530737199724
2632-UCGVD,1.3709244912076495,100.05,137.16099534532532
1043-YCUTE,15.679474558533386,25.15,394.3387851471146
8815-LMFLX,35.55778853360561,25.4,903.1678287535824
5811-IWXYM,16.20585085651015,101.25,1640.8423992216526
6425-YQLLO,4.735829148745742,105.95,501.7610983096114
3284-SVCRO,26.28157741752077,25.5,670.1802241467796
1101-SSWAG,18.25445610009174,51.1,932.8027067146879
6992-TKNYO,31.558126991488116,69.0,2177.51076241268
0096-BXERS,28.39837294205837,50.35,1429.858077632639
5018-GWURO,1.9258005951502153,85.6,164.84853094485842
4737-HOBAX,8.784198517725976,79.8,700.9790417145329
3372-CDXFJ,56.63102361658264,24.5,1387.4600786062747
7691-XVTZH,3.5878006946184984,89.95,322.72267248093397
2057-ZBLPD,10.73083674237646,86.5,928.2173782155638
5449-FIBXJ,28.409155762185723,103.3,2934.665790233785
3716-LRGXK,11.438221796120489,101.15,1156.9761346775874
2263-SFSQZ,20.35303153604405,24.95,507.808136824299
1455-UGQVH,24.534631684973586,98.5,2416.6612209698983
1619-YWUBB,3.8657950575070394,24.95,96.45158668480063
0667-NSRGI,19.46124343288647,69.55,1353.5294807572539
2665-NPTGL,21.73078439832941,98.1,2131.789949476115
3873-WOSBC,4.878841754977639,25.6,124.89834892742756
4116-IQRFR,65.73532396591882,24.1,1584.2213075786437
3120-FAZKD,17.650405106496898,24.05,424.4922428112504
6917-FIJHC,0.0,26.0,0.0
2012-NWRPA,24.008925019924874,99.55,2390.0884857335213
4910-AQFFX,34.19413709834205,79.35,2713.304778753441
9647-ERGBE,11.068399963262202,100.05,1107.3934163243832
9029-FEGVJ,10.68443564817117,79.3,847.2757468999738
4625-XMOYM,0.0,26.25,0.0
2252-ISRNH,50.05386966875941,90.35,4522.367124572413
2105-PHWON,21.182560512194623,95.0,2012.3432486584893
1897-RCFUM,28.84736385065275,24.2,698.1062051857965
1734-ZMNTZ,60.07984441387863,25.0,1501.996110346966
2519-TWKFS,39.00873637304111,55.1,2149.381374154565
0626-QXNGV,0.0,24.15,0.0
4290-BSXUX,40.228821047483216,79.65,3204.2255964320384
1820-DJFPH,0.0,24.05,0.0
6509-TSGWN,20.994195731634832,26.45,555.2964771017413
9800-ONTFE,17.716637558449186,75.8,1342.9211269304483
3791-LGQCY,4.295891879289901,100.65,432.3815176505285
7544-ZVIKX,11.673940224301338,105.05,1226.3474205628556
6116-RFVHN,8.240111063182711,100.45,827.7191562967033
2072-ZVJJX,3.8890754466086452,25.25,98.1991550268683
8224-KDLKN,0.0,25.0,0.0
7402-PWYJJ,11.917227672374175,91.15,1086.255302336906
5216-WASFJ,6.5667937652420045,84.85,557.1924509807841
2207-RYYRL,19.472628694444474,24.55,478.05303444861187
6857-TKDJV,4.877215286734946,24.65,120.2233568180164
1355-KUSBG,28.521800467768134,48.8,1391.8638628270849
0899-LIIBW,11.33802264761539,100.85,1143.439584012012
2568-OIADY,6.814131684755513,99.5,678.0061026331736
7869-ZYDST,18.49782961171963,59.05,1092.2968385720442
8404-GFGCZ,38.35757944321689,65.6,2516.257211475028
7137-RYLPP,4.588450259721644,85.7,393.2301872581449
7161-DFHUF,0.939733261653309,23.85,22.41263829043142
0089-IIQKO,14.734508672283281,99.95,1472.7141417947141
4298-OYIFC,27.572620263827837,103.45,2852.38756629299
4584-LBNMK,25.405996399978154,24.7,627.5281110794604
2626-URJFX,29.713500665794598,50.9,1512.417183888945
3682-YEUWS,42.75424261693308,24.4,1043.203519853167
5117-IFGPS,8.301184145441924,84.3,699.7898234607542
3097-IDVPU,31.060470601148506,50.1,1556.12957711754
1987-AUELQ,0.9674697158580357,25.05,24.235116382243795
9593-CVZKR,15.400861792022106,24.45,376.5510708149405
8595-SIZNC,47.60941780839924,25.6,1218.8010958950206
5846-ABOBJ,0.9674852557189881,24.45,23.65501450232926
1867-BDVFH,16.98359874448343,74.35,1262.730566652343
8774-GSBUN,0.0,25.4,0.0
3247-ZVOUO,23.2894875387774,85.55,1992.4156589424065
1268-ASBGA,25.331990107015542,85.35,2162.0853556337765
6925-BAYGL,18.704407424136406,25.1,469.4806263458238
7621-VPNET,13.638128097122111,85.9,1171.5152035427893
2982-VPSGI,17.193392602676877,94.0,1616.1789046516265
4128-ETESU,5.261584048423298,99.7,524.5799296278028
5980-NOPLP,2.5031000177372142,96.1,240.54791170454627
5549-ZGHFB,21.44480309932352,24.95,535.0478373281218
3727-OVPRY,5.28484202256291,25.7,135.8204399798668
8807-OPMBM,16.66564626734301,25.65,427.4738267573482
3672-YITQD,5.337131704815713,84.1,448.85277637500144
1028-FFNJK,13.765684908980678,101.5,1397.2170182615387
3001-UNBTL,14.417894860002702,103.95,1498.740170697281
7096-ZNBZI,0.0,26.45,0.0
8382-SHQEH,18.727008561663503,84.9,1589.9230268852316
7668-XCFYV,14.286010317344825,92.55,1322.1702548702635
1241-EZFMJ,10.7786238866291,25.45,274.3159779147106
8327-LZKAS,22.680186683587664,107.55,2439.254077819853
5887-IKKYO,13.546397156338529,94.35,1278.10257170054
1075-BGWOH,21.414322381315927,98.75,2114.664335154948
1527-SXDPN,19.337593606519697,96.25,1861.2433846275208
5419-JKZNQ,9.472806373763431,77.9,737.9316165161713
0394-YONDK,1.9440513202037946,25.15,48.89289070312543
6574-MCOEH,33.53056275577566,79.15,2653.9440421196437
3049-SOLAY,23.763677291508717,95.2,2262.3020781516298
5569-OUICF,23.04175537364776,101.3,2334.129819350518
2082-OJVTK,11.915245723038467,89.2,1062.8399184950313
5940-NFXKV,13.514012891289136,83.65,1130.4471783563363
3370-GQEAL,9.124439338143876,85.45,779.6833414443943
0485-ZBSLN,6.855214727919197,24.75,169.66656451600014
3810-PJUHR,1.8976933444906927,25.35,48.10652628283906
0112-QAWRZ,29.322542041373854,90.8,2662.486817356746
9465-RWMXL,8.005931914279197,78.9,631.6680280366287
8630-QSGXK,20.34595154534414,75.2,1530.0155562098794
1832-PEUTS,9.367370895911069,89.1,834.6327468256762
5536-SLHPM,0.977761591122546,77.75,76.02096370977796
4419-UJMUS,2.5994833418812915,99.35,258.2586700159063
2799-TSLAG,6.799054112272087,25.3,172.01606904048379
0196-VULGZ,21.63672454631083,84.35,1825.0577154813184
2208-NKVVH,28.348700104336608,24.25,687.4559775301627
6010-DDPPW,1.9354647164248124,25.15,48.67693761808403
1333-PBMXB,16.23737841347082,24.75,401.8751157334028
6546-OPBBH,18.0054885588895,23.95,431.2314509854035
4589-IUAJB,1.9348286278982576,24.25,46.919594226532745
8023-QHAIO,3.70491979445976,76.85,284.7230862042325
0027-KWYKW,9.34297149542934,83.75,782.4738627422073
6847-KJLTS,3.948408565115062,100.4,396.42021993755225
6424-ELEYH,32.648290678959754,74.75,2440.459728252242
9334-GWGOW,20.29030175044571,74.85,1518.7290860208614
4423-JWZJN,6.135963076647762,90.25,553.7706676674605
4471-KXAUH,6.977053591002074,84.3,588.1656177214747
3096-GKWEB,13.989131166711733,94.75,1325.4701780459368
2371-JQHZZ,10.319156654083265,93.0,959.6815688297437
2824-MYYBN,4.741380736421283,95.25,451.6165151441272
0147-ESWWR,7.938644140581202,101.25,803.7877192338467
7812-FZHPE,37.70259960722717,24.1,908.6326505341749
6370-ZVHDV,10.759752349483463,25.3,272.22173444193163
5327-XOKKY,0.0,73.45,0.0
3312-ZWLGF,11.826847428569234,79.3,937.8690010855403
0168-XZKBB,10.952131426742852,86.85,951.1926144126166
7072-MBHEV,33.52900612716883,78.1,2618.615378531885
1891-UAWWU,18.681422102897887,90.8,1696.273126943128
9648-BCHKM,53.415906823488314,24.65,1316.7021031989868
3580-GICBM,10.536785692220972,24.2,254.99021375174752
7480-SPLEF,2.9028716689595804,26.0,75.47466339294908
5539-HIVAK,28.431459271933107,25.7,730.6885032886809
4057-FKCZK,13.00803338555091,82.5,1073.16275430795
8695-ARGXZ,5.15880543587943,75.55,389.74775068069096
1555-HAPSU,0.9692821134849613,23.9,23.165842512290574
9102-IAYHT,13.812735842565232,85.45,1180.298277747199
9066-QRSDU,2.1458459443939946,26.3,56.43574833756206
3161-GETRM,17.358142921269483,90.05,1563.1007700603168
0402-OAMEN,0.0,24.45,0.0
2077-MPJQO,20.394402763446976,75.4,1537.7379683639022
1480-IVEVR,30.292600399348444,81.6,2471.876192586833
0378-NHQXU,20.11057863633453,88.25,1774.7585646565224
0568-ONFPC,54.46347123359557,25.9,1410.603904950125
0269-XFESX,45.2067871598416,24.35,1100.785267342143
8610-WFCJF,1.8164978356644796,95.6,173.65719308952424
3549-ZTMNH,59.4011217026343,24.0,1425.6269208632232
1635-NZATJ,0.972482506959343,25.45,24.749679802115278
0562-HKHML,0.9716411187778656,23.9,23.222222738790986
8277-RVRSV,36.89582725628186,24.15,891.0342282392069
6172-FECYY,2.4175270976593133,84.5,204.28103975221197
5383-MMTWC,19.97901720132086,84.0,1678.2374449109523
7951-QKZPL,38.030500628458675,24.5,931.7472653972376
7163-OCEQI,44.622671029132576,78.65,3509.5730764412774
9185-TQCVP,15.812552699600223,85.15,1346.438862370959
5567-WSELE,26.623121721042583,94.6,2518.5473148106284
3727-RJMEO,20.13185382706508,82.85,1667.9240895723417
3460-TJBWI,47.195192255361704,24.2,1142.1236525797533
5671-UUNXD,14.957617863036823,100.65,1505.4842379146564
4896-CPRPF,36.57772719183672,25.45,930.9031570322445
9253-QXKBE,8.903381094292593,94.45,840.9243443559354
6013-BHCAW,10.707348317937823,81.0,867.2952137529637
6096-EGVTU,6.589083134965284,24.9,164.06817006063557
1468-DEFNC,7.813169501590771,24.4,190.6413358388148
5119-KEPFY,11.176649041772949,95.0,1061.78165896843
3097-NQYSN,26.55830954779162,86.85,2306.589184225702
7711-GQBZC,0.9672495048147881,24.7,23.891062768925266
3565-UNOCC,19.610806166087894,99.05,1942.4503507510058
0871-URUWO,34.10745761234073,102.25,3487.4875408618395
3982-XWFZQ,4.302588660771006,50.25,216.20508020374305
4077-CROMM,15.640966916082986,104.2,1629.7887526558472
1658-XUHBX,3.489086986056167,88.75,309.6564700124848
4937-QPZPO,6.565540980582504,99.9,655.8975439601921
0071-NDAFP,46.57264262198566,25.5,1187.6023868606342
5188-HGMLP,3.814019255767178,74.0,282.23742492677115
5331-RGMTT,5.998324776262556,99.05,594.1340690888061
7208-PSIHR,1.85445396755098,104.3,193.4195488155672
2530-ENDWQ,0.8557657448862508,93.7,80.1852502958417
0327-WFZSY,25.056743643740504,100.0,2505.67436437405
3967-VQOGC,4.729626216809751,24.9,117.76769279856279
2169-RRLFW,0.9676641150373202,25.6,24.7722013449554
8946-BFWSG,8.690934452920757,25.25,219.44609493624912
9921-QFQUL,16.873438924457275,90.15,1521.1405190398234
8647-SDTWQ,0.4855623135192775,74.3,36.07727989448232
9286-DOJGF,8.336316678947545,74.95,624.8069350871185
8884-ADFVN,29.273144464692574,101.95,2984.397078175408
3058-HJCUY,24.505985574405088,102.6,2514.314119933962
7739-LAXOG,16.902323008444384,91.05,1538.956509918861
3472-QPRCH,31.632038605982736,25.25,798.7089748010641
2486-WYVVE,35.66954684945304,79.3,2828.5950651616263
1422-DGUBX,28.51848266646438,79.25,2260.089751317302
0480-KYJVA,0.0,24.25,0.0
2995-YWTCD,52.37645574134544,24.9,1304.1737479595013
8634-MPHTR,4.554168651255547,100.05,455.6445735581175
2100-BDNSN,51.04656036130705,67.95,3468.6137765508142
8708-XPXHZ,3.2359552190865615,94.2,304.8269816379541
1794-SWWKL,40.81560115979339,59.65,2434.6506091816755
1092-WPIVQ,53.10637423671163,25.1,1332.969993341462
1309-BXVOQ,23.353483299476537,106.1,2477.8045780744606
6906-ANDWJ,23.921442429982665,74.9,1791.7160380057019
6813-GZQCG,26.559800653128935,24.65,654.6990860996282
3389-KTRXV,48.119222512412094,23.85,1147.6434569210285
3118-UHVVQ,3.888961709034177,25.8,100.33521209308176
2257-BOVXD,38.60880841983623,66.6,2571.3466407610927
6518-LGAOV,10.690410978639573,105.0,1122.4931527571553
2108-GLPQB,29.313805932658994,55.55,1628.381919559207
0898-XCGTF,7.254414108495356,96.5,700.0509614698019
1925-TIBLE,18.666074763566044,86.5,1614.6154670484627
4779-ZGICK,23.407223473344892,23.55,551.2401127972722
5561-NWEVX,31.97445514972161,79.2,2532.376847857952
5161-XEUVX,33.508305660763455,94.3,3159.833223809994
2452-MRMZF,0.0,25.7,0.0
7103-IPXPJ,15.842129537899767,99.4,1574.707676067237
9850-OWRHQ,32.513669431053174,74.1,2409.26290484104
3768-NLUBH,2.432890923946306,100.6,244.74882694899838
2509-TFPJU,0.0,25.75,0.0
5115-SQAAU,2.8943547777554985,25.6,74.09548231054076
3990-QYKBE,5.280251700070417,92.5,488.42328225651363
6668-CNMFP,45.97333392266075,89.35,4107.7173859897375
9274-CNFMO,26.06322553040201,74.95,1953.4387535036308
4707-MAXGU,0.0,25.85,0.0
6300-BWMJX,2.2995034470691746,93.35,214.65864678390744
8465-SBRXP,33.04133452515218,94.9,3135.622646436942
4534-WGCIR,13.752249708710291,25.15,345.8690801740638
2685-SREOM,13.231046057739656,89.1,1178.8862037446033
6692-UDPJC,21.489803922428262,91.65,1969.5405294905504
6976-BWGLQ,0.0,25.2,0.0
2511-ALLCS,36.53651322729927,24.3,887.8372714233722
1304-SEGFY,0.0,97.85,0.0
5570-PTWEH,32.73112705575119,75.15,2459.7441982397017
5996-EBTKM,4.801414209435865,69.9,335.61885323956704
8155-IBNHG,16.34125046934211,75.4,1232.1302853883951
7240-FQLHE,32.5871474350751,99.75,3250.5679566487415
0422-UXFAP,13.016067369197296,98.85,1286.6382594451527
0804-YGEQV,26.674036452664442,24.45,652.1801912676456
0723-DRCLG,23.974038640042355,74.45,1784.8671767511535
8361-LTMKD,23.374332315996995,74.4,1739.0503243101766
3638-WEABW,13.601791932446185,59.9,814.7473367535265
6467-CHFZW,7.76831251234699,99.35,771.7818481016734
7495-OOKFY,43.63713980311081,80.65,3519.3353251208873
5067-XJQFU,4.393286105010463,108.45,476.4518780883848
8627-ZYGSZ,17.491170569333978,78.9,1380.053357920451
3192-NQECA,3.8042534763895217,110.0,418.4678824028474
9445-ZUEQE,31.589888985833205,85.2,2691.458541592989
1095-WGNGG,10.306367316795967,101.05,1041.4584173622325
5947-SGKCL,41.809261856552425,105.35,4404.605736587798
8017-UVSZU,20.426586829770933,56.6,1156.144814565035
7255-SSFBC,0.0,112.25,0.0
2040-LDIWQ,6.829048559613134,84.2,575.0058887194259
7529-ZDFXI,2.9603338695478083,89.85,265.98599817887055
4716-HHKQH,35.09020718671984,107.05,3756.4066793383586
6432-TWQLB,42.817219145711846,85.4,3656.590515043792
4484-GLZOU,6.1716040413442705,105.05,648.3270045432156
3167-SNQPL,16.251403598721208,101.15,1643.8294740106503
4983-CLMLV,10.626385308483325,102.7,1091.3297711812374
4322-RCYMT,3.401386113102258,75.8,257.8250673731511
1343-EHPYB,1.5186859069398635,103.4,157.0321227775819
0219-YTZUE,51.17293089935192,84.8,4339.464540265042
8984-EYLLL,7.336638016174163,105.25,772.1811512023306
2805-EDJPQ,14.265022385617893,99.75,1422.935982965385
0533-BNWKF,4.287921798934359,85.45,366.402917718941
9774-NRNAU,37.77254527000172,84.8,3203.111838896146
4686-GEFRM,1.8690659578217519,98.7,184.4768100370069
2806-MLNTI,17.399641860804834,105.1,1828.702359570588
5968-XQIVE,0.0,89.7,0.0
5168-MQQCA,0.0,108.5,0.0
3552-CTCYF,8.589044972135635,104.8,900.1319130798146
5756-OZRIO,9.351457870416018,64.05,598.960876600146
5174-ITUMV,2.9116186151264634,105.4,306.88460203432925
3571-DPYUH,11.871115085832185,94.7,1124.194598628308
0621-HJWXJ,1.651816082438519,81.55,134.70560152286123
6815-ABQFQ,12.263864100658445,107.25,1315.2994247956183
4710-FDUIZ,13.364104307496932,100.3,1340.4196620419423
6030-REHUX,28.303755785030454,110.85,3137.471328770626
1710-RCXUS,17.330734912405156,90.35,1565.8318993358057
5016-IBERQ,27.822361235337084,84.25,2344.0339340771493
6797-UCJHZ,4.74865216453757,104.6,496.70901641062983
4554-YGZIH,12.327431940645154,90.05,1110.085246255096
5099-BAILX,21.11575570460787,110.75,2338.5699442853215
7207-RMRDB,0.8443491308000175,105.5,89.07883329940185
2826-UWHIS,13.427364310936563,81.4,1092.9874549102362
0078-XZMHT,0.0,85.15,0.0
3347-YJZZE,34.86476195349848,80.1,2792.667432475228
2499-AJYUA,0.0,110.8,0.0
4289-DTDKW,11.544382766479545,101.3,1169.4459742443778
0115-TFERT,34.559230504633256,111.2,3842.986432115218
2672-TGEFF,11.874604043171802,88.8,1054.464839033656
3804-RVTGV,12.07930709813072,103.85,1254.436042140875
0862-PRCBS,3.7482162778244286,103.75,388.87743882428447
2692-AQCPF,5.7787185826657534,108.05,624.3905428570347
6646-QVXLR,6.932839137633113,103.75,719.2820605294355
9369-XFEHK,20.852564035288655,80.6,1680.7166612442654
5536-RTPWK,10.255701907664296,99.05,1015.8272739541485
4194-WHFCB,5.740037941485807,96.65,554.7746670446032
1338-CECEE,28.89846548896301,68.5,1979.544885993966
7722-CVFXN,14.191542283268998,105.2,1492.9502481998986
3312-UUMZW,23.991401262179423,98.85,2371.5500147664357
8111-SLLHI,16.000422716537106,105.65,1690.4446600021454
2446-ZKVAF,40.93935521094658,56.8,2325.3553759817655
6870-ZWMNX,1.9270127095512901,76.1,146.64566719685317
5268-DSMNQ,7.972287063119317,97.95,780.8855178325371
1641-RQDAY,17.71588031702725,100.4,1778.6743838295358
5461-QKNTN,12.788359319609846,94.3,1205.9422838392084
0178-SZBHO,8.07880901732547,87.2,704.472146310781
1543-LLLFT,8.521677056407643,98.3,837.6808546448714
5593-SUAOO,44.138258757021525,83.15,3670.09621564634
6818-WOBHJ,0.35944584079885156,89.6,32.2063473355771
2612-PHGOX,7.785931757361275,76.1,592.509406735193
8800-ZKRFW,26.0424346818053,107.5,2799.56172829407
3022-BEXHZ,4.794618138954119,111.2,533.161537051698
1291-CUOCY,0.0,110.6,0.0
6599-RCLCJ,12.692371386149402,109.55,1390.449285352667
9831-BPFRI,28.305988379939734,89.55,2534.801259423603
3838-OZURD,1.6406975661021392,105.0,172.27324444072462
4238-HFHSN,1.3405105649510427,82.15,110.12294291072817
1697-BCSHV,6.019498409942716,66.8,402.1024937841734
8621-MNIHH,18.230767240261468,94.25,1718.2498123946434
9885-AIBVB,20.83831299351829,85.8,1787.9272548438692
2272-JKMSI,7.660066609578742,110.8,848.7353803413246
9350-VLHMB,0.663792184179537,89.55,59.44259009327754
8785-CJSHH,1.5561387412939727,99.8,155.30264638113846
2480-EJWYP,10.862347584766338,97.8,1062.3375937901478
3473-XIIIT,28.21140335978688,100.0,2821.1403359786877
9495-SKLKD,15.805185834184082,95.95,1516.5075807899627
6048-UWKAL,2.829003693558283,105.4,298.176989301043
8016-ZMGMO,4.772884467305635,70.85,338.15886450860427
1728-CXQBE,1.2324974414186478,94.25,116.16288385370756
2091-GPPIQ,0.0,78.95,0.0
2886-KEFUM,5.811288687947945,107.5,624.713533954404
2245-ADZFJ,40.58072708389358,80.55,3268.7775666076277
7108-DGVUU,48.66402701065313,71.7,3489.2107366638293
2927-QRRQV,20.273764594580303,94.65,1918.9118188770258
6265-SXWBU,2.156848116659946,95.75,206.5182071701898
3092-IGHWF,2.966317067362468,87.4,259.25611168747974
2929-QNSRW,10.361594316530518,98.25,1018.0266415991233
6267-DCFFZ,16.836988365085293,90.05,1516.1708022759306
2439-LYPMQ,16.41426354069855,102.6,1684.103439275671
8883-ANODQ,3.67721619487389,84.4,310.35704684735634
3500-NSDOA,3.8623633867855505,70.8,273.45532778441697
3761-FLYZI,2.071314970084985,108.8,225.35906874524636
6839-ITVZJ,28.78424749678234,60.05,1728.4940621817793
4906-ZHGPK,14.97595873153987,70.7,1058.800282319869
1298-PHBTI,0.8155753615602059,84.8,69.16079066030547
6097-EQISJ,4.489305934292141,102.45,459.9293929682299
4918-FYJNT,7.353931665554765,90.45,665.1631191494286
1702-CCFNJ,13.055245416127361,61.35,800.9393062794136
9705-IOVQQ,7.641493566716449,99.0,756.5078631049284
8646-JCOMS,4.643997314983954,90.55,420.51395687179706
9470-XCCEM,20.391224656033458,89.65,1828.0732904133997
3144-KMTWZ,0.04808363006124078,93.25,4.483798503210703
2519-LBNQL,8.644504344103973,104.35,902.0540283072496
5663-QBGIS,0.0,98.35,0.0
6908-VVYHM,0.40789934043437454,90.65,36.97607521037605
6732-VAILE,1.9273368536952682,85.95,165.6546025751083
7409-JURKQ,16.992618464354646,111.8,1899.7747443148494
9614-RMGHA,1.1434650346842559,91.85,105.02726343574889
5846-QFDFI,29.44843032057532,88.6,2609.1309264029733
4373-MAVJG,38.541554129887935,90.9,3503.4272704068135
7710-JSYOA,2.761733466385509,93.3,257.669732413768
0607-MVMGC,25.33540772662651,78.75,1995.1633584718377
9139-WQQDY,17.69124620661258,100.45,1777.0856814542335
7694-VLBWQ,3.056945333509576,104.1,318.22800921834687
4795-KTRTH,36.5442885764016,81.0,2960.0873746885295
1170-SASML,0.24776390783792715,85.4,21.15903772935898
6173-ITPWD,12.649502714863237,83.35,1054.3360512838508
7483-IQWIB,15.860177471827631,92.95,1474.2034960063784
4832-VRBMR,5.39439789288147,103.15,556.4321426507237
3392-EHMNK,4.7314984364428,94.1,445.2340028692675
7422-WNBTY,18.832700149739836,93.35,1758.0325589782135
7607-QKKTJ,24.086306026842003,95.0,2288.1990725499904
1784-EZDKJ,18.18382258583487,106.8,1942.0322521671642
6635-CPNUN,31.43830293733162,96.6,3036.9400637462345
1136-XGEQU,20.65969905166567,84.15,1738.513675197666
5003-XZWWO,0.9606804374526041,84.2,80.88929283350927
3207-OYBWH,6.996754425294311,95.25,666.4408590092831
3597-YASZG,1.8338955717299192,104.45,191.55039246719008
4500-HKANN,48.17754282587753,59.7,2876.199306704889
1013-QCWAM,0.3035991421873207,100.8,30.602793532481925
5440-FLBQG,2.8465775927391492,108.4,308.56901105292377
9339-FIIJL,0.0,85.95,0.0
3870-MQAMG,15.158022811128964,110.35,1672.687817208081
4947-DSMXK,22.178010374533276,97.7,2166.7916135919013
2266-SJNAT,0.0,109.15,0.0
1104-FEJAM,26.703885953270028,64.4,1719.73025539059
0020-INWCK,0.8949514136531372,95.75,85.69159785728789
9548-ZMVTX,0.0,90.45,0.0
4559-UWIHT,32.799183485358746,82.65,2710.8525150649007
3757-NJYBX,28.906254145105585,106.35,3074.1801283319787
3413-DHLPB,5.457772527386697,103.75,566.2438997163698
3503-TYDAY,9.035056033541986,80.45,726.8702578984528
1323-OOEPC,7.5862807327685475,98.4,746.4900241044252
8622-ZLFKO,36.159297412566744,90.75,3281.456240190432
0407-BDJKB,2.381544665867537,95.75,228.03290175681667
8384-FZBJK,2.820649156589561,100.6,283.7573051529098
3096-YXENJ,6.705970538660662,107.65,721.8977284868203
7730-CLDSV,0.0,98.65,0.0
1135-HIORI,5.914082307707076,111.45,659.1244731939537
4446-BZKHU,2.350373662715615,105.55,248.08194009963316
8198-RKSZG,49.37325095891776,80.45,3972.0780396449336
0820-FNRNX,41.74068939417182,66.7,2784.1039825912603
1569-TTNYJ,36.075521649822235,78.75,2840.947329923501
0924-BJCRC,2.162068018684393,89.45,193.39698427131893
1017-FBQMM,8.267100634151385,106.05,876.7260222517543
3763-GCZHZ,3.6930749216122676,104.05,384.2644455937564
2454-RPBRZ,36.20246205960761,98.1,3551.4615280475064
0635-WKOLD,30.11185160957062,70.75,2130.4135013771215
6985-HAYWX,27.601655659247257,79.3,2188.8112937783076
0310-MVLET,1.437686538465628,99.15,142.54662028886705
4550-VBOFE,0.04706850056634048,102.95,4.845702133304752
0674-DGMAQ,20.56857344751189,93.5,1923.1616173423618
7740-BTPUX,16.384997608823124,113.6,1861.3357283623068
5312-IRCFR,4.926120726301911,92.85,457.39030943713243
5294-IMHHT,16.82924832654301,97.75,1645.0590239195792
2249-YPRNG,37.22979536911561,105.85,3940.7738398208867
1891-FZYSA,0.027757640401191004,89.95,2.4967997540871307
7317-GGVPB,0.9312723512827823,108.6,101.13617734931015
5569-IDSEY,0.5753737907940074,105.7,60.81700968692658
7271-AJDTL,7.472414647705942,94.45,705.7695634758262
8809-RIHDD,0.0,103.4,0.0
9844-FELAJ,1.1815139088950648,107.9,127.4853507697775
7080-TNUWP,1.1858980206959413,95.0,112.66031196611442
4567-AKPIA,28.657192833196234,109.1,3126.4997381017088
5924-IFQTT,45.17797985235234,72.8,3288.95693325125
5197-LQXXH,0.9485990138950304,83.3,79.01829785745603
8564-LDKFL,28.657912504499784,106.0,3037.738725476977
0895-DQHEW,5.563734330087356,104.3,580.2974906281112
8550-XSXUQ,21.91712233848525,70.55,1546.2529809801342
3481-JHUZH,9.23397522359468,80.25,741.026511693473
3567-PQTSO,14.762164469816867,105.25,1553.7178104482252
3902-FOIGH,34.29525290605988,101.35,3475.8238820291685
4293-ETKAP,6.749605179817456,79.4,535.918651277506
0330-BGYZE,10.077652115015688,102.5,1032.959341789108
0136-IFMYD,2.7353494485172565,109.95,300.75167186447237
0253-ZTEOB,23.367139384785254,79.65,1861.1926519981457
9659-ZTWSM,4.956291335220516,107.35,532.0578748359223
9494-BDNNC,3.7767101729613,95.3,359.92047948321186
1335-HQMKX,0.0,101.35,0.0
8871-JLMHM,3.8060016216947496,90.2,343.3013462768664
7056-IMHCC,4.955380451398173,101.9,504.95326799747386
0917-EZOLA,0.0,104.15,0.0
7047-FWEYA,20.800049288296588,103.15,2145.525084087793
5473-KHBPS,17.07554108768158,95.7,1634.1292820911272
0100-DUVFC,0.9324396549067607,104.8,97.71967583422852
5443-SCMKX,9.709162132211597,94.3,915.5739890675536
5889-JTMUL,7.032385287705609,95.05,668.4282215964181
3612-YUNGG,7.7539590347747644,109.2,846.7323265974043
8914-RBTSB,21.75063583735067,93.8,2040.2096415434928
9643-YBLUR,51.515821627604836,69.05,3557.167483386114
8623-TMRBY,7.086329658916851,84.2,596.6689572807988
6900-PXRMS,29.275370835627637,105.75,3095.8704658676224
3209-ZPKFI,10.808845402463637,54.25,586.3798630836524
9544-PYPSJ,4.018376001432295,96.1,386.1659337376435
1771-OADNZ,23.277235099890767,95.9,2232.286846079525
2150-WLKUW,28.760850546185488,63.9,1837.8183499012525
7159-FVYPK,55.93975073684217,69.15,3868.2337634526366
6088-BXMRG,16.522654068060888,98.85,1633.2643546278186
6688-UZPWD,32.735933160336515,102.0,3339.0651823543244
6771-XWBDM,6.769332358569427,104.5,707.3952314705051
1548-ARAGG,49.215698878353216,58.5,2879.118384383663
3537-HPKQT,5.4725939940303965,77.75,425.49418303586333
1309-XGFSN,17.106851877901498,80.85,1383.088974328336
1469-LBJQJ,0.5047132345583758,105.2,53.095832275541134
2533-QVMSK,10.132530454592551,94.1,953.471115777159
8625-AZYZY,26.85207313548873,104.65,2810.0694536288956
6837-HAEVO,2.6072832317146375,105.0,273.76473933003695
6137-NICCO,41.41214249689005,94.05,3894.812001832509
8374-XGEJJ,10.413380590329357,101.0,1051.751439623265
2656-TABEH,40.020454812697366,100.2,4010.049572232276
4626-OZDTJ,19.110995738686128,78.65,1503.079814847664
4039-HEUNW,14.521263149810489,96.5,1401.301893956712
6710-HSJRD,3.8105010393029417,114.1,434.7781685844656
0365-BZUWY,32.577997702168574,102.55,3340.873664357387
1357-BIJKI,15.736458592681792,98.25,1546.1070567309862
2403-BCASL,27.662431986977133,111.95,3096.80926094209
3886-CERTZ,0.0,109.25,0.0
2773-OVBPK,4.780126761054687,111.3,532.0281085053866
9938-ZREHM,31.559598159377156,72.1,2275.4470272910926
4587-VVTOX,41.73463354761143,105.3,4394.656912563483
3692-JHONH,15.459787326781953,106.5,1646.467350302278
0406-BPDVR,14.776143527395796,101.5,1499.7785680306733
7446-KQISO,26.558406934325383,109.75,2914.785161042211
8309-PPCED,0.0,110.45,0.0
4098-NAUKP,0.20132521616816396,84.65,17.04217954863508
1485-YDHMM,10.821639609584617,93.25,1009.1178935937655
2126-GSEGL,1.9082067204036504,84.8,161.81592989022954
2675-DHUTR,2.73394354310824,98.9,270.387016413405
8152-VETUR,0.0,97.7,0.0
0324-BRPCJ,0.08427204343042163,100.2,8.444058751728248
0576-WNXXC,24.880901251439884,95.55,2377.3701145750806
3005-TYFRD,8.044747553974984,103.65,833.8380839695071
7030-FZTFM,0.0,110.9,0.0
2027-WKXMW,2.333521407238688,108.75,253.7704530372073
9031-ZVQPT,0.0,108.2,0.0
1020-JPQOW,6.30967569381465,90.55,571.3411340749165
5502-RLUYV,0.09226088763513554,103.95,9.59051926967234
0257-KXZGU,29.956025762025355,62.45,1870.7538088384836
6217-TOWGS,39.99293059496376,75.4,3015.466966860268
4636-JGAAI,17.182102107809907,88.85,1526.6297722789102
5453-AXEPF,34.40362067305536,80.5,2769.4914641809564
2037-SGXHH,15.324580535519486,94.65,1450.4715476869194
8259-DZLIZ,6.00331925985023,53.85,323.2787421429349
5329-KRDTM,0.0,77.35,0.0
0103-CSITQ,13.160291848346008,109.4,1439.7359282090533
5360-LJCNJ,0.884460830312783,105.15,93.00105630738913
5520-FVEWJ,34.68123482294446,84.5,2930.564342538807
5827-MWCZK,8.191747146617091,96.95,794.189885864527
9415-TPKRV,42.23840647621651,55.75,2354.7911610490705
6377-WHAOX,2.5158309493827,106.15,267.0554552769736
8999-XXGNS,0.0,105.75,0.0
2211-RMNHO,3.8869085696500236,85.3,331.553300991147
3796-ENZGF,8.577144192781283,67.25,576.8129469645413
8755-IWJHN,0.4439769916917951,95.35,42.33320615781266
5219-YIPTK,18.62120720736475,104.4,1944.0540324488802
0345-XMMUG,25.524723395046124,108.9,2779.642377720523
8166-ZZTFS,5.751891654903265,80.55,463.31487280245796
6681-ZSEXG,15.639675116672132,59.5,930.5606694419919
7067-KSAZT,4.341270238810008,106.25,461.2599628735633
3339-EAQNV,0.0,97.25,0.0
1360-XFJMR,3.997779332620952,109.7,438.55639278851845
8714-EUHJO,16.936335733131912,91.15,1543.7470020749738
9475-NNDGC,0.6989992941767614,113.15,79.09177013610056
5304-EFJLP,0.0,111.65,0.0
0533-UCAAU,13.346597786957416,71.1,948.9431026526722
6892-EZDTG,37.006526897718594,91.65,3391.6481901759093
4822-LPTYJ,0.0,103.75,0.0
7124-UGSUR,9.015932797115108,104.4,941.2633840188173
2067-QYTCF,1.9080731539524667,111.15,212.0823310618167
9909-IDLEK,33.98494441270027,96.8,3289.7426191493864
4828-FAZPK,36.04121596858499,79.95,2881.4952166883704
5995-SNNEW,28.734305824795094,104.45,3001.2982433998477
7159-NOKYQ,4.385675463450157,93.15,408.5256694203822
6892-XPFPU,27.849171821888405,104.25,2903.2761624318664
4350-ZTLPI,16.933804691419706,108.95,1844.938021130177
8988-ECPJR,14.723153029991126,79.6,1171.9629811872935
7566-DSRLQ,0.0,110.15,0.0
6050-IJRHS,0.878946004172845,106.5,93.60774944440799
5336-UFNZP,4.504215088508551,107.45,483.97791126024384
5376-PCKNB,0.0,104.45,0.0
1409-PHXTF,17.347416146359944,110.45,1916.0221133654559
6723-WSNTY,4.9573857488482105,108.1,535.8933994504915
1334-PDUKM,2.8013210737930407,86.45,242.17420682940838
5647-FXOTP,2.7870818284832537,105.9,295.1519656363766
1470-PSXNM,17.818715503133735,93.65,1668.7227068684745
1448-CYWKC,11.766601667640462,105.2,1237.8464954357767
6386-SZZKH,22.539222961557627,107.95,2433.1091187001457
5118-MUEYH,13.824306306973863,105.1,1452.934592862953
0292-WEGCH,9.964423530110745,86.2,858.9333082955462
3733-UOCWF,8.92420424214088,85.55,763.4656729151523
1833-TCXKK,15.802294181434446,107.75,1702.6971980495616
9289-LBQVU,6.013249541660803,70.15,421.8294553475054
7856-GANIL,24.71232402248844,98.7,2439.1063810196088
6345-ULYRW,22.34417192016343,88.4,1975.2247977424472
3173-NVMPX,39.18943791530292,55.3,2167.1759167162513
5985-BEHZK,0.0,105.0,0.0
2990-OGYTD,4.863217360852124,86.15,418.9661756374105
2302-OUZXB,0.0,82.15,0.0
5982-FPVQN,15.973011287946857,95.15,1519.8320240481435
9107-UKCKY,8.49694012553748,79.8,678.0558220178908
6330-JKLPC,39.775069725233436,80.5,3201.8931128812915
4818-DRBQT,24.001615427753404,80.15,1923.7294765344354
5286-YHCVC,0.0,104.8,0.0
4462-CYWMH,2.8001163690063007,89.8,251.45044993676578
1984-FCOWB,1.0941390742866681,109.5,119.80822863439016
0654-HMSHN,32.559442131912064,104.4,3399.2057585716198
6297-NOOPG,1.7694143505337077,110.5,195.5202857339747
6108-OQZDQ,39.454369410835724,97.95,3864.555483791359
8707-HOEDG,1.7836253862227038,110.2,196.55551756174196
4199-QHJNM,4.762307682186023,102.9,490.0414604969418
8645-KOMJQ,2.8914888802419467,81.95,236.95751373582755
7233-DRTRF,1.4939804329152202,102.4,152.98359633051857
1162-ECVII,0.0,109.75,0.0
4143-OOBWZ,36.54534454331679,81.3,2971.1365113716547
2419-FSORS,0.0,108.4,0.0
6754-LZUKA,10.726082871368417,80.9,867.740104293705
5321-NTRKC,5.804395560040979,79.85,463.4809854692722
3410-MHHUM,23.161431258136343,94.4,2186.439110768071
9912-GVSEQ,24.478197573934406,93.85,2297.278842313744
9971-ZWPBF,24.399809609655232,108.9,2657.139266491455
8019-ENHXU,16.064895705494376,99.45,1597.6538779114157
3585-YNADK,13.787254687873364,74.6,1028.529199715353
6646-VRFOL,6.542028038931393,103.85,679.3896118430251
5095-AESKG,48.97477407848867,91.5,4481.191828181713
9090-SGQXL,0.2636114892754668,105.3,27.758289820706654
9835-ZIITK,4.3333136215295935,110.85,480.34781494655545
9445-SZLCH,22.07324414713523,97.35,2148.830317723615
9881-VCZEP,26.019388205819904,54.1,1407.648901934857
4523-WXCEF,2.497679432184017,101.1,252.51539059380409
8775-LHDJH,41.133286294590455,90.6,3726.675738289895
5553-AOINX,3.6700677542399607,104.9,384.9901074197719
8901-UPRHR,0.0,109.2,0.0
3427-GGZZI,24.86340240858793,89.1,2215.3291546051846
2868-LLSKM,2.6792795031307532,83.65,224.12173043688753
7547-EKNFS,17.048450551033515,95.25,1623.8649149859423
2279-AXJJK,10.992228765006908,95.65,1051.406681372911
2330-PQGDQ,18.546002474368382,84.2,1561.5734083418179
6631-HMANX,0.0,85.45,0.0
1932-UEDCX,23.45793188552446,100.6,2359.8679476837606
0665-XHDJU,0.0,99.4,0.0
4759-PXTAN,10.327263236631463,80.1,827.2137852541802
7356-IWLFW,11.688745710154464,80.0,935.0996568123571
6308-CQRBU,0.8841027212842547,109.25,96.58822230030482
3384-CTMSF,9.573674608777914,104.1,996.6195267737808
1842-EZJMK,10.092123052179808,103.7,1046.5531605110461
2378-VTKDH,0.9741254999683997,104.35,101.6499959217025
4000-VGMQP,32.201827903387176,78.95,2542.3343129724176
2974-GGUXS,19.912327289004324,91.95,1830.9384942239476
3259-FDWOY,0.9008075011281316,106.0,95.48559511958194
8510-TMWYB,17.508090458678733,59.8,1046.9838094289883
9330-VOFSZ,11.663678579865165,110.8,1292.3355866490601
5998-DZLYR,10.498702208802454,94.35,990.5525534005114
4753-PADAS,3.5071275694759527,105.7,370.70338409360824
4184-VODJZ,5.258796384380459,91.35,480.3910497131549
1104-TNLZA,25.79885698418018,105.8,2729.519068926263
3621-CEOVK,31.175886105463306,100.2,3123.8237877674233
6953-PBDIN,1.9187957152598165,72.95,139.97614742820363
0023-XUOPT,36.09127391074429,94.1,3396.1888750010376
4909-JOUPP,0.0,109.7,0.0
4657-FWVFY,19.299548131167665,96.35,1859.5114624380044
1465-VINDH,46.92017599622709,102.1,4790.549969214785
0822-QGCXA,34.296940872931266,83.85,2875.7984921952866
4075-WKNIU,71.32909407089225,73.35,5231.989050099946
9589-ABEPT,2.576770533209122,92.45,238.22243579518334
4670-TABXH,0.0,109.75,0.0
8561-NMTBD,4.0828942015399985,112.35,458.7131635430188
8107-RZLNV,0.0,106.3,0.0
9912-OMZDS,9.298299390049522,106.15,987.0144802537568
3545-CNWRG,6.030658302048164,98.35,593.1152440064369
9530-GRMJG,1.8594904040293878,84.1,156.38314297887152
6898-RBTLU,22.647641425655202,79.3,1795.9579650544574
9488-FYQAU,8.677386430818471,109.25,948.0044675669179
7471-MQPOS,0.792303122019884,72.9,57.75889759524954
3174-RKMOW,22.875779643521206,109.95,2515.1919718051568
4323-OHFOW,1.3163961984069088,105.55,138.94561874184922
2267-WTPYD,7.735180694115672,94.0,727.1069852468731
7964-ZRKKG,3.0045399633654744,88.4,265.60133276150793
5060-TQUQN,28.021597010069556,83.55,2341.204430191311
4070-OKWVH,10.123773247101038,94.6,957.7089491757581
1400-MMYXY,47.075275281809134,105.9,4985.271652343587
9609-BENEA,32.64360297649569,69.0,2252.408605378203
8213-TAZPM,2.266754706595894,108.75,246.50957434230347
7142-HVGBG,12.848490717101546,103.0,1323.3945438614592
6257-DTAYD,0.9080298271339015,104.15,94.57130649599584
4616-ULAOA,6.753325819888082,110.8,748.2685008435994
7693-LCKZL,37.505703303065445,80.15,3006.082119740696
6797-LNAQX,1.8049446459733693,98.3,177.4260586991822
2898-MRKPI,2.6191674410596364,101.05,264.66686991907625
4690-PKDQG,11.990613961553844,95.55,1145.7031640264697
9547-ITEFG,48.80821727840933,102.6,5007.723092764797
3976-BWUCK,27.814652738427277,94.1,2617.3588226860065
1684-FLBGS,38.36584927849012,69.5,2666.4265248550632
0218-QNVAS,0.5568875422466273,100.55,55.995042372898375
6583-QGCSI,4.882762474444282,88.05,429.92723587481896
9586-JGQKH,7.590572699832167,105.4,800.0463625623105
1035-IPQPU,1.5284797172824904,103.5,158.19765073873776
2234-XADUH,0.0,103.2,0.0
2954-PIBKO,2.904275920068314,64.15,186.30930027238236
6575-SUVOI,33.91740612875559,69.5,2357.2597259485133
8769-KKTPH,6.589256506429061,99.65,656.6194108656559
1891-QRQSA,7.765069656290854,111.6,866.5817736420593
7233-PAHHL,5.742722982506559,84.0,482.38873053055096
5299-RULOA,28.036882874275793,100.25,2810.6975081461483
0867-MKZVY,19.315751120228924,82.4,1591.6178923068635
7100-FQPRV,26.798151693546597,71.9,1926.7871067660005
3363-DTIVD,0.9156603929318504,105.55,96.64795447395682
0513-RBGPE,34.562646514394324,62.8,2170.5342011039634
9833-TGFHX,22.968854227828793,97.1,2230.275745522176
0177-PXBAT,27.437539027304002,109.9,3015.38553910071
4742-DRORA,9.625168311619943,95.4,918.2410569285425
6152-ONASV,3.2614896450516357,58.25,189.98177182425778
0771-WLCLA,34.653933772373854,112.95,3914.1618195896267
4513-CXYIX,0.9097669245909307,80.7,73.41819081448811
3957-HHLMR,1.5470016519897059,65.2,100.86450770972883
5791-KAJFD,13.929728235529208,68.75,957.668816192633
5150-LJNSR,37.19188643628241,98.05,3646.66446507749
0619-OLYUR,0.0,111.9,0.0
4723-BEGSG,0.0,86.65,0.0
3419-SNJJD,2.2220831606151594,105.25,233.87425265474553
9931-KGHOA,12.78077667132693,55.0,702.9427169229812
4913-EHYUI,13.605709193151668,104.55,1422.4768961440068
8338-QIUNR,0.0,66.5,0.0
7564-GHCVB,0.0,79.05,0.0
1266-NZYUI,0.0,66.85,0.0
4992-LTJNE,0.0,55.3,0.0
2202-OUTMO,24.213949473570146,60.85,1473.4188254667433
2798-NYLMZ,0.9607222715335851,108.55,104.28640257497067
0392-BZIUW,0.0,105.0,0.0
9777-IQHWP,7.654130795123872,93.4,714.8958162645697
1937-OTUKY,0.0,98.2,0.0
3199-NPKCN,3.4247451122229826,111.25,381.00289373480683
5898-IGSLP,22.915213800446047,89.3,2046.328592379832
3865-YIOTT,0.0,106.1,0.0
8818-XYFCQ,21.295717294673416,99.55,2119.9886566847385
8659-IOOPU,0.9352036225435871,100.45,93.94120388450332
8257-RZAHR,36.86863578693929,64.7,2385.4007354149726
0774-IFUVM,41.892320621215454,65.15,2729.284688472187
7670-ZBPOQ,11.979534142366045,61.05,731.3505593914471
7126-RBHSD,20.944610774923017,78.9,1652.5297901414262
2040-VZIKE,3.9316061693598097,100.85,396.5024821799368
9068-VPWQQ,10.818042908508875,75.35,815.1395331561437
2226-ICFDO,0.0,85.9,0.0
7182-OVLBJ,9.37622060163167,101.15,948.4047138550435
4389-UEFCZ,0.0,105.5,0.0
6248-TKCQV,1.9224243220442865,80.6,154.9474003567695
5678-VFNEQ,0.7270890791909489,104.1,75.68997314377778
6234-PFPXL,34.51169348910065,95.9,3309.6714056047526
5724-BIDBU,16.828820592508023,55.35,931.4752197953192
2924-KHUVI,10.24751451136445,100.55,1030.3875841176955
5127-BZENZ,13.563438059153947,65.2,884.3361614568374
4522-XRWWI,28.055588216355588,80.45,2257.072072005807
3766-EJLFL,3.835797659126333,109.05,418.2937347277266
3584-WKTTW,17.229669292289504,111.55,1921.969609554894
4248-QPAVC,33.64716752704012,85.35,2871.785748432874
7426-WEIJX,1.3013970761252769,80.95,105.34809331234116
1228-FZFRV,12.391013248017392,105.95,1312.8278536274427
4423-YLHDV,31.18406653103108,104.4,3255.616545839645
3902-MIVLE,8.719808717143334,75.7,660.0895198877504
7789-HKSBS,26.11882077796353,105.2,2747.6999458417636
6990-YNRIO,6.796164484378108,108.65,738.4032712276816
7940-UQQUG,6.2924442357626535,104.4,656.931178213621
8466-PZBLH,4.790913114158745,104.6,501.1295117410047
5619-PTMIK,7.646628217468065,53.1,406.03595834755424
7336-RLLRH,40.90933207049023,80.85,3307.519497899135
1492-QGCLU,11.076431064321643,85.7,949.2501422123648
2189-UXTKY,28.917208259082333,79.2,2290.2428941193207
2153-MREFK,29.44346458826299,99.2,2920.7916871556886
8311-UEUAB,4.5197481218706805,75.5,341.24098320123636
9297-FVVDH,14.51565619431995,84.5,1226.5729484200358
7619-ODSGN,24.016848963113095,54.75,1314.922480730442
5802-ADBRC,16.187008491495003,104.4,1689.9236865120783
7181-BQYBV,41.20183245486103,102.45,4221.127735000512
9554-DFKIC,24.537348964080508,54.45,1336.0586510941837
4307-KTUMW,5.2913556624475655,93.9,496.85829670382645
4056-QHXHZ,0.0,107.45,0.0
6161-ERDGD,0.8216360565641939,85.45,70.20880103341037
5136-KCKGI,31.746120828489467,103.7,3292.0727299143578
7602-MVRMB,0.0,110.45,0.0
7516-GMHUV,21.366813753516553,105.05,2244.5837848069136
7285-KLOTR,54.483557509968435,78.85,4296.0285096610105
8868-GAGIO,7.182714101827904,84.55,607.2984773095493
3351-NQLDI,3.826081355917779,94.35,360.99077593084246
0014-BMAQU,8.560414568621855,84.65,724.6390932338401
4531-AUZNK,15.6135605953468,95.15,1485.630290647248
0197-PNKNK,2.191666155898463,84.45,185.08620686562523
2634-HCZGT,15.37846280022431,60.05,923.4766911534698
7037-MTYVW,33.61769753399606,85.4,2870.9513694032635
0058-EVZWM,4.229479959268541,89.8,379.80730034231493
2265-CYWIV,33.56359548338239,99.6,3342.9341101448863
4644-PIZRT,51.42768017046313,70.35,3617.9372999920806
7780-OTDSO,21.354613845550116,99.4,2122.6486162476817
9357-UJRUN,41.8449712372226,58.35,2441.654071691939
1163-VIPRI,6.612146940529419,109.3,722.7076605998654
5151-HQRDG,12.388551257582966,55.05,681.9897467299422
0263-FJTQO,21.55340025427452,70.5,1519.5147179263538
8205-VSLRB,1.9546569347760485,77.3,151.09498105818855
1536-YHDOE,49.423610919544984,62.1,3069.2062381037435
8123-QBNAZ,20.74564206033224,104.5,2167.919595304719
6778-EICRF,42.23158846481004,74.8,3158.9228171677905
9194-GFVOI,29.66933581643815,84.35,2502.6084761165575
5519-YLDGW,22.574610667653133,103.9,2345.5020483691605
1474-JUWSM,10.8662474509194,68.4,743.251325642887
0744-GKNGE,2.047302372727103,86.8,177.70584595271254
8749-JMNKX,9.053442846515557,93.8,849.2129390031592
3756-VNWDH,3.794877545176181,100.75,382.33391267650023
8295-KMENE,12.530254880291901,76.45,957.9379855983159
6993-YCOBK,11.43668207733133,110.6,1264.897037752845
8200-LGKSR,0.9569342370118299,83.2,79.61692851938425
1150-WFARN,4.812311142056093,108.75,523.3388366986002
4821-SJHJV,12.963853830454479,89.6,1161.5613032087213
9220-CXRSC,2.8941998442680528,61.4,177.70387043805843
8468-EHYJA,1.6984836546555315,99.65,169.25389618642373
3082-YVEKW,48.47623100379073,77.15,3739.9412219424553
2522-AHJXR,6.0028385351398095,109.45,657.0106776710521
9351-HXDMR,0.0,110.9,0.0
7868-BGSZA,24.414219886341858,80.2,1958.020434884617
6946-LMSQS,36.8977816336747,89.05,3285.7474544787315
7995-ZHHNZ,26.67711200201029,56.1,1496.5859833127772
8849-PRIQJ,3.4891117516315915,109.4,381.70882562849613
2632-IVXVF,3.876122785649443,111.75,433.15672129632526
9592-ERDKV,30.883002591859306,79.25,2447.47795540485
2434-EEVDB,7.529788098217269,94.6,712.3179540913536
5606-AMZBO,34.70498313295778,78.15,2712.1944318406504
0112-QWPNC,20.5837548889343,84.35,1736.2397248816083
5055-BRMNE,4.794189209025923,106.7,511.539988603066
7247-XOZPB,17.65125064370737,77.4,1366.2067998229506
2649-HWLYB,6.846912270622493,76.15,521.3923694079028
3737-GCSPV,41.28831186073889,96.2,3971.935601003081
6427-FEFIG,47.44199299354035,78.6,3728.9406492922717
9360-AHGNL,24.648347005431088,109.55,2700.2264144449755
4123-DVHPH,27.79731175399588,88.05,2447.553299939337
4489-SNOJF,23.308707176434286,72.25,1684.0540934973772
2979-SXESE,27.994288640279137,94.4,2642.6608476423507
4194-FJARJ,17.592908029142098,60.0,1055.5744817485258
7903-CMPEY,34.934928965494365,80.3,2805.2747959291974
2675-OTVVJ,14.73999141227654,89.45,1318.4922318281365
0537-QYZZN,16.995040324056273,79.85,1357.0539698758932
4915-BFSXL,1.9299904024997154,68.95,133.07283825235538
2824-DXNKN,0.0,71.45,0.0
2479-BRAMR,15.40396062391459,83.75,1290.081702252847
4355-HBJHH,4.667023190161325,79.7,371.96174825585763
0471-ARVMX,6.647419155648874,104.85,696.9818984697845
6616-AALSR,6.63670834723669,104.3,692.2086806167868
2988-GBIVW,0.03525311289981002,90.85,3.2027453069477403
2956-GGUCQ,15.80602940733667,78.85,1246.3054187684963
9356-AXGMP,29.19459195467025,110.7,3231.8413293819967
3717-LNXKW,16.24375523636588,91.7,1489.5523551747515
5641-DMBFJ,13.501211301658147,84.3,1138.1521127297817
2360-RDGRO,0.6019065379421283,104.25,62.74875658046688
8125-QPFJD,0.0,84.9,0.0
5966-EMAZU,5.909752339009998,108.5,641.2081287825848
4827-DPADN,0.0,83.3,0.0
6617-WLBQC,43.222055454301824,81.85,3537.725238934604
7762-URZQH,5.6806643197575575,106.05,602.4344511102889
3262-EIDHV,0.0,84.7,0.0
4135-FRWKJ,14.944285290712317,76.25,1139.5017534168142
9402-ROUMJ,4.055767816847713,100.25,406.59072363898326
9070-BCKQP,0.0,110.15,0.0
3850-OKINF,0.5831259110453721,66.2,38.60293531120364
9874-QLCLH,26.930257601654656,104.2,2806.132842092415
0643-OKLRP,5.0666115180693305,80.35,407.1022354768707
3858-XHYJO,28.36995075872373,105.75,3000.122292735034
2885-HIJDH,2.934832559497867,86.9,255.03694942036464
1061-PNTHC,5.732204885172109,109.6,628.2496554148631
9866-OCCKE,0.0,109.75,0.0
4919-IKATY,36.29459083027574,84.5,3066.8929251583
5320-BRKGK,13.586837053311987,75.8,1029.8822486410486
6284-KMNUF,9.755596322320994,98.0,956.0484395874573
9715-WZCLW,0.8609582622777803,97.2,83.68514309340024
7173-TETGO,0.0,78.5,0.0
3512-IZIKN,1.9435685068472304,65.3,126.91502349712414
4277-UDIEF,37.73623544446202,81.0,3056.6350710014235
2725-TTRIQ,0.0,84.2,0.0
6586-MYGKD,1.9256757089049945,76.95,148.18074580023932
2404-JIBFC,16.70684789396309,85.1,1421.752755776259
4654-ULTTN,1.9441647814310146,74.8,145.42352565103988
4942-VZZOM,6.235030180821504,66.15,412.4472464613425
1813-JYWTO,0.0,80.45,0.0
3096-JRDSO,28.43902823418338,104.3,2966.190644825326
9730-DRTMJ,37.14968350429889,72.8,2704.4969591129593
5937-EORGB,28.677753141459352,96.5,2767.4031781508274
6252-DFGTK,33.093781757688085,68.1,2253.6865376985584
8661-BOYNW,0.0,84.4,0.0
5055-MGMGF,0.504976588588319,105.05,53.04779063120291
9822-BIIGN,8.988168627085132,71.85,645.7999158560667
1455-HFBXA,19.492776187536943,91.6,1785.538298778384
5965-GGPRW,0.0,105.25,0.0
4853-OITSN,31.61380605660983,89.15,2818.3708099467663
0708-LGSMF,31.268283658871372,65.85,2059.0164789366795
0487-RPVUM,5.57335658568567,99.4,553.9916446171557
0401-WDBXM,0.0,105.55,0.0
0916-KNFAJ,10.401450273384336,69.9,727.0613741095651
4700-UBQMV,46.8263641513962,75.9,3554.121039090972
9795-NREXC,7.807838880838755,85.0,663.6663048712942
5385-SUIRI,5.407584811025388,104.2,563.4703373088455
7779-ORAEL,26.72071391235517,75.15,2008.061650513491
8033-VCZGH,16.360580596246642,103.95,1700.6823529798385
4789-KWMXN,22.723823771675637,110.85,2518.935865090244
3705-RHRFR,2.771402459263188,99.15,274.78455383594513
4476-OSWTN,2.1607078464716425,110.55,238.86625242744006
6726-WEXXK,36.70075488951021,85.9,3152.594845008927
2696-ECXKC,11.933998555009808,100.9,1204.1404542004898
2347-WKKAE,9.452493024243802,94.4,892.315341488615
6656-GULJQ,0.0,83.55,0.0
9776-CLUJA,2.4725102811972617,77.5,191.6195467927878
0872-CASZJ,10.324505659965963,69.1,713.423341103648
2474-BRUCM,10.935775569120603,101.85,1113.8087417149334
0572-ZJKLT,25.183670673990413,99.65,2509.5527826631446
8690-UPCZI,40.43493238457238,69.05,2792.0320811547226
5481-NTDOH,3.8229169887954764,107.05,409.2432636505557
1591-MQJTP,17.785005449583736,93.65,1665.565760353517
8450-JOVAH,44.55256808784218,56.7,2526.130610580652
5681-LLOEI,26.3411242052831,91.25,2403.627583732083
0657-DOGUM,21.173801373965297,60.6,1283.132363262297
1389-WNUIB,48.189650787093726,76.0,3662.413459819123
7398-LXGYX,13.301384268713711,84.8,1127.9573859869226
6840-RESVB,44.4803502804154,84.8,3771.9337037792257
3655-SNQYZ,2.9394814040593378,113.25,332.89626900972
5248-YGIJN,0.0,90.25,0.0
3841-NFECX,0.9648817559095835,96.35,92.96635718188836
6234-RAAPL,0.0,99.9,0.0
9489-DEDVP,1.9182513095879719,69.2,132.74299062348766
4080-IIARD,47.852099280523824,76.2,3646.3299651759153
9803-FTJCG,0.8593907133133764,66.85,57.45026918499921
6728-DKUCO,0.0,104.15,0.0
0486-HECZI,6.082224200937689,96.75,588.4551914407214
3146-MSEGF,0.0,88.05,0.0
5716-EZXZN,6.811531487450132,99.05,674.6821938319356
1679-JRFBR,1.6408211353828461,108.15,177.45480579165482
5997-OPVFA,0.0,89.05,0.0
9680-NIAUV,0.0,109.7,0.0
0945-TSONX,24.794281570132647,85.3,2114.952217932315
7017-VFHAY,10.870609385120972,115.1,1251.2071402274237
1950-KSVVJ,25.19852271874297,113.3,2854.9926240335785
0123-CRBRT,10.83323925263371,88.1,954.4083781570298
5027-YOCXN,19.964743427727594,110.05,2197.1200142214216
6885-PKOAM,0.9803731853705926,85.75,84.06700064552831
7520-HQWJU,3.374853736992,67.45,227.63388456011043
3520-FJGCV,0.0,112.6,0.0
4376-KFVRS,0.0,114.05,0.0
0206-TBWLC,16.199384973974173,114.65,1857.2594872661389
1480-BKXGA,0.0,116.05,0.0
8606-CIQUL,0.0,115.75,0.0
6859-QNXIQ,0.0,113.1,0.0
4676-MQUEA,20.396300694936706,101.9,2078.38304081405
3580-HYCSP,0.0,110.3,0.0
1352-HNSAW,0.0,115.6,0.0
5781-RFZRP,0.9731616237146771,73.5,71.52737934302877
6522-YRBXD,21.986086158559786,94.55,2078.784446291828
0742-LAFQK,0.0,99.15,0.0
0795-LAFGP,0.969279367195557,90.4,87.62285479447836
0459-SPZHJ,8.8879918311846,83.5,742.1473179039141
8207-DMRVL,0.0,114.55,0.0
1775-KWJKQ,0.0,89.85,0.0
2077-DDHJK,3.93882828155809,70.9,279.2629251624686
8100-PNJMH,3.9454385705385437,88.85,350.5522169923496
9565-FLVCG,6.6964469062565595,69.55,465.7378823301437
6663-JOCQO,39.810043336426276,75.25,2995.7057610660772
7503-MIOGA,0.0,89.85,0.0
6919-ELBGL,0.0,114.95,0.0
5684-FJVYR,0.0,90.35,0.0
8823-RLPWL,0.0,110.65,0.0
3758-CKOQL,12.113518919309307,107.0,1296.146524366096
0810-BDHAW,45.20602397408848,78.4,3544.1522795685373
4178-EGMON,1.9157351637726783,88.0,168.58469441199568
9101-BWFSS,19.697087252534594,108.55,2138.1188212626303
4250-WAROZ,4.081355166270778,93.25,380.58636925475
9778-OGKQZ,0.0,92.0,0.0
7408-OFWXJ,0.0,89.8,0.0
6007-TCTST,0.0,115.8,0.0
3224-DFQNQ,4.645574486282538,89.0,413.45612927914584
7549-MYGPK,2.863293285155676,100.55,287.90413982240324
8975-SKGRX,0.9678228718890693,116.1,112.36423542632095
2267-FPIMA,13.827333461313925,94.4,1305.3002787480345
9199-PWQVC,8.02547545470339,79.7,639.6303937398602
6353-BRMMA,10.394378791924671,104.1,1082.0548322393581
5002-GCQFH,13.731995313003644,93.85,1288.747760125392
7649-SIJJF,0.9600082395189885,80.1,76.89665998547098
6445-TNRXS,3.9149052480200712,114.7,449.0396319479022
4829-ZLJTK,0.0,112.4,0.0
9742-XOKTS,3.951293710566109,89.55,353.83835178119506
6891-JPYFF,15.773513633549426,105.25,1660.162309931077
1779-PWPMG,0.0,114.65,0.0
5334-JLAXU,5.788712214600208,94.1,544.7178193938796
4782-OSFXZ,0.9773143913530464,82.7,80.82390016489694
9127-FHJBZ,0.0,114.0,0.0
8221-HVAYI,36.812395417367895,69.15,2545.57714311099
0455-ENTCR,5.836624339121697,85.25,497.5722249101247
8268-YDIXR,13.314878998245078,93.15,1240.2809786865291
9408-HRXRK,13.553042004666631,105.15,1425.1023667906964
2408-TZMJL,10.853438252887186,110.15,1195.5062235555235
8480-PPONV,9.87817559273543,115.55,1141.423189740579
9681-KYGYB,12.106109611775937,88.2,1067.7588677586377
2388-LAESQ,0.0,114.85,0.0
3108-PCCGG,0.0,84.45,0.0
4102-HLENU,4.803364291378952,65.65,315.3408657290282
7130-YXBRO,17.235695188117678,111.45,1920.9182287157153
3084-DOWLE,0.0,92.0,0.0
3071-MVJCD,0.0,82.3,0.0
1830-GGFNM,6.8882466496258985,94.55,651.2837207221287
3870-SPZSI,1.9468596157932114,113.05,220.09247956542254
8752-GHJFU,0.7204422035838792,92.0,66.28068272971689
9052-VKDUW,3.7316844259657103,109.4,408.2462762006487
1621-YNCJH,35.72383504976904,106.05,3788.512707028007
5469-CTCWN,8.609276649961236,106.0,912.583324895891
4472-VESGY,14.18303955898412,98.15,1392.0653327142916
7898-PDWQE,0.9819038423053265,80.4,78.94506892134825
7905-NJMXS,55.97229889139222,64.2,3593.4215888273807
5327-CNLUQ,23.5945438330353,96.9,2286.311297421121
1971-DTCZB,0.0,90.95,0.0
5980-BDHPY,0.0,87.1,0.0
2581-VKIRT,11.675852948738179,65.5,764.7683681423507
4737-AQCPU,0.0,72.1,0.0
9158-VCTQB,25.131750320205462,113.6,2854.9668363753403
1060-ENTOF,4.5158892742691,105.4,475.9747295079632
9225-BZLNZ,0.0,85.25,0.0
5740-YHGTW,0.5287982733530934,97.55,51.58427156559426
7359-WWYJV,0.0,114.45,0.0
8226-BXGES,7.034624581597292,89.45,629.2471688238778
2040-XBAVJ,0.0,114.45,0.0
2057-BOYKM,0.0,96.6,0.0
0409-WTMPL,12.688079714918482,110.65,1403.9360204557302
3669-WHAFY,0.9672590912696771,115.15,111.37988435970333
1568-LJSZU,3.947412429800915,92.2,363.95142602764435
8401-EMUWF,22.651399057028385,69.4,1572.00709455777
5377-NDTOU,0.9682240305656071,91.05,88.15679798299853
7860-KSUGX,0.0,64.45,0.0
5149-QYTTU,0.8349731884227723,95.15,79.44769887842679
3402-XRIUO,39.46018772612748,63.55,2507.6949299954013
3537-RYBHH,19.602681957211395,67.45,1322.2008980139087
3062-ICYZQ,8.818389699933952,93.8,827.1649538538047
5129-HHMZC,28.8097934643247,86.45,2490.6066449908703
9637-CDTKZ,0.0,114.1,0.0
8840-DQLGN,28.894804760625814,100.5,2903.9278784428943
1951-IEYXM,0.0,90.6,0.0
5668-MEISB,0.0,106.1,0.0
3219-JQRSL,0.0,89.1,0.0
3424-NMNBO,11.898387764450849,108.85,1295.1395081604749
7639-OPLNG,1.9599461156695959,79.25,155.32572966681548
6845-RGTYS,12.821982850191567,98.75,1266.1708064564173
1488-PBLJN,0.0,116.85,0.0
7398-HPYZQ,0.9815113069923158,90.55,88.87584884815419
5248-KWLAR,0.9692626082186452,90.35,87.57287665255458
5804-HYIEZ,0.20398470710974168,106.05,21.632578188988106
9919-FZDED,0.0,84.1,0.0
2251-PYLPB,0.0,79.55,0.0
1163-ONYEY,25.58620080783166,74.55,1907.45127022385
2931-VUVJN,11.253908888963126,94.05,1058.430131006982
2878-RMWXY,0.0,102.65,0.0
8879-XUAHX,0.943165443999654,116.25,109.64298286495978
4815-YOSUK,0.0,104.9,0.0
2659-VXMWZ,3.8639104035626692,111.3,430.0532279165251
0839-JTCUD,5.936421367584248,89.9,533.6842809458238
9917-KWRBE,29.742578494380904,78.35,2330.3310250347436
3398-GCPMU,0.0,89.55,0.0
7322-OCWHC,0.0,93.05,0.0
9239-GZHZE,0.0,113.65,0.0
7401-JIXNM,17.890231519437336,91.3,1633.3781377246287
4800-CZMPC,21.893730454319254,103.25,2260.5276694084628
7579-KKLOE,0.9649483196379827,91.25,88.05153416696592
8197-BFWVU,0.0,93.25,0.0
6463-HHXJR,0.954253580193197,100.5,95.9024848094163
1187-WILMM,8.911201448885993,89.4,796.6614095304078
4981-FLTMF,11.252899229293014,65.2,733.6890297499045
4304-TSPVK,3.917655500640949,114.9,450.13861702364505
9251-WNSOD,4.197029739625747,75.1,315.1969334458936
2616-UUTFK,32.300230630069315,72.75,2349.8417783375426
6650-BWFRT,0.0,117.15,0.0
6993-YGFJV,2.9221623823538025,112.55,328.88937613392045
0730-BGQGF,0.9839423838989976,90.3,88.84999726607948
4083-BFNYK,31.98066350058434,95.0,3038.163032555512
5197-PYEPU,27.494679749429697,94.45,2596.872502333635
9802-CAQUT,0.0,109.55,0.0
3325-FUYCG,40.45568804229506,106.1,4292.348501287505
3200-MNQTF,4.934146000376446,70.9,349.83095142669004
1088-AUUZZ,15.833368874886803,75.85,1200.961029160164
7641-EUYET,15.493156974624062,100.7,1560.1609073446432
1032-MAELW,3.44838047821169,78.45,270.52544851570707
3133-PZNSR,0.0,97.75,0.0
8565-HBFNN,2.6618979721043736,107.2,285.35546260958887
2000-DHJUY,1.9631158732049512,92.2,180.9992835094965
8263-QMNTJ,0.0,115.55,0.0
3230-JCNZS,0.948283913000889,99.0,93.880107387088
3227-WLKLI,6.926350300029889,91.55,634.1073699677363
5945-AZYHT,0.6442095168380073,109.6,70.6053630454456
4837-QUSFT,6.014115349280532,100.15,602.3136522304453
0907-HQNTS,1.947527375903909,113.0,220.0705934771417
5140-FOMCQ,11.7203352201296,109.15,1279.2745892771459
6242-SGYTS,8.576849065482328,94.95,814.3718187675471
5781-BKHOP,0.0,100.65,0.0
8628-MFKAX,0.0,116.75,0.0
0254-KCJGT,19.313482460020733,81.4,1572.1174722456878
6461-SZMCV,0.9793853929182075,87.95,86.13694530715635
0244-LGNFY,0.0,92.65,0.0
1810-MVMAI,35.30533766202314,67.6,2386.6408259527643
1229-RCALF,6.768199857906172,115.0,778.3429836592097
3470-OBUET,4.912171936286765,74.0,363.50072328522066
4760-THGOT,14.006034850333533,94.1,1317.9678794163854
3259-QMXUN,13.66237613748715,86.1,1176.3305854376435
0536-ACXIP,0.0,109.55,0.0
9170-GYZJC,27.757104124955312,79.9,2217.7926195839295
1897-OKVMW,7.83484243179579,90.6,709.8367243206985
6963-EZQEE,1.9670772484753922,88.55,174.18469035249598
3617-XLSGQ,5.84916627000988,109.25,639.0214149985793
5248-RPYWW,0.0,90.15,0.0
7765-LWVVH,0.0,95.1,0.0
0106-UGRDO,2.856116725279523,116.0,331.3095401324247
6176-YJWAS,0.0,97.95,0.0
7587-AOVVU,33.888020056126074,100.75,3414.218020654702
7663-CUXZB,12.728144275466569,113.75,1447.8264113343223
9348-ROUAI,12.903886402512452,90.3,1165.2209421468744
4674-HGNUA,0.9838716394796361,89.9,88.45006038921929
6295-OSINB,0.0,109.65,0.0
2160-GPFXD,17.80302914354247,65.65,1168.7688632735633
0238-WHBIQ,0.0,89.7,0.0
5795-KTGUD,3.854204268630914,110.8,427.04583296430525
5897-ZYEKH,3.4300230894730612,105.6,362.2104382483553
5117-ZSMHQ,0.9811914018130348,89.9,88.20910702299183
1810-BOHSY,18.995655285026434,96.4,1831.1811694765483
9224-VTYID,24.742904309358746,90.5,2239.2328399969665
9500-IWPXQ,9.99009025231829,79.4,793.2131660340722
4504-YOULA,28.73455559507677,59.45,1708.269330127314
5038-ETMLM,0.0,113.65,0.0
8809-XKHMD,0.0,100.55,0.0
8336-TAVKX,0.0,78.45,0.0
1265-ZFOSD,7.815185898973951,81.3,635.3746135865822
5879-HMFFH,0.0,88.05,0.0
3810-DVDQQ,0.0,117.6,0.0
8849-GYOKR,16.250846916766307,106.55,1731.5277389814498
4827-LTQRJ,5.3533807507546385,110.6,592.083911033463
4900-MSOMT,0.0,80.2,0.0
8690-ZVLCL,3.950231395799344,88.0,347.6203628303423
1642-HMARX,3.882254975392059,91.7,356.00278124345186
3096-WPXBT,9.870522959124074,100.7,993.9616619837942
4806-DXQCE,1.9007189416288577,113.65,216.0167077161197
4176-FXYBO,9.998255697239003,109.55,1095.3089116325327
6719-FGEDO,0.0,97.0,0.0
8174-TBVCF,1.9637824891609807,94.8,186.16657997246097
3508-VLHCZ,0.9791939366939386,90.55,88.66601096763614
3982-DQLUS,1.4644965061413968,85.75,125.58057540162477
0975-UYDTX,45.07220075329992,90.1,4061.0052878723222
0378-CJKPV,0.0,112.1,0.0
0853-TWRVK,0.0,105.6,0.0
1568-BEKZM,1.9729966059117894,90.05,177.66834436235663
7925-PNRGI,21.43153761941946,81.3,1742.3840084588019
3569-JFODW,0.0,90.95,0.0
0795-GMVQO,4.425567681232578,109.9,486.3698881674603
1545-JFUML,0.9035394341147333,99.0,89.45040397735859
6473-ULUHT,48.21698128788186,84.9,4093.62171134117
4227-OJHAL,3.5323198069154795,73.0,257.85934590483
4877-TSOFF,16.050811571754927,75.75,1215.8489765604359
2984-TBYKU,0.0,104.9,0.0
9385-NXKDA,0.0,82.65,0.0
8631-NBHFZ,5.938998431449993,79.4,471.55647545712947
6701-YVNQG,0.0,88.7,0.0
4304-XUMGI,21.7927410663207,75.15,1637.7244911340008
8819-ZBYNA,13.740554263365976,109.1,1499.0944701332278
9481-IEBZY,0.0,112.9,0.0
9065-ZCPQX,0.0,78.85,0.0
5089-IFSDP,13.694022598984194,109.45,1498.81077345882
0237-YFUTL,15.484328498071989,109.65,1697.8566198135936
2223-GDSHL,0.969978383226036,116.05,112.56599137338148
2176-OSJUV,0.9701951070518265,65.15,63.208211224426506
3786-WOVKF,0.0,106.85,0.0
5989-AXPUC,3.864849395358563,118.6,458.37113828952556
8015-IHCGW,0.0,115.5,0.0
9278-VZKCD,10.487474443285024,109.1,1144.183461762396
8261-GWDBQ,11.829252139194265,116.05,1372.7847107534944
3882-IYOIJ,11.86474084841149,115.25,1367.4113827794242
7964-YESJC,37.80980274602247,66.3,2506.78992206129
5915-ANOEI,1.9386042380820891,79.15,153.44052544419736
8915-NNTRC,0.0,107.7,0.0
6242-FEGFD,5.803335783505941,96.6,560.6022366866738
9823-EALYC,0.0,80.85,0.0
5803-NQJZO,0.0,67.8,0.0
0266-GMEAO,0.0,114.3,0.0
1325-USMEC,1.913106471470236,99.35,190.06712794056793
2235-EZAIK,0.0,79.2,0.0
2190-PHBHR,0.0,94.45,0.0
8670-MEFCP,35.83635986821364,92.9,3329.1978317570474
9253-VIFJQ,6.435595296789295,67.05,431.5066646497222
0906-QVPMS,0.0,115.15,0.0
7103-ZGVNT,2.703919826795979,73.7,199.27889123486366
0017-IUDMW,0.0,116.8,0.0
5451-YHYPW,0.0,115.75,0.0
7629-WFGLW,14.394856594523935,95.65,1376.8680332662145
5153-LXKDT,3.77654758115119,110.2,416.17554344286117
2683-BPJSO,24.944242989449908,84.45,2106.541320459045
2121-JAFOM,0.0,115.55,0.0
1227-UDMZR,0.0,91.15,0.0
9170-CCKOU,46.83424120766754,90.2,4224.448556931612
2167-FQSTQ,0.0,92.4,0.0
1506-YJTYT,26.81463438739645,73.85,1980.2607495092277
2789-CZANW,7.839610129816746,110.3,864.708997318787
2931-SVLTV,25.72133841781478,110.1,2831.919359801407
5325-UWTWJ,32.77029843303775,90.55,2967.3505231115682
9351-LZYGF,24.24906461409116,66.4,1610.1378903756531
0595-ITUDF,2.461145907635253,91.8,225.93319432091621
1088-CNNKB,8.60099204152214,80.0,688.0793633217712
7663-YJHSN,0.0,103.95,0.0
7576-JMYWV,16.383884356510826,110.2,1805.5040560874932
0420-TXVSG,5.868178050838999,66.1,387.8865691604578
3059-NGMXB,46.98592695640848,69.2,3251.4261453834665
3486-HOOGQ,1.9639725479608685,79.7,156.52861207248122
0577-WHMEV,41.56398764489613,90.7,3769.8536793920794
7821-DPRQE,1.0217803415168356,107.7,110.0457427813632
7975-JMZNT,5.933584337249687,91.7,544.1096837257962
0442-ZXKVS,17.016601535664712,115.6,1967.1191375228407
9489-JMTTN,0.0,89.75,0.0
8580-QVLOC,0.0,92.45,0.0
4077-HWUYD,0.0,87.55,0.0
3934-HXCFZ,34.21572031646695,99.25,3395.910241409345
5339-TJFEK,3.0173391296332164,105.5,318.32927817630434
5914-XRFQB,0.0,115.8,0.0
5322-TEUJK,0.9724164891044121,114.6,111.43892965136563
6122-LJADA,1.9672189902234134,90.15,177.34479196864072
2400-XIWIO,0.9642066392073134,90.1,86.87501819257893
7569-NMZYQ,0.0,118.75,0.0
1741-WTPON,15.737599667182701,115.85,1823.200921443116
2889-FPWRM,0.0,117.8,0.0
9499-XPZXM,0.0,64.75,0.0
8513-OLYGY,0.0,115.8,0.0
5172-RKOCB,0.0,108.95,0.0
9415-ZNBSX,1.9612886511175935,89.0,174.55468994946582
8218-FFJDS,0.0,86.4,0.0
5855-EIBDE,22.801221277478636,106.65,2431.7502492430967
7550-WIQVA,19.402537326451498,108.25,2100.3246655883745
0016-QLJIS,6.846785641996336,90.45,619.2917613185685
5176-OLSKT,5.872896436940281,66.9,392.89677163130483
5073-RZGBK,21.215168874052633,80.05,1698.2742683679132
3050-RLLXC,15.882175534241004,81.25,1290.4267621570816
9298-WGMRW,0.0,115.5,0.0
8760-ZRHKE,0.6998687312316502,69.2,48.4309162012302
3892-NXAZG,0.0,114.05,0.0
0988-AADSA,0.0,80.85,0.0
5906-DVAPM,16.04898600399626,75.0,1203.6739502997193
8041-TMEID,8.838271124567848,108.5,958.9524170156116
2302-ANTDP,17.345770171573015,117.45,2037.2607066512508
9746-MDMBK,23.92691704997657,113.45,2714.508739319842
8639-NHQEI,0.0,95.9,0.0
0562-FGDCR,0.0,74.55,0.0
7839-NUIAA,4.664184970996819,59.8,278.9182612656097
2272-WUSPA,0.0,110.75,0.0
0060-FUALY,3.424960103047291,94.75,324.51496976373085
7852-LECYP,49.90435486594397,93.8,4681.0284864255445
0052-DCKON,5.53451304857829,115.8,640.896611025366
9699-UBQFS,14.186188685190873,94.5,1340.5948307505375
6502-HCJTI,54.45801741602262,94.7,5157.174249297343
0363-SVHYR,0.9820528713250941,86.85,85.29129187458442
9258-CNWAC,0.9740902550050695,113.65,110.70535748132616
4188-FRABG,8.128471909474086,103.05,837.6390302713046
6196-HBOBZ,6.611229487632451,99.35,656.8256495962839
5727-MYATE,0.0,90.8,0.0
7570-WELNY,3.7647432176812803,84.7,318.87375053760445
5982-PSMKW,48.821119122400106,91.1,4447.603952050649
8591-TKMZH,12.61396674933394,111.1,1401.4117058510008
1841-YSJGV,0.0,109.95,0.0
2615-YVMYX,0.1223060013803956,107.5,13.147895148392527
4393-GEADV,1.95982398344899,114.75,224.8898021007716
7399-QHBJS,0.0,66.75,0.0
2927-CVULT,18.771434845447327,104.05,1953.1677956687943
2144-BFDSO,16.2564711715915,108.75,1767.8912399105757
6171-ZTVYB,24.15735901886779,66.25,1600.425034999991
0334-ZFJSR,15.94312165348314,66.05,1053.0431852125614
9788-HNGUT,0.0,116.95,0.0
5375-XLDOF,2.9288442585586116,114.35,334.9133409661772
1172-VIYBP,18.757122217946044,69.7,1307.3714185908393
9227-YBAXE,6.874423592122481,82.5,567.1399463501047
7929-SKFGK,1.9566879277270854,114.3,223.64943013920586
6435-VWCCY,6.7400903710412114,92.7,624.8063773955204
9488-FVZCC,0.0,79.5,0.0
0580-PIQHM,29.138409500167032,101.6,2960.46240521697
1696-HXOWK,0.5605185286622268,95.65,53.613597266542
9574-RKJIF,25.40411147708041,94.4,2398.148123436391
8029-XYPWT,0.9700461954049479,115.05,111.60381478133925
9572-MTILT,6.882000334947231,106.75,734.653535755617
0675-NCDYU,0.0,116.4,0.0
2270-CHBFN,21.95575091913669,95.1,2087.991912409899
1492-KGETH,1.8498652292199207,78.35,144.93694070938076
2225-ZRGSG,1.944151331190782,93.9,182.55580999881445
5271-YNWVR,3.846329986601314,113.15,435.2122379839387
3913-FCUUW,0.0,70.45,0.0
3301-VKTGC,3.1103023270749537,85.5,265.93084896490853
5915-DGNVC,21.081814620791235,71.8,1513.6742897728107
5287-QWLKY,0.2609416283461955,105.1,27.424965139185144
6408-WHTEF,0.0,89.4,0.0
5135-GRQJV,0.0,114.5,0.0
1421-HCERK,35.927834642276295,105.7,3797.5721216886045
1265-XTECC,3.2106669826481564,96.55,309.98989717467947
3407-JMJQQ,0.9504708064890158,109.0,103.60131790730273
4291-TPNFG,0.0,82.3,0.0
6087-YPWHO,0.0,68.15,0.0
1169-WCVAK,44.165458041624724,88.8,3921.892674096275
8099-MZPUJ,23.825796937605997,111.8,2663.72409762435
3396-DKDEL,1.948065255900795,115.15,224.31971421697654
9958-MEKUC,0.0,103.95,0.0
9114-VEPUF,7.849822689527007,96.1,754.3679604635453
2194-IIQOF,0.9811229824827548,89.3,87.61428233571
5828-DWPIL,3.4763077447034325,89.1,309.7390200530758
0687-ZVTHB,6.505529240364061,72.45,471.32559346437625
3779-OSWCF,0.9819140305042434,93.2,91.51438764299549
1555-DJEQW,1.9435529368230928,114.2,221.9537453851972
8085-MSNLK,9.75322193828275,113.95,1111.3796398673194
9691-HKOVS,15.735215203666224,90.15,1418.52965061051
4024-CSNBY,0.0,94.25,0.0
9114-DPSIA,0.0,81.0,0.0
6198-PNNSZ,14.732709715538206,109.8,1617.651526766095
3726-TBHQT,0.9692993899558748,114.0,110.50013045496974
4833-QTJNO,1.9061475905074154,83.85,159.83047546404677
2925-VDZHY,0.0,88.7,0.0
4718-WXBGI,0.0,91.95,0.0
8559-CIZFV,49.16733960123284,77.5,3810.468819095545
1090-PYKCI,2.628365081696386,105.1,276.2411700862902
0909-SELIE,10.882159311123642,80.8,879.2784723387903
7162-WPHPM,13.892472836178381,71.6,994.701055070372
1452-UZOSF,0.0,106.1,0.0
8265-HKSOW,0.0,107.45,0.0
3544-FBCAS,0.0,83.6,0.0
0864-FVJNJ,7.007631099470642,113.35,794.3149851249973
8079-XRJRS,5.497097607929604,89.75,493.36451031168195
3258-ZKPAI,0.0,116.6,0.0
3865-ZYKAD,0.8283810446246236,84.9,70.32955068863055
6332-FBZRI,4.643783594089736,69.35,322.0463922501231
2205-LPVGL,12.78512994044147,89.85,1148.743925148666
4868-AADLV,5.177282215225107,116.25,601.8590575199187
1150-FTQGN,10.456444436957007,94.15,984.4742437395023
1177-XZBJL,18.12209292285421,64.15,1162.5322610010978
3518-FSTWG,0.0,109.55,0.0
5708-EVONK,7.087309942464079,93.4,661.954748626145
1444-VVSGW,1.799192589553967,115.65,208.0766229819163
1548-FEHVL,3.305556103053447,106.2,351.0500581442761
3795-CAWEX,1.9527899427490634,116.55,227.59766782740334
6258-PVZWJ,3.942697364470123,90.8,357.99692069388715
6437-UDQJM,0.0,84.1,0.0
9259-PACGQ,28.554017712368193,62.65,1788.9092096798672
3468-DRVQJ,58.84761310072061,70.3,4136.987200980659
3967-KXAPS,0.0,92.3,0.0
5274-XHAKY,20.42704223984817,94.3,1926.2700832176824
4526-RMTLL,63.75740382810655,76.15,4855.126301510314
6253-GNHWH,0.9625052675427339,71.1,68.43412452228837
2380-DAMQP,0.0,115.15,0.0
8469-SNFFH,1.830441918806379,79.4,145.3370883532265
4114-QMKVN,14.828509894490125,68.75,1019.4600552461961
9739-JLPQJ,0.0,117.5,0.0
1320-GVNHT,0.0,108.4,0.0
3541-ZNUHK,5.654432788991286,85.1,481.1922303431584
0270-THENM,0.0,69.85,0.0
9940-HPQPG,53.732904719058446,91.75,4929.9940079736125
6369-MCAKO,3.9365034231547185,89.05,350.54562983192767
5820-PTRYM,15.27486645087,68.45,1045.5646085620515
2904-GGUAZ,0.0,84.05,0.0
7619-PLRLP,18.003443475049956,74.1,1334.0551615012016
4710-NKCAW,61.810192112242994,64.4,3980.576372028449
7789-CRUVC,7.373570936793014,94.2,694.5903822459019
1904-WAJAA,47.48450829315919,64.35,3055.6281086647937
6439-PKTRR,1.936607293610458,80.7,156.28420859436395
6691-CCIHA,9.71748542758503,84.95,825.5003870733484
3605-JISKB,15.870089460536786,60.0,952.2053676322072
